<?xml version="1.0" encoding="UTF-8"?>
<kml xmlns="http://www.opengis.net/kml/2.2">
  <Document>
    <name>Mapa de AMBA - Sintaccto.com</name>
    <description>Restaurantes y otros establecimientos gastronómicos que ofrecen opciones libres de gluten.</description>
    <Style id="icon-1577-FFEA00-labelson">
      <IconStyle>
        <color>ff00eaff</color>
        <scale>1</scale>
        <Icon>
          <href>https://www.gstatic.com/mapspro/images/stock/503-wht-blank_maps.png</href>
        </Icon>
      </IconStyle>
    </Style>
    <Style id="icon-1578-E65100-labelson">
      <IconStyle>
        <color>ff0051e6</color>
        <scale>1</scale>
        <Icon>
          <href>https://www.gstatic.com/mapspro/images/stock/503-wht-blank_maps.png</href>
        </Icon>
      </IconStyle>
    </Style>
    <Style id="icon-1879-FFEA00-labelson">
      <IconStyle>
        <color>ff00eaff</color>
        <scale>1</scale>
        <Icon>
          <href>https://www.gstatic.com/mapspro/images/stock/503-wht-blank_maps.png</href>
        </Icon>
      </IconStyle>
    </Style>
    <Folder>
      <name>Ciudad de Buenos Aires</name>
      <Placemark>
        <name>7 VIDAS DRINKS AND BEER</name>
        <description><![CDATA[-Tipo de comercio: Restobar<br><br>-Modalidad: Salón / Take away / Delivery <br><br>-Tipo de producto: Productos marca Panmana, Milkaut, McCain<br><br>-Nivel de cuidados: Cocina mixta con cuidados en contaminación cruzada<br><br><br>-Horarios de atención:<br>Lunes - Cerrado<br>Martes - 17.30 a 1.30 horas<br>Miércoles - 17.30 a 1.30 horas<br>Jueves - 17.30 a 1.30 horas<br>Viernes - 17.30 a 1.30 horas<br>Sábado - 17.30 a 1.30 horas<br>Domingo - 17.30 a 1.30 horas<br><br>Nombre: ]]></description>
        <styleUrl>#icon-1577-FFEA00-labelson</styleUrl>
        <ExtendedData>
          <Data name="Nombre">
            <value/>
          </Data>
        </ExtendedData>
        <Point>
          <coordinates>
            -58.5042373,-34.6385193,0
          </coordinates>
        </Point>
      </Placemark>
      <Placemark>
        <name>7 Vidas Take Away</name>
        <description><![CDATA[-Tipo de comercio: Hamburguesería<br><br>-Modalidad: Take away / Delivery propio / Envío por app<br><br>-Tipo de producto: Elaboración propia<br><br>-Materia prima: Certificada sin gluten<br><br>-Cocina: Cocina mixta con cuidados en contaminación cruzada<br><br>-Horarios de atención:<br>Lunes - 11 a 15 y de 19 a 0 horas<br>Martes - 11 a 15 y de 19 a 0 horas<br>Miércoles - 11 a 15 y de 19 a 0 horas<br>Jueves - 11 a 15 y de 19 a 0 horas<br>Viernes - 11 a 15 y de 19 a 0 horas<br>Sábado - 11 a 15 y de 19 a 0 horas<br>Domingo - 19 a 0 horas<br><br>Instagram: @vivi7vidas<br><br>Nombre: ]]></description>
        <styleUrl>#icon-1578-E65100-labelson</styleUrl>
        <ExtendedData>
          <Data name="Nombre">
            <value/>
          </Data>
        </ExtendedData>
        <Point>
          <coordinates>
            -58.5092911,-34.6388266,0
          </coordinates>
        </Point>
      </Placemark>
      <Placemark>
        <name>Alba Bodegón Cervecería</name>
        <description><![CDATA[-Tipo de comercio: Restaurante / Bodegón / Cervecería<br><br>-Modalidad: Salón / Take away / Envío por app <br><br>-Tipo de producto: Elaboración propia <br><br>-Materia prima: Certificada sin gluten<br><br>-Cocina: Cocina mixta con cuidados en contaminación cruzada<br><br>-Cuidados para evitar la contaminación cruzada: Personal con conocimiento en la manipulación de estos alimentos<br><br>-Horarios de atención:<br>Lunes - Cerrado<br>Martes - Cerrado<br>Miércoles - 18 a 23 horas<br>Jueves - 18 a 23 horas<br>Viernes - 10 a 0 horas<br>Sábado - 10 a 0 horas<br>Domingo - 10 a 20 horas<br><br>Instagram: @albabodegoncerveceria<br><br>Nombre: ]]></description>
        <styleUrl>#icon-1577-FFEA00-labelson</styleUrl>
        <ExtendedData>
          <Data name="Nombre">
            <value/>
          </Data>
        </ExtendedData>
        <Point>
          <coordinates>
            -58.3740734,-34.6215732,0
          </coordinates>
        </Point>
      </Placemark>
      <Placemark>
        <name>ALMA BUENOS AIRES</name>
        <description><![CDATA[-Tipo de comercio: Restaurante<br><br>-Modalidad: Salón<br><br>-Tipo de producto: Elaboración propia<br><br>-Materia prima: Certificada sin TACC<br><br>-Nivel de cuidados: Cocina mixta con cuidados en contaminación cruzada<br><br>-Horarios de atención:<br>Lunes - 12 a 15 y 19.30 a 23.30 horas<br>Martes - 12 a 15 y 19.30 a 23.30 horas<br>Miércoles - 12 a 15 y 19.30 a 23.30 horas<br>Jueves - 12 a 15 y 19.30 a 23.30 horas<br>Viernes - 12 a 15 y 19.30 a 23.30 horas<br>Sábado - 12 a 15 y 19.30 a 23.30 horas<br>Domingo - 12 a 15 y 19.30 a 23.30 horas<br><br>Nombre: ]]></description>
        <styleUrl>#icon-1577-FFEA00-labelson</styleUrl>
        <ExtendedData>
          <Data name="Nombre">
            <value/>
          </Data>
        </ExtendedData>
        <Point>
          <coordinates>
            -58.3840089,-34.5894924,0
          </coordinates>
        </Point>
      </Placemark>
      <Placemark>
        <name>Almacén de Pizzas</name>
        <description><![CDATA[-Tipo de comercio: Pizzería<br><br>-Modalidad: Salón / Take away / Delivery<br><br>-Tipo de producto: Productos marca Glufreez; en sucursal se les agregan los ingredientes y se cocinan<br><br>-Nivel de cuidados: Cocina mixta con cuidados para evitar la contaminación cruzada<br><br>-Horarios de atención:<br>Lunes - 9 a 0 horas<br>Martes - 9 a 0 horas<br>Miércoles - 9 a 0 horas<br>Jueves - 9 a 0 horas<br>Viernes - 9 a 1 horas<br>Sábado - 9 a 1 horas<br>Domingo - 9 a 0 horas<br><br>Nombre: ]]></description>
        <styleUrl>#icon-1577-FFEA00-labelson</styleUrl>
        <ExtendedData>
          <Data name="Nombre">
            <value/>
          </Data>
        </ExtendedData>
        <Point>
          <coordinates>
            -58.4118249,-34.5794903,0
          </coordinates>
        </Point>
      </Placemark>
      <Placemark>
        <name>Almacén de Pizzas | Colegiales</name>
        <description><![CDATA[-Tipo de comercio: Pizzería<br><br>-Modalidad: Salón / Take away / Delivery<br><br>-Tipo de producto: Productos marca Glufreez; en sucursal se les agregan los ingredientes y se cocinan<br><br>-Nivel de cuidados: Cocina mixta con cuidados para evitar la contaminación cruzada<br><br>-Horarios de atención:<br>Lunes - 11 a 0 horas<br>Martes - 11 a 0 horas<br>Miércoles - 11 a 0 horas<br>Jueves - 11 a 0 horas<br>Viernes - 11 a 0 horas<br>Sábado - 11 a 0 horas<br>Domingo - 11 a 0 horas<br><br>Nombre: ]]></description>
        <styleUrl>#icon-1577-FFEA00-labelson</styleUrl>
        <ExtendedData>
          <Data name="Nombre">
            <value/>
          </Data>
        </ExtendedData>
        <Point>
          <coordinates>
            -58.4585863,-34.5712912,0
          </coordinates>
        </Point>
      </Placemark>
      <Placemark>
        <name>Almacén de Pizzas - Nuñez</name>
        <description><![CDATA[-Tipo de comercio: Pizzería<br><br>-Modalidad: Salón / Take away / Delivery<br><br>-Tipo de producto: Productos marca Glufreez; en sucursal se les agregan los ingredientes y se cocinan<br><br>-Nivel de cuidados: Cocina mixta con cuidados para evitar la contaminación cruzada<br><br>-Horarios de atención:<br>Lunes - 9.30 a 0 horas<br>Martes - 9.30 a 0 horas<br>Miércoles - 9.30 a 0 horas<br>Jueves - 9.30 a 0 horas<br>Viernes - 9.30 a 1.30 horas<br>Sábado - 9.30 a 1.30 horas<br>Domingo - 9.30 a 0 horas<br><br>Nombre: ]]></description>
        <styleUrl>#icon-1577-FFEA00-labelson</styleUrl>
        <ExtendedData>
          <Data name="Nombre">
            <value/>
          </Data>
        </ExtendedData>
        <Point>
          <coordinates>
            -58.4531392,-34.5507438,0
          </coordinates>
        </Point>
      </Placemark>
      <Placemark>
        <name>Almacén de Pizzas Palermo Hollywood</name>
        <description><![CDATA[-Tipo de comercio: Pizzería<br><br>-Modalidad: Salón / Take away / Delivery<br><br>-Tipo de producto: Productos marca Glufreez; en sucursal se les agregan los ingredientes y se cocinan<br><br>-Nivel de cuidados: Cocina mixta con cuidados para evitar la contaminación cruzada<br><br>-Horarios de atención:<br>Lunes - 10 a 0 horas<br>Martes - 10 a 0 horas<br>Miércoles - 10 a 0 horas<br>Jueves - 10 a 0 horas<br>Viernes - 10 a 1 horas<br>Sábado - 10 a 1 horas<br>Domingo - 10 a 0 horas.<br><br>Nombre: ]]></description>
        <styleUrl>#icon-1577-FFEA00-labelson</styleUrl>
        <ExtendedData>
          <Data name="Nombre">
            <value/>
          </Data>
        </ExtendedData>
        <Point>
          <coordinates>
            -58.4337444,-34.5817167,0
          </coordinates>
        </Point>
      </Placemark>
      <Placemark>
        <name>Almacén de Pizzas Pedro Goyena</name>
        <description><![CDATA[-Tipo de comercio: Pizzería<br><br>-Modalidad: Salón / Take away / Delivery<br><br>-Tipo de producto: Productos marca Glufreez; en sucursal se les agregan los ingredientes y se cocinan<br><br>-Nivel de cuidados: Cocina mixta con cuidados para evitar la contaminación cruzada<br><br>-Horarios de atención:<br>Lunes - 8 a 0 horas<br>Martes - 8 a 0 horas<br>Miércoles - 8 a 0 horas<br>Jueves - 8 a 0 horas<br>Viernes - 8 a 1.30 horas<br>Sábado - 9 a 1.30 horas<br>Domingo - 9 a 0 horas.<br><br>Nombre: ]]></description>
        <styleUrl>#icon-1577-FFEA00-labelson</styleUrl>
        <ExtendedData>
          <Data name="Nombre">
            <value/>
          </Data>
        </ExtendedData>
        <Point>
          <coordinates>
            -58.4316931,-34.625344,0
          </coordinates>
        </Point>
      </Placemark>
      <Placemark>
        <name>Almacén de Pizzas Recoleta</name>
        <description><![CDATA[-Tipo de comercio: Pizzería<br><br>-Modalidad: Salón / Take away / Delivery<br><br>-Tipo de producto: Productos marca Glufreez; en sucursal se les agregan los ingredientes y se cocinan<br><br>-Nivel de cuidados: Cocina mixta con cuidados para evitar la contaminación cruzada<br><br>-Horarios de atención:<br>Lunes - 8 a 0 horas<br>Martes - 8 a 0 horas<br>Miércoles - 8 a 0 horas<br>Jueves - 8 a 0 horas<br>Viernes - 8 a 1 horas<br>Sábado - 9 a 1 horas<br>Domingo - 9 a 0 horas.<br><br>Nombre: ]]></description>
        <styleUrl>#icon-1577-FFEA00-labelson</styleUrl>
        <ExtendedData>
          <Data name="Nombre">
            <value/>
          </Data>
        </ExtendedData>
        <Point>
          <coordinates>
            -58.3981331,-34.5913319,0
          </coordinates>
        </Point>
      </Placemark>
      <Placemark>
        <name>Almacen de Pizzas - Villa Devoto</name>
        <description><![CDATA[-Tipo de comercio: Pizzería<br><br>-Modalidad: Salón / Take away / Delivery<br><br>-Tipo de producto: Productos marca Glufreez; en sucursal se les agregan los ingredientes y se cocinan<br><br>-Nivel de cuidados: Cocina mixta con cuidados para evitar la contaminación cruzada<br><br>-Horarios de atención:<br>Lunes - 9 a 0 horas<br>Martes - 9 a 0 horas<br>Miércoles - 9 a 0 horas<br>Jueves - 9 a 0 horas<br>Viernes - 9 a 1.30 horas<br>Sábado - 9 a 1.30 horas<br>Domingo - 9 a 0 horas<br><br>Nombre: ]]></description>
        <styleUrl>#icon-1577-FFEA00-labelson</styleUrl>
        <ExtendedData>
          <Data name="Nombre">
            <value/>
          </Data>
        </ExtendedData>
        <Point>
          <coordinates>
            -58.5121615,-34.6008211,0
          </coordinates>
        </Point>
      </Placemark>
      <Placemark>
        <name>Almacén de Pizzas Villa Urquiza</name>
        <description><![CDATA[-Tipo de comercio: Pizzería<br><br>-Modalidad: Salón / Take away / Delivery<br><br>-Tipo de producto: Productos marca Glufreez; en sucursal se les agregan los ingredientes y se cocinan<br><br>-Nivel de cuidados: Cocina mixta con cuidados para evitar la contaminación cruzada<br><br>-Horarios de atención:<br>Lunes - 9 a 0 horas<br>Martes - 9 a 0 horas<br>Miércoles - 9 a 0 horas<br>Jueves - 9 a 0 horas<br>Viernes - 9 a 1.30 horas<br>Sábado - 9 a 1.30 horas<br>Domingo - 10 a 0 horas.<br><br>Nombre: ]]></description>
        <styleUrl>#icon-1577-FFEA00-labelson</styleUrl>
        <ExtendedData>
          <Data name="Nombre">
            <value/>
          </Data>
        </ExtendedData>
        <Point>
          <coordinates>
            -58.486117,-34.578757,0
          </coordinates>
        </Point>
      </Placemark>
      <Placemark>
        <name>Almirante Dönn Cerveza</name>
        <description><![CDATA[-Tipo de comercio: Bar<br><br>-Modalidad: Consumo en salón<br><br>-Tipo de producto: Elaboración propia<br><br>-Materia prima: Certificada sin gluten<br><br>-Cocina: Cocina 100% libre de gluten<br><br>-Horarios de atención:<br>Lunes - Cerrado<br>Martes - Cerrado<br>Miércoles - Cerrado<br>Jueves - Cerrado<br>Viernes - 18 a 0 horas<br>Sábado - 18 a 0 horas<br>Domingo - Cerrado<br><br>Instagram: @almirantedonn<br><br>Nombre: ]]></description>
        <styleUrl>#icon-1879-FFEA00-labelson</styleUrl>
        <ExtendedData>
          <Data name="Nombre">
            <value/>
          </Data>
        </ExtendedData>
        <Point>
          <coordinates>
            -58.4120515,-34.6063452,0
          </coordinates>
        </Point>
      </Placemark>
      <Placemark>
        <name>Amitié Cafeteria Sin Gluten</name>
        <description><![CDATA[-Tipo de comercio: Cafetería<br><br>-Modalidad: Salón / Take away<br><br>-Tipo de producto: Elaboración propia<br><br>-Materia prima: Certificada sin TACC<br><br>-Nivel de cuidados: Cocina 100% libre de gluten<br><br>-Horarios de atención:<br>Lunes - Cerrado<br>Martes - Cerrado<br>Miércoles - 9 a 20 horas<br>Jueves - 9 a 20 horas<br>Viernes - 9 a 20 horas<br>Sábado - 9 a 20 horas<br>Domingo - 9 a 20 horas<br><br>Nombre: ]]></description>
        <styleUrl>#icon-1577-FFEA00-labelson</styleUrl>
        <ExtendedData>
          <Data name="Nombre">
            <value/>
          </Data>
        </ExtendedData>
        <Point>
          <coordinates>
            -58.4219966,-34.5940417,0
          </coordinates>
        </Point>
      </Placemark>
      <Placemark>
        <name>Aripo</name>
        <description><![CDATA[-Tipo de comercio: Restaurante<br><br>-Tipo de producto: Elaboración propia<br><br>-Materia prima: Certificada sin gluten<br><br>-Cocina: Cocina mixta con cuidados en contaminación cruzada<br><br>-Cuidados para evitar la CC: Utensilios exclusivos para la cocción de los alimentos sin gluten / Personal con conocimiento en la manipulación de estos alimentos<br><br>-Modalidad: Consumo en salón / Delivery propio / Envío por app / Take away<br><br>-Horarios de atención:<br>Lunes - 16 a 23 horas<br>Martes - 16 a 23 horas<br>Miércoles - 16 a 23 horas<br>Jueves - 16 a 23 horas<br>Viernes - 16 a 23 horas<br>Sábado - 16 a 23 horas<br>Domingo - Cerrado<br><br>Instagram: @aripobuenosaires<br><br>Nombre: Aripo]]></description>
        <styleUrl>#icon-1577-FFEA00-labelson</styleUrl>
        <ExtendedData>
          <Data name="Nombre">
            <value>Aripo</value>
          </Data>
        </ExtendedData>
        <Point>
          <coordinates>
            -58.4225017,-34.6097851,0
          </coordinates>
        </Point>
      </Placemark>
      <Placemark>
        <name>Aroha Cervecería</name>
        <description><![CDATA[-Tipo de comercio: Hamburguesería<br><br>-Modalidad: Salón / Take away / Delivery<br><br>-Tipo de producto: Elaboración propia<br><br>-Materia prima: Certificada sin TACC<br><br>-Nivel de cuidados: Cocina mixta con cuidados en contaminación cruzada<br><br>Comentario del lugar: "Nuestra carta tiene el 80% de productos sin TACC. No hay contaminación cruzada porque los pocos productos que no son aptos están cerrados al vacío y la persona que lo maneja no es la misma que el resto". <br><br>-Horarios de atención:<br>Lunes - Cerrado<br>Martes - 18 a 0 horas<br>Miércoles - 18 a 0 horas<br>Jueves - 18 a 0 horas<br>Viernes - 18 a 2 horas<br>Sábado - 18 a 2 horas<br>Domingo - Cerrado<br><br>Nombre: ]]></description>
        <styleUrl>#icon-1577-FFEA00-labelson</styleUrl>
        <ExtendedData>
          <Data name="Nombre">
            <value/>
          </Data>
        </ExtendedData>
        <Point>
          <coordinates>
            -58.4248817,-34.5952298,0
          </coordinates>
        </Point>
      </Placemark>
      <Placemark>
        <name><![CDATA[Anatani Yummy & Gluten Free]]></name>
        <description><![CDATA[-Tipo de comercio: Despacho<br><br>-Modalidad: Take away / Delivery<br><br>-Tipo de producto: Elaboración propia<br><br>-Nivel de cuidados: Cocina 100% libre de gluten<br><br>-Horarios de atención:<br>Lunes - 11 a 21 horas<br>Martes - 11 a 21 horas<br>Miércoles - 11 a 21 horas<br>Jueves - 11 a 21 horas<br>Viernes - 11 a 21 horas<br>Sábado - 11 a 21 horas<br>Domingo - Cerrado<br><br>Nombre: ]]></description>
        <styleUrl>#icon-1577-FFEA00-labelson</styleUrl>
        <ExtendedData>
          <Data name="Nombre">
            <value/>
          </Data>
        </ExtendedData>
        <Point>
          <coordinates>
            -58.4630776,-34.565927,0
          </coordinates>
        </Point>
      </Placemark>
      <Placemark>
        <name>Asian Cantina</name>
        <description><![CDATA[-Tipo de comercio: Restaurante<br><br>-Modalidad: Salón / Take away <br><br>-Tipo de producto: Elaboración propia<br><br>-Materia prima: Certificada sin TACC<br><br>-Nivel de cuidados: Cocina mixta con cuidados en contaminación cruzada<br><br>-Horarios de atención:<br>Lunes - 19.30 a 23.30 horas<br>Martes - 19.30 a 23.30 horas<br>Miércoles - 19.30 a 23.30 horas<br>Jueves - 19.30 a 23.30 horas<br>Viernes - 19.30 a 0 horas<br>Sábado - 12.30 a 15.30 y 19.30 a 0 horas<br>Domingo - Cerrado<br><br>Nombre: ]]></description>
        <styleUrl>#icon-1577-FFEA00-labelson</styleUrl>
        <ExtendedData>
          <Data name="Nombre">
            <value/>
          </Data>
        </ExtendedData>
        <Point>
          <coordinates>
            -58.4361479,-34.585323,0
          </coordinates>
        </Point>
      </Placemark>
      <Placemark>
        <name>Ay Cariño</name>
        <description><![CDATA[-Tipo de comercio: Restaurante<br><br>-Modalidad: Salón <br><br>-Tipo de producto: Productos marca Vichenzo<br><br>-Nivel de cuidados: Cocina mixta con cuidados en contaminación cruzada<br><br>Comentario del lugar: "Las opciones que tienen el simbolo sin tacc, son 100% libre de gluten".<br><br>-Horarios de atención:<br>Lunes - Cerrado<br>Martes - 12 a 20 horas<br>Miércoles - 12 a 20 horas<br>Jueves - 12 a 1 horas<br>Viernes - 12 a 1 horas<br>Sábado - 12 a 1 horas<br>Domingo - 12 a 20 horas<br><br>Nombre: ]]></description>
        <styleUrl>#icon-1577-FFEA00-labelson</styleUrl>
        <ExtendedData>
          <Data name="Nombre">
            <value/>
          </Data>
        </ExtendedData>
        <Point>
          <coordinates>
            -58.4153073,-34.6008558,0
          </coordinates>
        </Point>
      </Placemark>
      <Placemark>
        <name>Bäcke Gluten Free</name>
        <description><![CDATA[-Tipo de comercio: Cafetería / Pastelería<br><br>-Modalidad: Salón / Delivery propio<br><br>-Tipo de producto: Elaboración propia <br><br>-Materia prima: Certificada sin TACC<br><br>-Nivel de cuidados: Cocina 100% libre de gluten<br><br>-Horarios de atención:<br>Lunes - Cerrado<br>Martes - 9 a 19 horas<br>Miércoles - 9 a 19 horas<br>Jueves - 9 a 19 horas<br>Viernes - 9 a 19 horas<br>Sábado - 9 a 19 horas<br>Domingo - Cerrado<br><br>Nombre: ]]></description>
        <styleUrl>#icon-1577-FFEA00-labelson</styleUrl>
        <ExtendedData>
          <Data name="Nombre">
            <value/>
          </Data>
        </ExtendedData>
        <Point>
          <coordinates>
            -58.5031713,-34.5940653,0
          </coordinates>
        </Point>
      </Placemark>
      <Placemark>
        <name>Big Pons Belgrano</name>
        <description><![CDATA[-Tipo de comercio: Hamburguesería <br><br>-En el comercio se venden productos con gluten también<br><br><br>-Tipo de producto: Elaboración propia <br><br>-Materia prima: Certificada sin gluten<br><br>-Cocina: Cocina mixta con cuidados en contaminación cruzada<br><br>-Cuidados para evitar la CC: Utensilios exclusivos para la cocción de los alimentos sin gluten / Personal con conocimiento en la manipulación de estos alimentos<br><br>-Modalidad: Consumo en salón / Envío por app / Take away<br><br>-Horarios de atención:<br>Lunes - 12 a 0 horas<br>Martes - 12 a 0 horas<br>Miércoles - 12 a 0 horas<br>Jueves - 12 a 0 horas<br>Viernes - 12 a 0 horas<br>Sábado - 12 a 0 horas<br>Domingo - 12 a 0 horas<br><br>Instagram: @big.pons<br><br>Nombre: ]]></description>
        <styleUrl>#icon-1577-FFEA00-labelson</styleUrl>
        <ExtendedData>
          <Data name="Nombre">
            <value/>
          </Data>
        </ExtendedData>
        <Point>
          <coordinates>
            -58.4496068,-34.5537211,0
          </coordinates>
        </Point>
      </Placemark>
      <Placemark>
        <name>Big Pons Boedo</name>
        <description><![CDATA[-Tipo de comercio: Hamburguesería<br><br>-En el comercio se venden productos con gluten también<br><br><br>-Tipo de producto: Elaboración propia<br><br>-Materia prima: Certificada sin gluten<br><br>-Cocina: Cocina mixta con cuidados en contaminación cruzada<br><br>-Cuidados para evitar la CC: Utensilios exclusivos para la cocción de los alimentos sin gluten / Personal con conocimiento en la manipulación de estos alimentos<br><br>-Modalidad: Consumo en salón / Envío por app / Take away<br><br>-Horarios de atención:<br>Lunes - 12 a 0 horas<br>Martes - 12 a 0 horas<br>Miércoles - 12 a 0 horas<br>Jueves - 12 a 0 horas<br>Viernes - 12 a 0 horas<br>Sábado - 12 a 0 horas<br>Domingo - 12 a 0 horas<br><br>Instagram: @big.pons<br><br>Nombre: ]]></description>
        <styleUrl>#icon-1577-FFEA00-labelson</styleUrl>
        <ExtendedData>
          <Data name="Nombre">
            <value/>
          </Data>
        </ExtendedData>
        <Point>
          <coordinates>
            -58.4256695,-34.6260157,0
          </coordinates>
        </Point>
      </Placemark>
      <Placemark>
        <name>Big Pons Av Corrientes</name>
        <description><![CDATA[-Tipo de comercio: Hamburguesería<br><br>-En el comercio se venden productos con gluten también<br><br><br>-Tipo de producto: Elaboración propia<br><br>-Materia prima: Certificada sin gluten<br><br>-Cocina: Cocina mixta con cuidados en contaminación cruzada<br><br>-Cuidados para evitar la CC: Utensilios exclusivos para la cocción de los alimentos sin gluten / Personal con conocimiento en la manipulación de estos alimentos<br><br>-Modalidad: Consumo en salón / Envío por app / Take away<br><br>-Horarios de atención:<br>Lunes - 12 a 0 horas<br>Martes - 12 a 0 horas<br>Miércoles - 12 a 0 horas<br>Jueves - 12 a 0 horas<br>Viernes - 12 a 0 horas<br>Sábado - 12 a 0 horas<br>Domingo - 12 a 0 horas<br><br>Instagram: @big.pons<br><br>Nombre: ]]></description>
        <styleUrl>#icon-1577-FFEA00-labelson</styleUrl>
        <ExtendedData>
          <Data name="Nombre">
            <value/>
          </Data>
        </ExtendedData>
        <Point>
          <coordinates>
            -58.3915464,-34.6039714,0
          </coordinates>
        </Point>
      </Placemark>
      <Placemark>
        <name>Big Pons Palermo</name>
        <description><![CDATA[-Tipo de comercio: Hamburguesería<br><br>-En el comercio se venden productos con gluten también<br><br><br>-Tipo de producto: Elaboración propia<br><br>-Materia prima: Certificada sin gluten<br><br>-Cocina: Cocina mixta con cuidados en contaminación cruzada<br><br>-Cuidados para evitar la CC: Utensilios exclusivos para la cocción de los alimentos sin gluten / Personal con conocimiento en la manipulación de estos alimentos<br><br>-Modalidad: Consumo en salón / Envío por app / Take away<br><br>-Horarios de atención:<br>Lunes - 12 a 0 horas<br>Martes - 12 a 0 horas<br>Miércoles - 12 a 0 horas<br>Jueves - 12 a 0 horas<br>Viernes - 12 a 0 horas<br>Sábado - 12 a 0 horas<br>Domingo - 12 a 0 horas<br><br>Instagram: @big.pons<br><br>Nombre: ]]></description>
        <styleUrl>#icon-1577-FFEA00-labelson</styleUrl>
        <ExtendedData>
          <Data name="Nombre">
            <value/>
          </Data>
        </ExtendedData>
        <Point>
          <coordinates>
            -58.4358809,-34.5839909,0
          </coordinates>
        </Point>
      </Placemark>
      <Placemark>
        <name>Big Pons Puerto Madero</name>
        <description><![CDATA[-Tipo de comercio: Hamburguesería<br><br>-En el comercio se venden productos con gluten también<br><br><br>-Tipo de producto: Elaboración propia<br><br>-Materia prima: Certificada sin gluten<br><br>-Cocina: Cocina mixta con cuidados en contaminación cruzada<br><br>-Cuidados para evitar la CC: Utensilios exclusivos para la cocción de los alimentos sin gluten / Personal con conocimiento en la manipulación de estos alimentos<br><br>-Modalidad: Consumo en salón / Envío por app / Take away<br><br>-Horarios de atención:<br>Lunes - 12 a 0 horas<br>Martes - 12 a 0 horas<br>Miércoles - 12 a 0 horas<br>Jueves - 12 a 0 horas<br>Viernes - 12 a 0 horas<br>Sábado - 12 a 0 horas<br>Domingo - 12 a 0 horas<br><br>Instagram: @big.pons<br><br>Nombre: ]]></description>
        <styleUrl>#icon-1577-FFEA00-labelson</styleUrl>
        <ExtendedData>
          <Data name="Nombre">
            <value/>
          </Data>
        </ExtendedData>
        <Point>
          <coordinates>
            -58.3669665,-34.6016265,0
          </coordinates>
        </Point>
      </Placemark>
      <Placemark>
        <name>Border Devoto - Bar y Café de Especialidad</name>
        <description><![CDATA[-Tipo de comercio: Cafetería<br><br>-Modalidad: Salón / Take away / Delivery por app<br><br>-Tipo de producto: Elaboración propia / Productos marca Sintaxis <br><br>-Materia prima: Certificada sin TACC <br><br>-Nivel de cuidados: Cocina mixta con cuidados en contaminación cruzada<br><br>-Horarios de atención:<br>Lunes - 8 a 20 horas<br>Martes - 8 a 0 horas<br>Miércoles - 8 a 0 horas<br>Jueves - 8 a 0 horas<br>Viernes - 8 a 1.30 horas<br>Sábado - 8 a 1.30 horas<br>Domingo - 8 a 0 horas<br><br>Nombre: ]]></description>
        <styleUrl>#icon-1577-FFEA00-labelson</styleUrl>
        <ExtendedData>
          <Data name="Nombre">
            <value/>
          </Data>
        </ExtendedData>
        <Point>
          <coordinates>
            -58.517131,-34.5999779,0
          </coordinates>
        </Point>
      </Placemark>
      <Placemark>
        <name>Brava Bar Urquiza</name>
        <description><![CDATA[-Tipo de comercio: Cervecería<br><br>-Modalidad: Salón / Delivery<br><br>-Tipo de producto: Productos marca Glufreez<br><br>-Nivel de cuidados: Cocina mixta con cuidados en contaminación cruzada<br><br>-Horarios de atención:<br>Lunes - 17 a 1.30 horas<br>Martes - 17 a 1.30 horas<br>Miércoles - 17 a 1.30 horas<br>Jueves - 17 a 1.30 horas<br>Viernes - 17 a 2.30 horas<br>Sábado - 17 a 2.30 horas<br>Domingo - 17 a 1.30 horas<br><br>Nombre: ]]></description>
        <styleUrl>#icon-1577-FFEA00-labelson</styleUrl>
        <ExtendedData>
          <Data name="Nombre">
            <value/>
          </Data>
        </ExtendedData>
        <Point>
          <coordinates>
            -58.4848861,-34.5780703,0
          </coordinates>
        </Point>
      </Placemark>
      <Placemark>
        <name>Buffet Club Gimnasia Esgrima de Velez Sarsfield</name>
        <description><![CDATA[-Tipo de comercio: Restaurante<br><br>-Modalidad: Salón / Take away / Delivery <br><br>-Tipo de producto: Elaboración propia / Productos de proveedor externo<br><br>-Materia prima: Certificada sin TACC <br><br>-Nivel de cuidados: Cocina mixta con cuidados en contaminación cruzada<br><br>Comentario del lugar: Poseen una freidora exclusiva para milanesas y papas fritas sin TACC.<br><br>-Horarios de atención:<br>Lunes - 7.30 a 0 horas<br>Martes - 7.30 a 0 horas<br>Miércoles - 7.30 a 0 horas<br>Jueves - 7.30 a 0 horas<br>Viernes - 7.30 a 0 horas<br>Sábado - 7.30 a 0 horas<br>Domingo - Cerrado<br><br>Nombre: ]]></description>
        <styleUrl>#icon-1577-FFEA00-labelson</styleUrl>
        <ExtendedData>
          <Data name="Nombre">
            <value/>
          </Data>
        </ExtendedData>
        <Point>
          <coordinates>
            -58.489443,-34.619104,0
          </coordinates>
        </Point>
      </Placemark>
      <Placemark>
        <name>Buller Brewing Co</name>
        <description><![CDATA[-Tipo de comercio: Cervecería<br><br>-Modalidad: Salón / Take away / Delivery / Mercado gastronómico / Patio de comidas<br><br>-Tipo de producto: Productos marca Sintaxis<br><br>-Nivel de cuidados: Cocina mixta con cuidados en contaminación cruzada<br><br>-Horarios de atención:<br>Lunes - 12 a 2 horas<br>Martes - 12 a 2 horas<br>Miércoles - 12 a 2 horas<br>Jueves - 12 a 3 horas<br>Viernes - 12 a 3 horas<br>Sábado - 12 a 3 horas<br>Domingo - 12 a 2 horas<br><br>Nombre: ]]></description>
        <styleUrl>#icon-1577-FFEA00-labelson</styleUrl>
        <ExtendedData>
          <Data name="Nombre">
            <value/>
          </Data>
        </ExtendedData>
        <Point>
          <coordinates>
            -58.3923822,-34.5889169,0
          </coordinates>
        </Point>
      </Placemark>
      <Placemark>
        <name>Burger 54 Devoto</name>
        <description><![CDATA[-Tipo de comercio: Hamburguesería<br><br>-Modalidad: Salón / Take away / Delivery <br>-Tipo de producto: Elaboración propia<br><br>-Materia prima: “Los productos son frescos y evitamos la contaminación cruzada, el pan lo compramos sin TACC y se le entrega al cliente envuelto”.<br><br>-Nivel de cuidados: Cocina mixta con cuidados en contaminación cruzada<br><br>-Horarios de atención:<br>Lunes - 11 a 23 horas<br>Martes - 11 a 23 horas<br>Miércoles - 11 a 0 horas<br>Jueves - 11 a 0 horas<br>Viernes - 11 a 1 horas<br>Sábado - 11 a 1 horas<br>Domingo - 11 a 0 horas<br><br>Nombre: ]]></description>
        <styleUrl>#icon-1577-FFEA00-labelson</styleUrl>
        <ExtendedData>
          <Data name="Nombre">
            <value/>
          </Data>
        </ExtendedData>
        <Point>
          <coordinates>
            -58.512128,-34.6005267,0
          </coordinates>
        </Point>
      </Placemark>
      <Placemark>
        <name>BURGER UP Constituyentes</name>
        <description><![CDATA[-Tipo de comercio: Hamburguesería<br><br>-En el comercio se venden productos con gluten también<br><br>-Tipo de producto: Elaboración propia<br><br>-Materia prima: Certificada sin gluten<br><br>-Cocina: Cocina mixta con cuidados en contaminación cruzada<br><br>-Cuidados para evitar la CC: Utensilios exclusivos para la cocción de los alimentos sin gluten / Horno aparte para los alimentos sin gluten / Personal con conocimiento en la manipulación de estos alimentos<br><br>-Modalidad: Consumo en salón / Delivery propio / Envío por app / Take away<br><br>-Horarios de atención:<br>Lunes - 11.30 a 23.30 horas<br>Martes - 11.30 a 23.30 horas<br>Miércoles - 11.30 a 23.30 horas<br>Jueves - 11.30 a 23.30 horas<br>Viernes - 11.30 a 23.30 horas<br>Sábado - 11.30 a 23.30 horas<br>Domingo - 11.30 a 23.30 horas<br><br>Instagram: @burgerup.arg<br><br>Nombre: ]]></description>
        <styleUrl>#icon-1577-FFEA00-labelson</styleUrl>
        <ExtendedData>
          <Data name="Nombre">
            <value/>
          </Data>
        </ExtendedData>
        <Point>
          <coordinates>
            -58.4898419,-34.5841164,0
          </coordinates>
        </Point>
      </Placemark>
      <Placemark>
        <name>BURGER UP Donato Alvarez</name>
        <description><![CDATA[-Tipo de comercio: Hamburguesería<br><br>-En el comercio se venden productos con gluten también<br><br>-Tipo de producto: Elaboración propia<br><br>-Materia prima: Certificada sin gluten<br><br>-Cocina: Cocina mixta con cuidados en contaminación cruzada<br><br>-Cuidados para evitar la CC: Utensilios exclusivos para la cocción de los alimentos sin gluten / Horno aparte para los alimentos sin gluten / Personal con conocimiento en la manipulación de estos alimentos<br><br>-Modalidad: Consumo en salón / Delivery propio / Envío por app / Take away<br><br>-Horarios de atención:<br>Lunes - 11.30 a 23.30 horas<br>Martes - 11.30 a 23.30 horas<br>Miércoles - 11.30 a 23.30 horas<br>Jueves - 11.30 a 23.30 horas<br>Viernes - 11.30 a 23.30 horas<br>Sábado - 11.30 a 23.30 horas<br>Domingo - 11.30 a 23.30 horas<br><br>Instagram: @burgerup.arg<br><br>Nombre: ]]></description>
        <styleUrl>#icon-1577-FFEA00-labelson</styleUrl>
        <ExtendedData>
          <Data name="Nombre">
            <value/>
          </Data>
        </ExtendedData>
        <Point>
          <coordinates>
            -58.4544252,-34.6245411,0
          </coordinates>
        </Point>
      </Placemark>
      <Placemark>
        <name>BURGER UP Emilio Castro</name>
        <description><![CDATA[-Tipo de comercio: Hamburguesería<br><br>-En el comercio se venden productos con gluten también<br><br>-Tipo de producto: Elaboración propia<br><br>-Materia prima: Certificada sin gluten<br><br>-Cocina: Cocina mixta con cuidados en contaminación cruzada<br><br>-Cuidados para evitar la CC: Utensilios exclusivos para la cocción de los alimentos sin gluten / Horno aparte para los alimentos sin gluten / Personal con conocimiento en la manipulación de estos alimentos<br><br>-Modalidad: Consumo en salón / Delivery propio / Envío por app / Take away<br><br>-Horarios de atención:<br>Lunes - 11.30 a 23.30 horas<br>Martes - 11.30 a 23.30 horas<br>Miércoles - 11.30 a 23.30 horas<br>Jueves - 11.30 a 23.30 horas<br>Viernes - 11.30 a 23.30 horas<br>Sábado - 11.30 a 23.30 horas<br>Domingo - 11.30 a 23.30 horas<br><br>Instagram: @burgerup.arg<br><br>Nombre: ]]></description>
        <styleUrl>#icon-1577-FFEA00-labelson</styleUrl>
        <ExtendedData>
          <Data name="Nombre">
            <value/>
          </Data>
        </ExtendedData>
        <Point>
          <coordinates>
            -58.5218417,-34.6548023,0
          </coordinates>
        </Point>
      </Placemark>
      <Placemark>
        <name>BURGER UP Rivadavia</name>
        <description><![CDATA[-Tipo de comercio: Hamburguesería<br><br>-En el comercio se venden productos con gluten también<br><br>-Tipo de producto: Elaboración propia<br><br>-Materia prima: Certificada sin gluten<br><br>-Cocina: Cocina mixta con cuidados en contaminación cruzada<br><br>-Cuidados para evitar la CC: Utensilios exclusivos para la cocción de los alimentos sin gluten / Horno aparte para los alimentos sin gluten / Personal con conocimiento en la manipulación de estos alimentos<br><br>-Modalidad: Consumo en salón / Delivery propio / Envío por app / Take away<br><br>-Horarios de atención:<br>Lunes - 11.30 a 23.30 horas<br>Martes - 11.30 a 23.30 horas<br>Miércoles - 11.30 a 23.30 horas<br>Jueves - 11.30 a 23.30 horas<br>Viernes - 11.30 a 23.30 horas<br>Sábado - 11.30 a 23.30 horas<br>Domingo - 11.30 a 23.30 horas<br><br>Instagram: @burgerup.arg<br><br>Nombre: ]]></description>
        <styleUrl>#icon-1577-FFEA00-labelson</styleUrl>
        <ExtendedData>
          <Data name="Nombre">
            <value/>
          </Data>
        </ExtendedData>
        <Point>
          <coordinates>
            -58.4918808,-34.6363818,0
          </coordinates>
        </Point>
      </Placemark>
      <Placemark>
        <name>Cabaña Las Lilas</name>
        <description><![CDATA[-Tipo de comercio: Restaurante<br><br>-Modalidad: Salón<br><br>-Tipo de producto: Elaboración propia<br><br>-Materia prima: Certificada sin TACC<br><br>-Nivel de cuidados: Cocina mixta con cuidados en contaminación cruzada<br><br>Comentario del lugar: "Los alimentos se elaboran en el restaurante (bajo procedimientos establecidos), excepto los panes y el petit fours, ya que están solicitados a un proveedor exclusivo de alimentos sin gluten".<br><br>-Horarios de atención:<br>Lunes - 12 a 0 horas<br>Martes - 12 a 0 horas<br>Miércoles - 12 a 0 horas<br>Jueves - 12 a 0 horas<br>Viernes - 12 a 0 horas<br>Sábado - 12 a 0 horas<br>Domingo - 12 a 0 horas<br><br>Nombre: ]]></description>
        <styleUrl>#icon-1577-FFEA00-labelson</styleUrl>
        <ExtendedData>
          <Data name="Nombre">
            <value/>
          </Data>
        </ExtendedData>
        <Point>
          <coordinates>
            -58.3668969,-34.6038114,0
          </coordinates>
        </Point>
      </Placemark>
      <Placemark>
        <name>Cachito Premium</name>
        <description><![CDATA[-Tipo de comercio: Sandwichería<br><br>-Modalidad: Salón / Take away / Delivery<br><br>-Tipo de producto: Productos de proveedores externos<br><br>-Nivel de cuidados: Cocina mixta con cuidados en contaminación cruzada, se utiliza horno de uso exclusivo para alimentos sin gluten<br><br>-Horarios de atención:<br>Lunes - 12 a 0 horas<br>Martes - 12 a 0 horas<br>Miércoles - 12 a 0 horas<br>Jueves - 12 a 0 horas<br>Viernes - 12 a 1 horas<br>Sábado - 12 a 1 horas<br>Domingo - 12 a 0 horas<br><br>Nombre: ]]></description>
        <styleUrl>#icon-1577-FFEA00-labelson</styleUrl>
        <ExtendedData>
          <Data name="Nombre">
            <value/>
          </Data>
        </ExtendedData>
        <Point>
          <coordinates>
            -58.4463114,-34.6046747,0
          </coordinates>
        </Point>
      </Placemark>
      <Placemark>
        <name>Cachito Premium</name>
        <description><![CDATA[-Tipo de comercio: Sandwichería<br><br>-Modalidad: Salón / Take away / Delivery<br><br>-Tipo de producto: Productos de proveedores externos<br><br>-Nivel de cuidados: Cocina mixta con cuidados en contaminación cruzada, se utiliza horno de uso exclusivo para alimentos sin gluten<br><br>-Horarios de atención:<br>Lunes - Cerrado<br>Martes - 12 a 0 horas<br>Miércoles - 12 a 0 horas<br>Jueves - 12 a 0 horas<br>Viernes - 12 a 1 horas<br>Sábado - 12 a 1 horas<br>Domingo - 12 a 0 horas<br><br>Nombre: ]]></description>
        <styleUrl>#icon-1577-FFEA00-labelson</styleUrl>
        <ExtendedData>
          <Data name="Nombre">
            <value/>
          </Data>
        </ExtendedData>
        <Point>
          <coordinates>
            -58.4356759,-34.5818717,0
          </coordinates>
        </Point>
      </Placemark>
      <Placemark>
        <name>Cachito Premium</name>
        <description><![CDATA[-Tipo de comercio: Sandwichería<br><br>-Modalidad: Salón / Take away / Delivery<br><br>-Tipo de producto: Productos de proveedores externos<br><br>-Nivel de cuidados: Cocina mixta con cuidados en contaminación cruzada, se utiliza horno de uso exclusivo para alimentos sin gluten<br><br>-Horarios de atención:<br>Lunes - 12 a 0 horas<br>Martes - 12 a 0 horas<br>Miércoles - 12 a 0 horas<br>Jueves - 12 a 0 horas<br>Viernes - 12 a 1 horas<br>Sábado - 12 a 1 horas<br>Domingo - 12 a 0 horas<br><br>Nombre: ]]></description>
        <styleUrl>#icon-1577-FFEA00-labelson</styleUrl>
        <ExtendedData>
          <Data name="Nombre">
            <value/>
          </Data>
        </ExtendedData>
        <Point>
          <coordinates>
            -58.435601,-34.5921197,0
          </coordinates>
        </Point>
      </Placemark>
      <Placemark>
        <name>Café Martínez</name>
        <description><![CDATA[-Tipo de comercio: Cafetería<br><br>-Modalidad: Salón / Take away / Tienda online<br><br>-Tipo de producto: Productos marca Sintaxis<br><br>-Nivel de cuidados: Cocina mixta con cuidados en contaminación cruzada<br><br>-Horarios de atención:<br>Lunes - 7.30 a 20 horas<br>Martes - 7.30 a 20 horas<br>Miércoles - 7.30 a 20 horas<br>Jueves - 7.30 a 20 horas<br>Viernes - 7.30 a 20 horas<br>Sábado - 9 a 20 horas<br>Domingo - 9 a 20 horas<br><br>Nombre: ]]></description>
        <styleUrl>#icon-1577-FFEA00-labelson</styleUrl>
        <ExtendedData>
          <Data name="Nombre">
            <value/>
          </Data>
        </ExtendedData>
        <Point>
          <coordinates>
            -58.3967542,-34.5873758,0
          </coordinates>
        </Point>
      </Placemark>
      <Placemark>
        <name>Café Martínez</name>
        <description><![CDATA[-Tipo de comercio: Cafetería<br><br>-Modalidad: Salón / Take away / Tienda online<br><br>-Tipo de producto: Productos marca Sintaxis<br><br>-Nivel de cuidados: Cocina mixta con cuidados en contaminación cruzada<br><br>-Horarios de atención:<br>Lunes - 8 a 20 horas<br>Martes - 8 a 20 horas<br>Miércoles - 8 a 20 horas<br>Jueves - 8 a 20 horas<br>Viernes - 8 a 20 horas<br>Sábado - 9 a 20 horas<br>Domingo - 9 a 20 horas<br><br>Nombre: ]]></description>
        <styleUrl>#icon-1577-FFEA00-labelson</styleUrl>
        <ExtendedData>
          <Data name="Nombre">
            <value/>
          </Data>
        </ExtendedData>
        <Point>
          <coordinates>
            -58.410117,-34.5799389,0
          </coordinates>
        </Point>
      </Placemark>
      <Placemark>
        <name>Café Martínez</name>
        <description><![CDATA[-Tipo de comercio: Cafetería<br><br>-Modalidad: Salón / Take away / Tienda online<br><br>-Tipo de producto: Productos marca Sintaxis <br><br>-Nivel de cuidados: Cocina mixta con cuidados en contaminación cruzada<br><br>-Horarios de atención:<br>Lunes - 7.30 a 22 horas<br>Martes - 7.30 a 22 horas<br>Miércoles - 7.30 a 22 horas<br>Jueves - 7.30 a 22 horas<br>Viernes - 7.30 a 22 horas<br>Sábado - 7.30 a 22 horas<br>Domingo - 7.30 a 22 horas<br><br>Nombre: ]]></description>
        <styleUrl>#icon-1577-FFEA00-labelson</styleUrl>
        <ExtendedData>
          <Data name="Nombre">
            <value/>
          </Data>
        </ExtendedData>
        <Point>
          <coordinates>
            -58.4226536,-34.5808021,0
          </coordinates>
        </Point>
      </Placemark>
      <Placemark>
        <name>Café Martínez</name>
        <description><![CDATA[-Tipo de comercio: Cafetería<br><br>-Modalidad: Salón / Take away / Tienda online<br><br>-Tipo de producto: Productos marca Sintaxis<br><br>-Nivel de cuidados: Cocina mixta con cuidados en contaminación cruzada<br><br>-Horarios de atención:<br>Lunes - 8 a 20 horas<br>Martes - 8 a 20 horas<br>Miércoles - 8 a 20 horas<br>Jueves - 8 a 20 horas<br>Viernes - 8 a 20 horas<br>Sábado - 8 a 20 horas<br>Domingo - 8 a 20 horas<br><br>Nombre: ]]></description>
        <styleUrl>#icon-1577-FFEA00-labelson</styleUrl>
        <ExtendedData>
          <Data name="Nombre">
            <value/>
          </Data>
        </ExtendedData>
        <Point>
          <coordinates>
            -58.4359883,-34.6348139,0
          </coordinates>
        </Point>
      </Placemark>
      <Placemark>
        <name>Café Martínez</name>
        <description><![CDATA[-Tipo de comercio: Cafetería<br><br>-Modalidad: Salón / Take away / Tienda online<br><br>-Tipo de producto: Productos marca Sintaxis<br><br>-Nivel de cuidados: Cocina mixta con cuidados en contaminación cruzada<br><br>-Horarios de atención:<br>Lunes - 8 a 21 horas<br>Martes - 8 a 21 horas<br>Miércoles - 8 a 21 horas<br>Jueves - 8 a 21 horas<br>Viernes - 8 a 21 horas<br>Sábado - 10 a 21 horas<br>Domingo - 15 a 20 horas<br><br>Nombre: ]]></description>
        <styleUrl>#icon-1577-FFEA00-labelson</styleUrl>
        <ExtendedData>
          <Data name="Nombre">
            <value/>
          </Data>
        </ExtendedData>
        <Point>
          <coordinates>
            -58.3705235,-34.6127545,0
          </coordinates>
        </Point>
      </Placemark>
      <Placemark>
        <name>Café Martínez</name>
        <description><![CDATA[-Tipo de comercio: Cafetería<br><br>-Modalidad: Salón / Take away / Tienda online<br><br>-Tipo de producto: Productos marca Sintaxis<br><br>-Nivel de cuidados: Cocina mixta con cuidados en contaminación cruzada<br><br>-Horarios de atención:<br>Lunes - 8 a 20 horas<br>Martes - 8 a 20 horas<br>Miércoles - 8 a 20 horas<br>Jueves - 8 a 20 horas<br>Viernes - 8 a 20 horas<br>Sábado - 8 a 20 horas<br>Domingo - 8 a 20 horas<br><br>Nombre: ]]></description>
        <styleUrl>#icon-1577-FFEA00-labelson</styleUrl>
        <ExtendedData>
          <Data name="Nombre">
            <value/>
          </Data>
        </ExtendedData>
        <Point>
          <coordinates>
            -58.4348859,-34.6174259,0
          </coordinates>
        </Point>
      </Placemark>
      <Placemark>
        <name>Café Martínez</name>
        <description><![CDATA[-Tipo de comercio: Cafetería<br><br>-Modalidad: Salón / Take away / Tienda online<br><br>-Tipo de producto: Productos marca Sintaxis<br><br>-Nivel de cuidados: Cocina mixta con cuidados en contaminación cruzada<br><br>-Horarios de atención:<br>Lunes - 7.30 a 20.30 horas<br>Martes - 7.30 a 20.30 horas<br>Miércoles - 7.30 a 20.30 horas<br>Jueves - 7.30 a 20.30 horas<br>Viernes - 7.30 a 20.30 horas<br>Sábado - 7.30 a 20.30 horas<br>Domingo - 7.30 a 20.30 horas<br><br>Nombre: ]]></description>
        <styleUrl>#icon-1577-FFEA00-labelson</styleUrl>
        <ExtendedData>
          <Data name="Nombre">
            <value/>
          </Data>
        </ExtendedData>
        <Point>
          <coordinates>
            -58.4052474,-34.6383953,0
          </coordinates>
        </Point>
      </Placemark>
      <Placemark>
        <name>Café Martínez</name>
        <description><![CDATA[-Tipo de comercio: Cafetería<br><br>-Modalidad: Salón / Take away / Tienda online<br><br>-Tipo de producto: Productos marca Sintaxis<br><br>-Nivel de cuidados: Cocina mixta con cuidados en contaminación cruzada<br><br>-Horarios de atención:<br>Lunes - 7.30 a 21 horas<br>Martes -7.30 a 21 horas<br>Miércoles - 7.30 a 21 horas<br>Jueves - 7.30 a 21 horas<br>Viernes - 7.30 a 21 horas<br>Sábado - 8 a 21 horas<br>Domingo - 8 a 21 horas<br>Feriados - 8 a 21 horas<br><br>Nombre: ]]></description>
        <styleUrl>#icon-1577-FFEA00-labelson</styleUrl>
        <ExtendedData>
          <Data name="Nombre">
            <value/>
          </Data>
        </ExtendedData>
        <Point>
          <coordinates>
            -58.4142173,-34.6108542,0
          </coordinates>
        </Point>
      </Placemark>
      <Placemark>
        <name>Café Martínez</name>
        <description><![CDATA[-Tipo de comercio: Cafetería<br><br>-Modalidad: Salón / Take away / Tienda online<br><br>-Tipo de producto: Productos marca Sintaxis <br><br>-Nivel de cuidados: Cocina mixta con cuidados en contaminación cruzada<br><br>-Horarios de atención:<br>Lunes - 7 a 22 horas<br>Martes - 7 a 22 horas<br>Miércoles - 7 a 22 horas<br>Jueves - 7 a 22 horas<br>Viernes - 7 a 22 horas<br>Sábado - 8 a 20.30 horas<br>Domingo - 9 a 20.30 horas<br>Feriados - 9 a 20.30 horas<br><br>Nombre: ]]></description>
        <styleUrl>#icon-1577-FFEA00-labelson</styleUrl>
        <ExtendedData>
          <Data name="Nombre">
            <value/>
          </Data>
        </ExtendedData>
        <Point>
          <coordinates>
            -58.3817694,-34.616564,0
          </coordinates>
        </Point>
      </Placemark>
      <Placemark>
        <name>Cafe Martinez</name>
        <description><![CDATA[-Tipo de comercio: Cafetería<br><br>-Modalidad: Salón / Take away / Tienda online<br><br>-Tipo de producto: Productos marca Sintaxis<br><br>-Nivel de cuidados: Cocina mixta con cuidados en contaminación cruzada<br><br>-Horarios de atención:<br>Lunes - 8.30 a 20.30 horas<br>Martes - 8.30 a 20.30 horas<br>Miércoles - 8.30 a 20.30 horas<br>Jueves - 8.30 a 20.30 horas<br>Viernes - 8.30 a 20.30 horas<br>Sábado - 8 a 21 horas<br>Domingo - 8.30 a 20.30 horas<br>Feriados - 8.30 a 20.30 horas<br><br>Nombre: ]]></description>
        <styleUrl>#icon-1577-FFEA00-labelson</styleUrl>
        <ExtendedData>
          <Data name="Nombre">
            <value/>
          </Data>
        </ExtendedData>
        <Point>
          <coordinates>
            -58.4789532,-34.5789804,0
          </coordinates>
        </Point>
      </Placemark>
      <Placemark>
        <name>Café Martínez</name>
        <description><![CDATA[-Tipo de comercio: Cafetería<br><br>-Modalidad: Salón / Take away / Tienda online<br><br>-Tipo de producto: Productos marca Sintaxis<br><br>-Nivel de cuidados: Cocina mixta con cuidados en contaminación cruzada<br><br>-Horarios de atención:<br>Lunes - 7 a 22 horas<br>Martes - 7 a 22 horas<br>Miércoles - 7 a 22 horas<br>Jueves - 7 a 22 horas<br>Viernes - 7 a 22 horas<br>Sábado - 7 a 22 horas<br>Domingo - 8 a 22 horas<br><br>Nombre: ]]></description>
        <styleUrl>#icon-1577-FFEA00-labelson</styleUrl>
        <ExtendedData>
          <Data name="Nombre">
            <value/>
          </Data>
        </ExtendedData>
        <Point>
          <coordinates>
            -58.4461025,-34.626009,0
          </coordinates>
        </Point>
      </Placemark>
      <Placemark>
        <name>Café Martínez</name>
        <description><![CDATA[-Tipo de comercio: Cafetería<br><br>-Modalidad: Salón / Take away / Tienda online<br><br>-Tipo de producto: Productos marca Sintaxis<br><br>-Nivel de cuidados: Cocina mixta con cuidados en contaminación cruzada<br><br>-Horarios de atención:<br>Lunes - 7.30 a 20.30 horas<br>Martes -7.30 a 20.30 horas<br>Miércoles - 7.30 a 20.30 horas<br>Jueves - 7.30 a 20.30 horas<br>Viernes - 7.30 a 20.30 horas<br>Sábado - 8.30 a 20.30 horas<br>Domingo - 8.30 a 20.30 horas<br><br>Nombre: ]]></description>
        <styleUrl>#icon-1577-FFEA00-labelson</styleUrl>
        <ExtendedData>
          <Data name="Nombre">
            <value/>
          </Data>
        </ExtendedData>
        <Point>
          <coordinates>
            -58.4621177,-34.6037223,0
          </coordinates>
        </Point>
      </Placemark>
      <Placemark>
        <name>Café Martínez</name>
        <description><![CDATA[-Tipo de comercio: Cafetería<br><br>-Modalidad: Salón / Take away / Tienda online<br><br>-Tipo de producto: Productos marca Sintaxis<br><br>-Nivel de cuidados: Cocina mixta con cuidados en contaminación cruzada<br><br>-Horarios de atención:<br>Lunes - 7 a 21 horas<br>Martes - 7 a 21 horas<br>Miércoles - 7 a 21 horas<br>Jueves - 7 a 21 horas<br>Viernes - 7 a 21 horas<br>Sábado - Cerrado<br>Domingo - Cerrado<br><br>Nombre: ]]></description>
        <styleUrl>#icon-1577-FFEA00-labelson</styleUrl>
        <ExtendedData>
          <Data name="Nombre">
            <value/>
          </Data>
        </ExtendedData>
        <Point>
          <coordinates>
            -58.386468,-34.603397,0
          </coordinates>
        </Point>
      </Placemark>
      <Placemark>
        <name>Café Martínez</name>
        <description><![CDATA[-Tipo de comercio: Cafetería<br><br>-Modalidad: Salón / Take away / Tienda online<br><br>-Tipo de producto: Productos marca Sintaxis<br><br>-Nivel de cuidados: Cocina mixta con cuidados en contaminación cruzada<br><br>-Horarios de atención:<br>Lunes - 8 a 20 horas<br>Martes - 8 a 20 horas<br>Miércoles - 8 a 20 horas<br>Jueves - 8 a 20 horas<br>Viernes - 8 a 20 horas<br>Sábado - 9 a 20 horas<br>Domingo - 9 a 20 horas<br><br>Nombre: ]]></description>
        <styleUrl>#icon-1577-FFEA00-labelson</styleUrl>
        <ExtendedData>
          <Data name="Nombre">
            <value/>
          </Data>
        </ExtendedData>
        <Point>
          <coordinates>
            -58.4560185,-34.612354,0
          </coordinates>
        </Point>
      </Placemark>
      <Placemark>
        <name>Café Martínez</name>
        <description><![CDATA[-Tipo de comercio: Cafetería<br><br>-Modalidad: Salón / Take away / Tienda online<br><br>-Tipo de producto: Productos marca Sintaxis<br><br>-Nivel de cuidados: Cocina mixta con cuidados en contaminación cruzada<br><br>-Horarios de atención:<br>Lunes - 7 a 20 horas<br>Martes - 7 a 20 horas<br>Miércoles - 7 a 20 horas<br>Jueves - 7 a 20 horas<br>Viernes - 7 a 20 horas<br>Sábado - 7 a 20 horas<br>Domingo - 7 a 20 horas<br><br>Nombre: ]]></description>
        <styleUrl>#icon-1577-FFEA00-labelson</styleUrl>
        <ExtendedData>
          <Data name="Nombre">
            <value/>
          </Data>
        </ExtendedData>
        <Point>
          <coordinates>
            -58.4215714,-34.5975552,0
          </coordinates>
        </Point>
      </Placemark>
      <Placemark>
        <name>Café Martínez</name>
        <description><![CDATA[-Tipo de comercio: Cafetería<br><br>-Modalidad: Salón / Take away / Tienda online<br><br>-Tipo de producto: Productos marca Sintaxis<br><br>-Nivel de cuidados: Cocina mixta con cuidados en contaminación cruzada<br><br>-Horarios de atención:<br>Lunes - 7.30 a 21.30 horas<br>Martes - 7.30 a 21.30 horas<br>Miércoles - 7.30 a 21.30 horas<br>Jueves - 7.30 a 21.30 horas<br>Viernes - 7.30 a 21.30 horas<br>Sábado - 7.30 a 21.30 horas<br>Domingo - 8.30 a 21.30 horas<br><br>Nombre: ]]></description>
        <styleUrl>#icon-1577-FFEA00-labelson</styleUrl>
        <ExtendedData>
          <Data name="Nombre">
            <value/>
          </Data>
        </ExtendedData>
        <Point>
          <coordinates>
            -58.4049794,-34.5977161,0
          </coordinates>
        </Point>
      </Placemark>
      <Placemark>
        <name>Café Martínez</name>
        <description><![CDATA[-Tipo de comercio: Cafetería<br><br>-Modalidad: Salón / Take away / Tienda online<br><br>-Tipo de producto: Productos marca Sintaxis<br><br>-Nivel de cuidados: Cocina mixta con cuidados en contaminación cruzada<br><br>-Horarios de atención:<br>Lunes - 8 a 21 horas<br>Martes - 8 a 21 horas<br>Miércoles - 8 a 21 horas<br>Jueves - 8 a 21 horas<br>Viernes - 8 a 21 horas<br>Sábado - 11 a 20 horas<br>Domingo - 11 a 20 horas<br><br>Nombre: ]]></description>
        <styleUrl>#icon-1577-FFEA00-labelson</styleUrl>
        <ExtendedData>
          <Data name="Nombre">
            <value/>
          </Data>
        </ExtendedData>
        <Point>
          <coordinates>
            -58.431702,-34.566924,0
          </coordinates>
        </Point>
      </Placemark>
      <Placemark>
        <name>Café Martínez</name>
        <description><![CDATA[-Tipo de comercio: Cafetería<br><br>-Modalidad: Salón / Take away / Tienda online<br><br>-Tipo de producto: Productos marca Sintaxis<br><br>-Nivel de cuidados: Cocina mixta con cuidados en contaminación cruzada<br><br>-Horarios de atención:<br>Lunes - 8 a 20 horas<br>Martes - 8 a 20 horas<br>Miércoles - 8 a 20 horas<br>Jueves - 8 a 20 horas<br>Viernes - 8 a 20 horas<br>Sábado - 8 a 20 horas<br>Domingo - 8 a 20 horas<br><br>Nombre: ]]></description>
        <styleUrl>#icon-1577-FFEA00-labelson</styleUrl>
        <ExtendedData>
          <Data name="Nombre">
            <value/>
          </Data>
        </ExtendedData>
        <Point>
          <coordinates>
            -58.4560922,-34.5681933,0
          </coordinates>
        </Point>
      </Placemark>
      <Placemark>
        <name>Café Martínez</name>
        <description><![CDATA[-Tipo de comercio: Cafetería<br><br>-Modalidad: Salón / Take away / Tienda online<br><br>-Tipo de producto: Productos marca Sintaxis<br><br>-Nivel de cuidados: Cocina mixta con cuidados en contaminación cruzada<br><br>-Horarios de atención:<br>Lunes - 8 a 22 horas<br>Martes - 8 a 22 horas<br>Miércoles - 8 a 22 horas<br>Jueves - 8 a 22 horas<br>Viernes - 8 a 22 horas<br>Sábado - 8 a 22 horas<br>Domingo - 8 a 22 horas<br><br>Nombre: ]]></description>
        <styleUrl>#icon-1577-FFEA00-labelson</styleUrl>
        <ExtendedData>
          <Data name="Nombre">
            <value/>
          </Data>
        </ExtendedData>
        <Point>
          <coordinates>
            -58.5040387,-34.6189503,0
          </coordinates>
        </Point>
      </Placemark>
      <Placemark>
        <name>Café Martínez</name>
        <description><![CDATA[-Tipo de comercio: Cafetería<br><br>-Modalidad: Salón / Take away / Tienda online<br><br>-Tipo de producto: Productos marca Sintaxis<br><br>-Nivel de cuidados: Cocina mixta con cuidados en contaminación cruzada<br><br>-Horarios de atención:<br>Lunes - 8 a 20 horas<br>Martes - 8 a 20 horas<br>Miércoles - 8 a 20 horas<br>Jueves - 8 a 20 horas<br>Viernes - 8 a 20 horas<br>Sábado - 9 a 14 horas<br>Domingo - Cerrado<br><br>Nombre: ]]></description>
        <styleUrl>#icon-1577-FFEA00-labelson</styleUrl>
        <ExtendedData>
          <Data name="Nombre">
            <value/>
          </Data>
        </ExtendedData>
        <Point>
          <coordinates>
            -58.3832453,-34.5933538,0
          </coordinates>
        </Point>
      </Placemark>
      <Placemark>
        <name>Café Martínez</name>
        <description><![CDATA[-Tipo de comercio: Cafetería<br><br>-Modalidad: Salón / Take away / Tienda online<br><br>-Tipo de producto: Productos marca Sintaxis<br><br>-Nivel de cuidados: Cocina mixta con cuidados en contaminación cruzada<br><br>-Horarios de atención:<br>Lunes - 7.30 a 20.30 horas<br>Martes - 7.30 a 20.30 horas<br>Miércoles - 7.30 a 20.30 horas<br>Jueves - 7.30 a 20.30 horas<br>Viernes - 7.30 a 20.30 horas<br>Sábado - 8.30 a 21 horas<br>Domingo - 9 a 20.30 horas<br><br>Nombre: ]]></description>
        <styleUrl>#icon-1577-FFEA00-labelson</styleUrl>
        <ExtendedData>
          <Data name="Nombre">
            <value/>
          </Data>
        </ExtendedData>
        <Point>
          <coordinates>
            -58.4654909,-34.6294666,0
          </coordinates>
        </Point>
      </Placemark>
      <Placemark>
        <name>Café Martínez</name>
        <description><![CDATA[-Tipo de comercio: Cafetería<br><br>-Modalidad: Salón / Take away / Tienda online<br><br>-Tipo de producto: Productos marca Sintaxis<br><br>-Nivel de cuidados: Cocina mixta con cuidados en contaminación cruzada<br><br>-Horarios de atención:<br>Lunes - 8 a 21 horas<br>Martes - 8 a 21 horas<br>Miércoles - 8 a 21 horas<br>Jueves - 8 a 21 horas<br>Viernes - 8 a 21 horas<br>Sábado - 10 a 21 horas<br>Domingo - 10 a 21 horas<br><br>Nombre: ]]></description>
        <styleUrl>#icon-1577-FFEA00-labelson</styleUrl>
        <ExtendedData>
          <Data name="Nombre">
            <value/>
          </Data>
        </ExtendedData>
        <Point>
          <coordinates>
            -58.393281,-34.59905,0
          </coordinates>
        </Point>
      </Placemark>
      <Placemark>
        <name>Café Martínez</name>
        <description><![CDATA[-Tipo de comercio: Cafetería<br><br>-Modalidad: Salón / Take away / Tienda online<br><br>-Tipo de producto: Productos marca Sintaxis<br><br>-Nivel de cuidados: Cocina mixta con cuidados en contaminación cruzada<br><br>-Horarios de atención:<br>Lunes - 9 a 20 horas<br>Martes - 9 a 20 horas<br>Miércoles - 9 a 20 horas<br>Jueves - 9 a 20 horas<br>Viernes - 9 a 20 horas<br>Sábado - 9 a 20 horas<br>Domingo - 9 a 20 horas<br><br>Nombre: ]]></description>
        <styleUrl>#icon-1577-FFEA00-labelson</styleUrl>
        <ExtendedData>
          <Data name="Nombre">
            <value/>
          </Data>
        </ExtendedData>
        <Point>
          <coordinates>
            -58.3820816,-34.6092709,0
          </coordinates>
        </Point>
      </Placemark>
      <Placemark>
        <name>Café Martínez</name>
        <description><![CDATA[-Tipo de comercio: Cafetería<br><br>-Modalidad: Salón / Take away / Tienda online<br><br>-Tipo de producto: Productos marca Sintaxis<br><br>-Nivel de cuidados: Cocina mixta con cuidados en contaminación cruzada<br><br>-Horarios de atención:<br>Lunes - 8 a 21 horas<br>Martes - 8 a 21 horas<br>Miércoles - 8 a 21 horas<br>Jueves - 8 a 21 horas<br>Viernes - 8 a 21 horas<br>Sábado - 8 a 21 horas<br>Domingo - 10 a 20 horas<br><br>Nombre: ]]></description>
        <styleUrl>#icon-1577-FFEA00-labelson</styleUrl>
        <ExtendedData>
          <Data name="Nombre">
            <value/>
          </Data>
        </ExtendedData>
        <Point>
          <coordinates>
            -58.4512042,-34.5633229,0
          </coordinates>
        </Point>
      </Placemark>
      <Placemark>
        <name>Café Martínez</name>
        <description><![CDATA[-Tipo de comercio: Cafetería<br><br>-Modalidad: Salón / Take away / Tienda online<br><br>-Tipo de producto: Productos marca Sintaxis<br><br>-Nivel de cuidados: Cocina mixta con cuidados en contaminación cruzada<br><br>-Horarios de atención:<br>Lunes - 8 a 21 horas<br>Martes - 8 a 21 horas<br>Miércoles - 8 a 21 horas<br>Jueves - 8 a 21 horas<br>Viernes - 8 a 21 horas<br>Sábado - 8 a 21 horas<br>Domingo - 8 a 21 horas<br><br>Nombre: ]]></description>
        <styleUrl>#icon-1577-FFEA00-labelson</styleUrl>
        <ExtendedData>
          <Data name="Nombre">
            <value/>
          </Data>
        </ExtendedData>
        <Point>
          <coordinates>
            -58.382605,-34.6029969,0
          </coordinates>
        </Point>
      </Placemark>
      <Placemark>
        <name>Café Martínez</name>
        <description><![CDATA[-Tipo de comercio: Cafetería<br><br>-Modalidad: Salón / Take away / Tienda online<br><br>-Tipo de producto: Productos marca Sintaxis<br><br>-Nivel de cuidados: Cocina mixta con cuidados en contaminación cruzada<br><br>-Horarios de atención:<br>Lunes - 7 a 21 horas<br>Martes - 7 a 21 horas<br>Miércoles - 7 a 21 horas<br>Jueves - 7 a 21 horas<br>Viernes - 7 a 21 horas<br>Sábado - 8 a 20 horas<br>Domingo - 9 a 21 horas<br>Feriados - 9 a 21 horas<br><br>Nombre: ]]></description>
        <styleUrl>#icon-1577-FFEA00-labelson</styleUrl>
        <ExtendedData>
          <Data name="Nombre">
            <value/>
          </Data>
        </ExtendedData>
        <Point>
          <coordinates>
            -58.4379563,-34.6143114,0
          </coordinates>
        </Point>
      </Placemark>
      <Placemark>
        <name>Café Martínez</name>
        <description><![CDATA[-Tipo de comercio: Cafetería<br><br>-Modalidad: Salón / Take away / Tienda online<br><br>-Tipo de producto: Productos marca Sintaxis<br><br>-Nivel de cuidados: Cocina mixta con cuidados en contaminación cruzada<br><br>-Horarios de atención:<br>Lunes - 7.30 a 21 horas<br>Martes - 7.30 a 21 horas<br>Miércoles - 7.30 a 21 horas<br>Jueves - 7.30 a 21 horas<br>Viernes - 7.30 a 21 horas<br>Sábado - 8 a 21 horas<br>Domingo - 8 a 21 horas<br>Feriados - 8 a 21 horas<br><br>Nombre: ]]></description>
        <styleUrl>#icon-1577-FFEA00-labelson</styleUrl>
        <ExtendedData>
          <Data name="Nombre">
            <value/>
          </Data>
        </ExtendedData>
        <Point>
          <coordinates>
            -58.4744553,-34.6204289,0
          </coordinates>
        </Point>
      </Placemark>
      <Placemark>
        <name>Café Martínez</name>
        <description><![CDATA[-Tipo de comercio: Cafetería<br><br>-Modalidad: Salón / Take away / Tienda online<br><br>-Tipo de producto: Productos marca Sintaxis<br><br>-Nivel de cuidados: Cocina mixta con cuidados en contaminación cruzada<br><br>-Horarios de atención:<br>Lunes - 8 a 22 horas<br>Martes - 8 a 22 horas<br>Miércoles - 8 a 22 horas<br>Jueves - 8 a 22 horas<br>Viernes - 8 a 22 horas<br>Sábado - 9 a 21 horas<br>Domingo - 9 a 21 horas<br><br>Nombre: ]]></description>
        <styleUrl>#icon-1577-FFEA00-labelson</styleUrl>
        <ExtendedData>
          <Data name="Nombre">
            <value/>
          </Data>
        </ExtendedData>
        <Point>
          <coordinates>
            -58.414297,-34.5906767,0
          </coordinates>
        </Point>
      </Placemark>
      <Placemark>
        <name>Café Martínez</name>
        <description><![CDATA[-Tipo de comercio: Cafetería<br><br>-Modalidad: Salón / Take away / Tienda online<br><br>-Tipo de producto: Productos marca Sintaxis<br><br>-Nivel de cuidados: Cocina mixta con cuidados en contaminación cruzada<br><br>-Horarios de atención:<br>Lunes - 8 a 21 horas<br>Martes - 8 a 21 horas<br>Miércoles - 8 a 21 horas<br>Jueves - 8 a 21 horas<br>Viernes - 8 a 21 horas<br>Sábado - 9 a 21 horas<br>Domingo - 9 a 21 horas<br><br>Nombre: ]]></description>
        <styleUrl>#icon-1577-FFEA00-labelson</styleUrl>
        <ExtendedData>
          <Data name="Nombre">
            <value/>
          </Data>
        </ExtendedData>
        <Point>
          <coordinates>
            -58.431638,-34.625725,0
          </coordinates>
        </Point>
      </Placemark>
      <Placemark>
        <name>Café Martínez</name>
        <description><![CDATA[-Tipo de comercio: Cafetería<br><br>-Modalidad: Salón / Take away / Tienda online<br><br>-Tipo de producto: Productos marca Sintaxis<br><br>-Nivel de cuidados: Cocina mixta con cuidados en contaminación cruzada<br><br>-Horarios de atención:<br>Lunes - 8 a 20 horas<br>Martes - 8 a 20 horas<br>Miércoles - 8 a 20 horas<br>Jueves - 8 a 20 horas<br>Viernes - 8 a 20 horas<br>Sábado - 9 a 18 horas<br>Domingo - 9 a 18 horas<br>Feriados - 9 a 18 horas<br><br>Nombre: ]]></description>
        <styleUrl>#icon-1577-FFEA00-labelson</styleUrl>
        <ExtendedData>
          <Data name="Nombre">
            <value/>
          </Data>
        </ExtendedData>
        <Point>
          <coordinates>
            -58.3976689,-34.5970535,0
          </coordinates>
        </Point>
      </Placemark>
      <Placemark>
        <name>Café Martinez</name>
        <description><![CDATA[-Tipo de comercio: Cafetería<br><br>-Modalidad: Salón / Take away / Tienda online<br><br>-Tipo de producto: Productos marca Sintaxis<br><br>-Nivel de cuidados: Cocina mixta con cuidados en contaminación cruzada<br><br>-Horarios de atención:<br>Lunes - 7 a 20.30 horas<br>Martes - 7 a 20.30 horas<br>Miércoles - 7 a 20.30 horas<br>Jueves - 7 a 20.30 horas<br>Viernes - 7 a 20.30 horas<br>Sábado - 7.30 a 21 horas<br>Domingo - 8 a 21 horas<br><br>Nombre: ]]></description>
        <styleUrl>#icon-1577-FFEA00-labelson</styleUrl>
        <ExtendedData>
          <Data name="Nombre">
            <value/>
          </Data>
        </ExtendedData>
        <Point>
          <coordinates>
            -58.4212555,-34.5852875,0
          </coordinates>
        </Point>
      </Placemark>
      <Placemark>
        <name>Café Martínez</name>
        <description><![CDATA[-Tipo de comercio: Cafetería<br><br>-Modalidad: Salón / Take away / Tienda online<br><br>-Tipo de producto: Productos marca Sintaxis<br><br>-Nivel de cuidados: Cocina mixta con cuidados en contaminación cruzada<br><br>-Horarios de atención:<br>Lunes - 7 a 21 horas<br>Martes - 7 a 21 horas<br>Miércoles - 7 a 21 horas<br>Jueves - 7 a 21 horas<br>Viernes - 7 a 21 horas<br>Sábado - 8 a 20 horas<br>Domingo - Cerrado<br><br>Nombre: ]]></description>
        <styleUrl>#icon-1577-FFEA00-labelson</styleUrl>
        <ExtendedData>
          <Data name="Nombre">
            <value/>
          </Data>
        </ExtendedData>
        <Point>
          <coordinates>
            -58.3866338,-34.6002468,0
          </coordinates>
        </Point>
      </Placemark>
      <Placemark>
        <name>Cafe Martinez</name>
        <description><![CDATA[-Tipo de comercio: Cafetería<br><br>-Modalidad: Salón / Take away / Tienda online<br><br>-Tipo de producto: Productos marca Sintaxis<br><br>-Nivel de cuidados: Cocina mixta con cuidados en contaminación cruzada<br><br>-Horarios de atención:<br>Lunes - 8 a 2 horas<br>Martes - 8 a 2 horas<br>Miércoles - 8 a 2 horas<br>Jueves - 8 a 2 horas<br>Viernes - 8 a 3 horas<br>Sábado - 9 a 3 horas<br>Domingo - 9 a 2 horas<br>Feriados - 9 a 2 horas<br><br>Nombre: ]]></description>
        <styleUrl>#icon-1577-FFEA00-labelson</styleUrl>
        <ExtendedData>
          <Data name="Nombre">
            <value/>
          </Data>
        </ExtendedData>
        <Point>
          <coordinates>
            -58.5234799,-34.6559209,0
          </coordinates>
        </Point>
      </Placemark>
      <Placemark>
        <name>Café Martinez</name>
        <description><![CDATA[-Tipo de comercio: Cafetería<br><br>-Modalidad: Salón / Take away / Tienda online<br><br>-Tipo de producto: Productos marca Sintaxis<br><br>-Nivel de cuidados: Cocina mixta con cuidados en contaminación cruzada<br><br>-Horarios de atención:<br>Lunes - 7 a 20 horas<br>Martes - 7 a 20 horas<br>Miércoles - 7 a 20 horas<br>Jueves - 7 a 20 horas<br>Viernes - 7 a 20 horas<br>Sábado - 7 a 20 horas<br>Domingo - 7 a 20 horas<br>Feriados - 7 a 20 horas<br><br>Nombre: ]]></description>
        <styleUrl>#icon-1577-FFEA00-labelson</styleUrl>
        <ExtendedData>
          <Data name="Nombre">
            <value/>
          </Data>
        </ExtendedData>
        <Point>
          <coordinates>
            -58.4431344,-34.6061906,0
          </coordinates>
        </Point>
      </Placemark>
      <Placemark>
        <name>Café Martínez</name>
        <description><![CDATA[-Tipo de comercio: Cafetería<br><br>-Modalidad: Salón / Take away / Tienda online<br><br>-Tipo de producto: Productos marca Sintaxis<br><br>-Nivel de cuidados: Cocina mixta con cuidados en contaminación cruzada<br><br>-Horarios de atención:<br>Lunes - 7 a 21 horas<br>Martes - 7 a 21 horas<br>Miércoles - 7 a 21 horas<br>Jueves - 7 a 21 horas<br>Viernes - 7 a 21 horas<br>Sábado - 8 a 21 horas<br>Domingo - 8 a 21 horas<br><br>Nombre: ]]></description>
        <styleUrl>#icon-1577-FFEA00-labelson</styleUrl>
        <ExtendedData>
          <Data name="Nombre">
            <value/>
          </Data>
        </ExtendedData>
        <Point>
          <coordinates>
            -58.4646545,-34.5612375,0
          </coordinates>
        </Point>
      </Placemark>
      <Placemark>
        <name>Café Martínez</name>
        <description><![CDATA[-Tipo de comercio: Cafetería<br><br>-Modalidad: Salón / Take away / Tienda online<br><br>-Tipo de producto: Productos marca Sintaxis<br><br>-Nivel de cuidados: Cocina mixta con cuidados en contaminación cruzada<br><br>-Horarios de atención:<br>Lunes - 8 a 21 horas<br>Martes - 8 a 21 horas<br>Miércoles - 8 a 21 horas<br>Jueves - 8 a 21 horas<br>Viernes - 8 a 21 horas<br>Sábado - 8 a 21 horas<br>Domingo - 8 a 21 horas<br><br>Nombre: ]]></description>
        <styleUrl>#icon-1577-FFEA00-labelson</styleUrl>
        <ExtendedData>
          <Data name="Nombre">
            <value/>
          </Data>
        </ExtendedData>
        <Point>
          <coordinates>
            -58.4118323,-34.6039401,0
          </coordinates>
        </Point>
      </Placemark>
      <Placemark>
        <name>Café Martinez</name>
        <description><![CDATA[-Tipo de comercio: Cafetería<br><br>-Modalidad: Salón / Take away / Tienda online<br><br>-Tipo de producto: Productos marca Sintaxis<br><br>-Nivel de cuidados: Cocina mixta con cuidados en contaminación cruzada<br><br>-Horarios de atención:<br>Lunes - 7 a 20 horas<br>Martes - 7 a 20 horas<br>Miércoles - 7 a 20 horas<br>Jueves - 7 a 20 horas<br>Viernes - 7 a 20 horas<br>Sábado - 9 a 18 horas<br>Domingo - Cerrado<br>Feriados - Cerrado<br><br>Nombre: ]]></description>
        <styleUrl>#icon-1577-FFEA00-labelson</styleUrl>
        <ExtendedData>
          <Data name="Nombre">
            <value/>
          </Data>
        </ExtendedData>
        <Point>
          <coordinates>
            -58.3896442,-34.6027634,0
          </coordinates>
        </Point>
      </Placemark>
      <Placemark>
        <name>Café Martínez</name>
        <description><![CDATA[-Tipo de comercio: Cafetería<br><br>-Modalidad: Salón / Take away / Tienda online<br><br>-Tipo de producto: Productos marca Sintaxis<br><br>-Nivel de cuidados: Cocina mixta con cuidados en contaminación cruzada<br><br>-Horarios de atención:<br>Lunes - 8 a 20.30 horas<br>Martes - 8 a 20.30 horas<br>Miércoles - 8 a 20.30 horas<br>Jueves - 8 a 20.30 horas<br>Viernes - 8 a 20.30 horas<br>Sábado - 9 a 20.30 horas<br>Domingo - 9 a 20.30 horas<br><br>Nombre: ]]></description>
        <styleUrl>#icon-1577-FFEA00-labelson</styleUrl>
        <ExtendedData>
          <Data name="Nombre">
            <value/>
          </Data>
        </ExtendedData>
        <Point>
          <coordinates>
            -58.4111891,-34.5852544,0
          </coordinates>
        </Point>
      </Placemark>
      <Placemark>
        <name>Café Martínez</name>
        <description><![CDATA[-Tipo de comercio: Cafetería<br><br>-Modalidad: Salón / Take away / Tienda online<br><br>-Tipo de producto: Productos marca Sintaxis<br><br>-Nivel de cuidados: Cocina mixta con cuidados en contaminación cruzada<br><br>-Horarios de atención:<br>Lunes - 6.30 a 21 horas<br>Martes - 6.30 a 21 horas<br>Miércoles - 6.30 a 21 horas<br>Jueves - 6.30 a 21 horas<br>Viernes - 6.30 a 21 horas<br>Sábado - 8 a 19 horas<br>Domingo - Cerrado<br><br>Nombre: ]]></description>
        <styleUrl>#icon-1577-FFEA00-labelson</styleUrl>
        <ExtendedData>
          <Data name="Nombre">
            <value/>
          </Data>
        </ExtendedData>
        <Point>
          <coordinates>
            -58.3988279,-34.5998615,0
          </coordinates>
        </Point>
      </Placemark>
      <Placemark>
        <name>Café Martínez</name>
        <description><![CDATA[-Tipo de comercio: Cafetería<br><br>-Modalidad: Salón / Take away / Tienda online<br><br>-Tipo de producto: Productos marca Sintaxis<br><br>-Nivel de cuidados: Cocina mixta con cuidados en contaminación cruzada<br><br>-Horarios de atención:<br>Lunes - 7.30 a 21 horas<br>Martes - 7.30 a 21 horas<br>Miércoles - 7.30 a 21 horas<br>Jueves - 7.30 a 21 horas<br>Viernes - 7.30 a 21 horas<br>Sábado - 7.30 a 21 horas<br>Domingo - 9 a 21 horas<br><br>Nombre: ]]></description>
        <styleUrl>#icon-1577-FFEA00-labelson</styleUrl>
        <ExtendedData>
          <Data name="Nombre">
            <value/>
          </Data>
        </ExtendedData>
        <Point>
          <coordinates>
            -58.4478087,-34.5746571,0
          </coordinates>
        </Point>
      </Placemark>
      <Placemark>
        <name>Café Martínez</name>
        <description><![CDATA[-Tipo de comercio: Cafetería<br><br>-Modalidad: Salón / Take away / Tienda online<br><br>-Tipo de producto: Productos marca Sintaxis<br><br>-Nivel de cuidados: Cocina mixta con cuidados en contaminación cruzada<br><br>-Horarios de atención:<br>Lunes - 8 a 21 horas<br>Martes - 8 a 21 horas<br>Miércoles - 8 a 21 horas<br>Jueves - 8 a 21 horas<br>Viernes - 8 a 21 horas<br>Sábado - 9 a 20 horas<br>Domingo - 9.30 a 20 horas<br><br>Nombre: ]]></description>
        <styleUrl>#icon-1577-FFEA00-labelson</styleUrl>
        <ExtendedData>
          <Data name="Nombre">
            <value/>
          </Data>
        </ExtendedData>
        <Point>
          <coordinates>
            -58.4406306,-34.5653726,0
          </coordinates>
        </Point>
      </Placemark>
      <Placemark>
        <name>Café Martínez</name>
        <description><![CDATA[-Tipo de comercio: Cafetería<br><br>-Modalidad: Salón / Take away / Tienda online<br><br>-Tipo de producto: Productos marca Sintaxis<br><br>-Nivel de cuidados: Cocina mixta con cuidados en contaminación cruzada<br><br>-Horarios de atención:<br>Lunes - 7.30 a 20.30 horas<br>Martes - 7.30 a 20.30 horas<br>Miércoles - 7.30 a 20.30 horas<br>Jueves - 7.30 a 20.30 horas<br>Viernes - 7.30 a 20.30 horas<br>Sábado - 7.30 a 20.30 horas<br>Domingo - 8.30 a 19.30 horas<br><br>Nombre: ]]></description>
        <styleUrl>#icon-1577-FFEA00-labelson</styleUrl>
        <ExtendedData>
          <Data name="Nombre">
            <value/>
          </Data>
        </ExtendedData>
        <Point>
          <coordinates>
            -58.3990085,-34.6098202,0
          </coordinates>
        </Point>
      </Placemark>
      <Placemark>
        <name>Café Martínez</name>
        <description><![CDATA[-Tipo de comercio: Cafetería<br><br>-Modalidad: Salón / Take away / Tienda online<br><br>-Tipo de producto: Productos marca Sintaxis<br><br>-Nivel de cuidados: Cocina mixta con cuidados en contaminación cruzada<br><br>-Horarios de atención:<br>Lunes - 7.30 a 20 horas<br>Martes - 7.30 a 20 horas<br>Miércoles - 7.30 a 20 horas<br>Jueves - 7.30 a 20 horas<br>Viernes - 7.30 a 20 horas<br>Sábado - 8 a 20 horas<br>Domingo - Cerrado<br><br>Nombre: ]]></description>
        <styleUrl>#icon-1577-FFEA00-labelson</styleUrl>
        <ExtendedData>
          <Data name="Nombre">
            <value/>
          </Data>
        </ExtendedData>
        <Point>
          <coordinates>
            -58.396573,-34.6046678,0
          </coordinates>
        </Point>
      </Placemark>
      <Placemark>
        <name>Café Martínez</name>
        <description><![CDATA[-Tipo de comercio: Cafetería<br><br>-Modalidad: Salón / Take away / Tienda online<br><br>-Tipo de producto: Productos marca Sintaxis<br><br>-Nivel de cuidados: Cocina mixta con cuidados en contaminación cruzada<br><br>-Horarios de atención:<br>Lunes - 8.30 a 18.30 horas<br>Martes - 8.30 a 18.30 horas<br>Miércoles - 8.30 a 18.30 horas<br>Jueves - 8.30 a 18.30 horas<br>Viernes - 8.30 a 18.30 horas<br>Sábado - 8.30 a 15 horas<br>Domingo - Cerrado<br><br>Nombre: ]]></description>
        <styleUrl>#icon-1577-FFEA00-labelson</styleUrl>
        <ExtendedData>
          <Data name="Nombre">
            <value/>
          </Data>
        </ExtendedData>
        <Point>
          <coordinates>
            -58.3766483,-34.6010234,0
          </coordinates>
        </Point>
      </Placemark>
      <Placemark>
        <name>Café Martínez</name>
        <description><![CDATA[-Tipo de comercio: Cafetería<br><br>-Modalidad: Salón / Take away / Tienda online<br><br>-Tipo de producto: Productos marca Sintaxis<br><br>-Nivel de cuidados: Cocina mixta con cuidados en contaminación cruzada<br><br>-Horarios de atención:<br>Lunes - 8 a 21 horas<br>Martes - 8 a 21 horas<br>Miércoles - 8 a 21 horas<br>Jueves - 8 a 21 horas<br>Viernes - 8 a 21 horas<br>Sábado - 8 a 21 horas<br>Domingo - 10 a 20 horas<br><br>Nombre: ]]></description>
        <styleUrl>#icon-1577-FFEA00-labelson</styleUrl>
        <ExtendedData>
          <Data name="Nombre">
            <value/>
          </Data>
        </ExtendedData>
        <Point>
          <coordinates>
            -58.4386388,-34.5995918,0
          </coordinates>
        </Point>
      </Placemark>
      <Placemark>
        <name>Café Martínez</name>
        <description><![CDATA[-Tipo de comercio: Cafetería<br><br>-Modalidad: Salón / Take away / Tienda online<br><br>-Tipo de producto: Productos marca Sintaxis<br><br>-Nivel de cuidados: Cocina mixta con cuidados en contaminación cruzada<br><br>-Horarios de atención:<br>Lunes - 8 a 21 horas<br>Martes - 8 a 21 horas<br>Miércoles - 8 a 21 horas<br>Jueves - 8 a 21 horas<br>Viernes - 8 a 21 horas<br>Sábado - 9 a 21 horas<br>Domingo - 9 a 21 horas<br><br>Nombre: ]]></description>
        <styleUrl>#icon-1577-FFEA00-labelson</styleUrl>
        <ExtendedData>
          <Data name="Nombre">
            <value/>
          </Data>
        </ExtendedData>
        <Point>
          <coordinates>
            -58.3922273,-34.6073561,0
          </coordinates>
        </Point>
      </Placemark>
      <Placemark>
        <name>Café Martínez</name>
        <description><![CDATA[-Tipo de comercio: Cafetería<br><br>-Modalidad: Salón / Take away / Tienda online<br><br>-Tipo de producto: Productos marca Sintaxis<br><br>-Nivel de cuidados: Cocina mixta con cuidados en contaminación cruzada<br><br>-Horarios de atención:<br>Lunes - 9 a 21 horas<br>Martes - 9 a 21 horas<br>Miércoles - 9 a 21 horas<br>Jueves - 9 a 21 horas<br>Viernes - 9 a 21 horas<br>Sábado - 9 a 20 horas<br>Domingo - 9 a 20 horas<br>Feriados - 9 a 20 horas<br><br>Nombre: ]]></description>
        <styleUrl>#icon-1577-FFEA00-labelson</styleUrl>
        <ExtendedData>
          <Data name="Nombre">
            <value/>
          </Data>
        </ExtendedData>
        <Point>
          <coordinates>
            -58.3657026,-34.6140531,0
          </coordinates>
        </Point>
      </Placemark>
      <Placemark>
        <name>Café Martínez</name>
        <description><![CDATA[-Tipo de comercio: Cafetería<br><br>-Modalidad: Salón / Take away / Tienda online<br><br>-Tipo de producto: Productos marca Sintaxis<br><br>-Nivel de cuidados: Cocina mixta con cuidados en contaminación cruzada<br><br>-Horarios de atención:<br>Lunes - 8 a 22 horas<br>Martes - 8 a 22 horas<br>Miércoles - 8 a 22 horas<br>Jueves - 8 a 22 horas<br>Viernes - 8 a 22 horas<br>Sábado - 9 a 21 horas<br>Domingo - 9 a 21 horas<br><br>Nombre: ]]></description>
        <styleUrl>#icon-1577-FFEA00-labelson</styleUrl>
        <ExtendedData>
          <Data name="Nombre">
            <value/>
          </Data>
        </ExtendedData>
        <Point>
          <coordinates>
            -58.4178296,-34.6033193,0
          </coordinates>
        </Point>
      </Placemark>
      <Placemark>
        <name>Café Martínez</name>
        <description><![CDATA[-Tipo de comercio: Cafetería<br><br>-Modalidad: Salón / Take away / Tienda online<br><br>-Tipo de producto: Productos marca Sintaxis<br><br>-Nivel de cuidados: Cocina mixta con cuidados en contaminación cruzada<br><br>-Horarios de atención:<br>Lunes - 9 a 20 horas<br>Martes - 9 a 20 horas<br>Miércoles - 9 a 20 horas<br>Jueves - 9 a 20 horas<br>Viernes - 9 a 20 horas<br>Sábado - 9 a 20 horas<br>Domingo - 9 a 20 horas<br><br>Nombre: ]]></description>
        <styleUrl>#icon-1577-FFEA00-labelson</styleUrl>
        <ExtendedData>
          <Data name="Nombre">
            <value/>
          </Data>
        </ExtendedData>
        <Point>
          <coordinates>
            -58.4567109,-34.6274263,0
          </coordinates>
        </Point>
      </Placemark>
      <Placemark>
        <name>Café Martínez</name>
        <description><![CDATA[-Tipo de comercio: Cafetería<br><br>-Modalidad: Salón / Take away / Tienda online<br><br>-Tipo de producto: Productos marca Sintaxis<br><br>-Nivel de cuidados: Cocina mixta con cuidados en contaminación cruzada<br><br>-Horarios de atención:<br>Lunes - 7 a 20 horas<br>Martes - 7 a 20 horas<br>Miércoles - 7 a 20 horas<br>Jueves - 7 a 20 horas<br>Viernes - 7 a 20 horas<br>Sábado - 8 a 20 horas<br>Domingo - 8 a 20 horas<br><br>Nombre: ]]></description>
        <styleUrl>#icon-1577-FFEA00-labelson</styleUrl>
        <ExtendedData>
          <Data name="Nombre">
            <value/>
          </Data>
        </ExtendedData>
        <Point>
          <coordinates>
            -58.4962446,-34.6002533,0
          </coordinates>
        </Point>
      </Placemark>
      <Placemark>
        <name>Café Martínez</name>
        <description><![CDATA[-Tipo de comercio: Cafetería<br><br>-Modalidad: Salón / Take away / Tienda online<br><br>-Tipo de producto: Productos marca Sintaxis<br><br>-Nivel de cuidados: Cocina mixta con cuidados en contaminación cruzada<br><br>-Horarios de atención:<br>Lunes - 8.30 a 21 horas<br>Martes - 8.30 a 21 horas<br>Miércoles - 8.30 a 21 horas<br>Jueves - 8.30 a 21 horas<br>Viernes - 8.30 a 21 horas<br>Sábado - 8.30 a 21 horas<br>Domingo - 9 a 20 horas<br><br>Nombre: ]]></description>
        <styleUrl>#icon-1577-FFEA00-labelson</styleUrl>
        <ExtendedData>
          <Data name="Nombre">
            <value/>
          </Data>
        </ExtendedData>
        <Point>
          <coordinates>
            -58.5240408,-34.6131809,0
          </coordinates>
        </Point>
      </Placemark>
      <Placemark>
        <name>Café Martínez</name>
        <description><![CDATA[-Tipo de comercio: Cafetería<br><br>-Modalidad: Salón / Take away / Tienda online<br><br>-Tipo de producto: Productos marca Sintaxis<br><br>-Nivel de cuidados: Cocina mixta con cuidados en contaminación cruzada<br><br>-Horarios de atención:<br>Lunes - 7.30 a 23.30 horas<br>Martes - 7.30 a 23.30 horas<br>Miércoles - 7.30 a 23.30 horas<br>Jueves - 7.30 a 23.30 horas<br>Viernes - 7.30 a 23.30 horas<br>Sábado - 7.30 a 17 horas<br>Domingo - Cerrado<br>Feriados - Cerrado<br><br>Nombre: ]]></description>
        <styleUrl>#icon-1577-FFEA00-labelson</styleUrl>
        <ExtendedData>
          <Data name="Nombre">
            <value/>
          </Data>
        </ExtendedData>
        <Point>
          <coordinates>
            -58.376436,-34.611288,0
          </coordinates>
        </Point>
      </Placemark>
      <Placemark>
        <name>Café Martínez</name>
        <description><![CDATA[-Tipo de comercio: Cafetería<br><br>-Modalidad: Salón / Take away / Tienda online<br><br>-Tipo de producto: Productos marca Sintaxis<br><br>-Nivel de cuidados: Cocina mixta con cuidados en contaminación cruzada<br><br>-Horarios de atención:<br>Lunes - 7 a 20 horas<br>Martes - 7 a 20 horas<br>Miércoles - 7 a 20 horas<br>Jueves - 7 a 20 horas<br>Viernes - 7 a 20 horas<br>Sábado - 7 a 20 horas<br>Domingo - 7 a 20 horas<br><br>Nombre: ]]></description>
        <styleUrl>#icon-1577-FFEA00-labelson</styleUrl>
        <ExtendedData>
          <Data name="Nombre">
            <value/>
          </Data>
        </ExtendedData>
        <Point>
          <coordinates>
            -58.4032842,-34.5963919,0
          </coordinates>
        </Point>
      </Placemark>
      <Placemark>
        <name>Café Martínez</name>
        <description><![CDATA[-Tipo de comercio: Cafetería<br><br>-Modalidad: Salón / Take away / Tienda online<br><br>-Tipo de producto: Productos marca Sintaxis<br><br>-Nivel de cuidados: Cocina mixta con cuidados en contaminación cruzada<br><br>-Horarios de atención:<br>Lunes - 8 a 22 horas<br>Martes - 8 a 22 horas<br>Miércoles - 8 a 22 horas<br>Jueves - 8 a 22 horas<br>Viernes - 8 a 22 horas<br>Sábado - 8 a 22 horas<br>Domingo - 8 a 22 horas<br><br>Nombre: ]]></description>
        <styleUrl>#icon-1577-FFEA00-labelson</styleUrl>
        <ExtendedData>
          <Data name="Nombre">
            <value/>
          </Data>
        </ExtendedData>
        <Point>
          <coordinates>
            -58.4165088,-34.6227656,0
          </coordinates>
        </Point>
      </Placemark>
      <Placemark>
        <name>Café Martínez</name>
        <description><![CDATA[-Tipo de comercio: Cafetería<br><br>-Modalidad: Salón / Take away / Tienda online<br><br>-Tipo de producto: Productos marca Sintaxis<br><br>-Nivel de cuidados: Cocina mixta con cuidados en contaminación cruzada<br><br>-Horarios de atención:<br>Lunes - 7.30 a 20.30 horas<br>Martes - 7.30 a 20.30 horas<br>Miércoles - 7.30 a 20.30 horas<br>Jueves - 7.30 a 20.30 horas<br>Viernes - 7.30 a 20.30 horas<br>Sábado - 8 a 20.30 horas<br>Domingo - 8 a 20.30 horas<br><br>Nombre: ]]></description>
        <styleUrl>#icon-1577-FFEA00-labelson</styleUrl>
        <ExtendedData>
          <Data name="Nombre">
            <value/>
          </Data>
        </ExtendedData>
        <Point>
          <coordinates>
            -58.4506724,-34.5554725,0
          </coordinates>
        </Point>
      </Placemark>
      <Placemark>
        <name>Café Martínez</name>
        <description><![CDATA[-Tipo de comercio: Cafetería<br><br>-Modalidad: Salón / Take away / Tienda online<br><br>-Tipo de producto: Productos marca Sintaxis<br><br>-Nivel de cuidados: Cocina mixta con cuidados en contaminación cruzada<br><br>-Horarios de atención:<br>Lunes - 8 a 0 horas<br>Martes - 8 a 0 horas<br>Miércoles - 8 a 0 horas<br>Jueves - 8 a 0 horas<br>Viernes - 8 a 1 horas<br>Sábado - 8 a 1 horas<br>Domingo - 9 a 0 horas<br>Feriados - 9 a 0 horas<br><br>Nombre: ]]></description>
        <styleUrl>#icon-1577-FFEA00-labelson</styleUrl>
        <ExtendedData>
          <Data name="Nombre">
            <value/>
          </Data>
        </ExtendedData>
        <Point>
          <coordinates>
            -58.5000267,-34.6490654,0
          </coordinates>
        </Point>
      </Placemark>
      <Placemark>
        <name>Café Martínez</name>
        <description><![CDATA[-Tipo de comercio: Cafetería<br><br>-Modalidad: Salón / Take away / Tienda online<br><br>-Tipo de producto: Productos marca Sintaxis<br><br>-Nivel de cuidados: Cocina mixta con cuidados en contaminación cruzada<br><br>-Horarios de atención:<br>Lunes - 7.30 a 21.30 horas<br>Martes - 7.30 a 21.30 horas<br>Miércoles - 7.30 a 21.30 horas<br>Jueves - 7.30 a 21.30 horas<br>Viernes - 7.30 a 21.30 horas<br>Sábado - 7.30 a 21.30 horas<br>Domingo - 9 a 21.30 horas<br><br>Nombre: ]]></description>
        <styleUrl>#icon-1577-FFEA00-labelson</styleUrl>
        <ExtendedData>
          <Data name="Nombre">
            <value/>
          </Data>
        </ExtendedData>
        <Point>
          <coordinates>
            -58.4553283,-34.631937,0
          </coordinates>
        </Point>
      </Placemark>
      <Placemark>
        <name>Café Martínez</name>
        <description><![CDATA[-Tipo de comercio: Cafetería<br><br>-Modalidad: Salón / Take away / Tienda online<br><br>-Tipo de producto: Productos marca Sintaxis<br><br>-Nivel de cuidados: Cocina mixta con cuidados en contaminación cruzada<br><br>-Horarios de atención:<br>Lunes - 8 a 20 horas<br>Martes - 8 a 20 horas<br>Miércoles - 8 a 20 horas<br>Jueves - 8 a 20 horas<br>Viernes - 8 a 20 horas<br>Sábado - 9 a 15 horas<br>Domingo - Cerrado<br><br>Nombre: ]]></description>
        <styleUrl>#icon-1577-FFEA00-labelson</styleUrl>
        <ExtendedData>
          <Data name="Nombre">
            <value/>
          </Data>
        </ExtendedData>
        <Point>
          <coordinates>
            -58.3681436,-34.6125075,0
          </coordinates>
        </Point>
      </Placemark>
      <Placemark>
        <name>Café Martínez</name>
        <description><![CDATA[-Tipo de comercio: Cafetería<br><br>-Modalidad: Salón / Take away / Tienda online<br><br>-Tipo de producto: Productos marca Sintaxis<br><br>-Nivel de cuidados: Cocina mixta con cuidados en contaminación cruzada<br><br>-Horarios de atención:<br>Lunes - 8 a 21 horas<br>Martes - 8 a 21 horas<br>Miércoles - 8 a 21 horas<br>Jueves - 8 a 21 horas<br>Viernes - 8 a 21 horas<br>Sábado - 9 a 21 horas<br>Domingo - 9 a 21 horas<br>Feriados - 9 a 21 horas<br><br>Nombre: ]]></description>
        <styleUrl>#icon-1577-FFEA00-labelson</styleUrl>
        <ExtendedData>
          <Data name="Nombre">
            <value/>
          </Data>
        </ExtendedData>
        <Point>
          <coordinates>
            -58.4483759,-34.5679325,0
          </coordinates>
        </Point>
      </Placemark>
      <Placemark>
        <name>Café Martínez</name>
        <description><![CDATA[-Tipo de comercio: Cafetería<br><br>-Modalidad: Salón / Take away / Tienda online<br><br>-Tipo de producto: Productos marca Sintaxis<br><br>-Nivel de cuidados: Cocina mixta con cuidados en contaminación cruzada<br><br>-Horarios de atención:<br>Lunes - 7.30 a 20 horas<br>Martes - 7.30 a 20 horas<br>Miércoles - 7.30 a 20 horas<br>Jueves - 7.30 a 20 horas<br>Viernes - 7.30 a 20 horas<br>Sábado - 8 a 20 horas<br>Domingo - 8 a 20 horas<br><br>Nombre: ]]></description>
        <styleUrl>#icon-1577-FFEA00-labelson</styleUrl>
        <ExtendedData>
          <Data name="Nombre">
            <value/>
          </Data>
        </ExtendedData>
        <Point>
          <coordinates>
            -58.4710636,-34.5654728,0
          </coordinates>
        </Point>
      </Placemark>
      <Placemark>
        <name>Café Martínez</name>
        <description><![CDATA[-Tipo de comercio: Cafetería<br><br>-Modalidad: Salón / Take away / Tienda online<br><br>-Tipo de producto: Productos marca Sintaxis<br><br>-Nivel de cuidados: Cocina mixta con cuidados en contaminación cruzada<br><br>-Horarios de atención:<br>Lunes - 7 a 0 horas<br>Martes - 7 a 0 horas<br>Miércoles - 7 a 0 horas<br>Jueves - 7 a 0 horas<br>Viernes - 7 a 2 horas<br>Sábado - 7 a 2 horas<br>Domingo - 7 a 0 horas<br><br>Nombre: ]]></description>
        <styleUrl>#icon-1577-FFEA00-labelson</styleUrl>
        <ExtendedData>
          <Data name="Nombre">
            <value/>
          </Data>
        </ExtendedData>
        <Point>
          <coordinates>
            -58.5084914,-34.6393227,0
          </coordinates>
        </Point>
      </Placemark>
      <Placemark>
        <name>Café Martínez</name>
        <description><![CDATA[-Tipo de comercio: Cafetería<br><br>-Modalidad: Salón / Take away / Tienda online<br><br>-Tipo de producto: Productos marca Sintaxis<br><br>-Nivel de cuidados: Cocina mixta con cuidados en contaminación cruzada<br><br>-Horarios de atención:<br>Lunes - 7.30 a 20.30 horas<br>Martes - 7.30 a 20.30 horas<br>Miércoles - 7.30 a 20.30 horas<br>Jueves - 7.30 a 20.30 horas<br>Viernes - 7.30 a 20.30 horas<br>Sábado - 10 a 17 horas<br>Domingo - Cerrado<br><br>Nombre: ]]></description>
        <styleUrl>#icon-1577-FFEA00-labelson</styleUrl>
        <ExtendedData>
          <Data name="Nombre">
            <value/>
          </Data>
        </ExtendedData>
        <Point>
          <coordinates>
            -58.3804057,-34.5953915,0
          </coordinates>
        </Point>
      </Placemark>
      <Placemark>
        <name>Café Martínez</name>
        <description><![CDATA[-Tipo de comercio: Cafetería<br><br>-Modalidad: Salón / Take away / Tienda online<br><br>-Tipo de producto: Productos marca Sintaxis<br><br>-Nivel de cuidados: Cocina mixta con cuidados en contaminación cruzada<br><br>-Horarios de atención:<br>Lunes - 8 a 20 horas<br>Martes - 8 a 20 horas<br>Miércoles - 8 a 20 horas<br>Jueves - 8 a 20 horas<br>Viernes - 8 a 20 horas<br>Sábado - Cerrado<br>Domingo - Cerrado<br><br>Nombre: ]]></description>
        <styleUrl>#icon-1577-FFEA00-labelson</styleUrl>
        <ExtendedData>
          <Data name="Nombre">
            <value/>
          </Data>
        </ExtendedData>
        <Point>
          <coordinates>
            -58.3732007,-34.6033247,0
          </coordinates>
        </Point>
      </Placemark>
      <Placemark>
        <name>Café Martínez</name>
        <description><![CDATA[-Tipo de comercio: Cafetería<br><br>-Modalidad: Salón / Take away / Tienda online<br><br>-Tipo de producto: Productos marca Sintaxis<br><br>-Nivel de cuidados: Cocina mixta con cuidados en contaminación cruzada<br><br>-Horarios de atención:<br>Lunes - 6.30 a 20 horas<br>Martes - 6.30 a 20 horas<br>Miércoles - 6.30 a 20 horas<br>Jueves - 6.30 a 20 horas<br>Viernes - 6.30 a 20 horas<br>Sábado - 7.30 a 20 horas<br>Domingo - 7.30 a 20 horas<br>Feriados - 7.30 a 20 horas<br><br>Nombre: ]]></description>
        <styleUrl>#icon-1577-FFEA00-labelson</styleUrl>
        <ExtendedData>
          <Data name="Nombre">
            <value/>
          </Data>
        </ExtendedData>
        <Point>
          <coordinates>
            -58.3805799,-34.6280112,0
          </coordinates>
        </Point>
      </Placemark>
      <Placemark>
        <name>Café Martínez</name>
        <description><![CDATA[-Tipo de comercio: Cafetería<br><br>-Modalidad: Salón / Take away / Tienda online<br><br>-Tipo de producto: Productos marca Sintaxis<br><br>-Nivel de cuidados: Cocina mixta con cuidados en contaminación cruzada<br><br>-Horarios de atención:<br>Lunes - 8 a 20 horas<br>Martes - 8 a 20 horas<br>Miércoles - 8 a 20 horas<br>Jueves - 8 a 20 horas<br>Viernes - 8 a 20 horas<br>Sábado - 9.30 a 20 horas<br>Domingo - Cerrado<br>Feriados - Cerrado<br><br>Nombre: ]]></description>
        <styleUrl>#icon-1577-FFEA00-labelson</styleUrl>
        <ExtendedData>
          <Data name="Nombre">
            <value/>
          </Data>
        </ExtendedData>
        <Point>
          <coordinates>
            -58.3925623,-34.6033053,0
          </coordinates>
        </Point>
      </Placemark>
      <Placemark>
        <name>Café Martínez</name>
        <description><![CDATA[-Tipo de comercio: Cafetería<br><br>-Modalidad: Salón / Take away / Tienda online<br><br>-Tipo de producto: Productos marca Sintaxis<br><br>-Nivel de cuidados: Cocina mixta con cuidados en contaminación cruzada<br><br>-Horarios de atención:<br>Lunes - 10 a 22 horas<br>Martes - 10 a 22 horas<br>Miércoles - 10 a 22 horas<br>Jueves - 10 a 22 horas<br>Viernes - 10 a 22 horas<br>Sábado - 10 a 22 horas<br>Domingo - 10 a 22 horas<br><br>Nombre: ]]></description>
        <styleUrl>#icon-1577-FFEA00-labelson</styleUrl>
        <ExtendedData>
          <Data name="Nombre">
            <value/>
          </Data>
        </ExtendedData>
        <Point>
          <coordinates>
            -58.4378202,-34.6183875,0
          </coordinates>
        </Point>
      </Placemark>
      <Placemark>
        <name>Café Martínez</name>
        <description><![CDATA[-Tipo de comercio: Cafetería<br><br>-Modalidad: Salón / Take away / Tienda online<br><br>-Tipo de producto: Productos marca Sintaxis<br><br>-Nivel de cuidados: Cocina mixta con cuidados en contaminación cruzada<br><br>-Horarios de atención:<br>Lunes - 7 a 21 horas<br>Martes - 7 a 21 horas<br>Miércoles - 7 a 21 horas<br>Jueves - 7 a 21 horas<br>Viernes - 7 a 21 horas<br>Sábado - 8 a 20 horas<br>Domingo - Cerrado<br>Feriados - Cerrado<br><br>Nombre: ]]></description>
        <styleUrl>#icon-1577-FFEA00-labelson</styleUrl>
        <ExtendedData>
          <Data name="Nombre">
            <value/>
          </Data>
        </ExtendedData>
        <Point>
          <coordinates>
            -58.3865597,-34.6053488,0
          </coordinates>
        </Point>
      </Placemark>
      <Placemark>
        <name>Café Martínez</name>
        <description><![CDATA[-Tipo de comercio: Cafetería<br><br>-Modalidad: Salón / Take away / Tienda online<br><br>-Tipo de producto: Productos marca Sintaxis<br><br>-Nivel de cuidados: Cocina mixta con cuidados en contaminación cruzada<br><br>-Horarios de atención:<br>Lunes - 8 a 21 horas<br>Martes - 8 a 21 horas<br>Miércoles - 8 a 21 horas<br>Jueves - 8 a 21 horas<br>Viernes - 8 a 21 horas<br>Sábado - 9 a 18 horas<br>Domingo - Cerrado<br><br>Nombre: ]]></description>
        <styleUrl>#icon-1577-FFEA00-labelson</styleUrl>
        <ExtendedData>
          <Data name="Nombre">
            <value/>
          </Data>
        </ExtendedData>
        <Point>
          <coordinates>
            -58.4633026,-34.5662129,0
          </coordinates>
        </Point>
      </Placemark>
      <Placemark>
        <name>Café Martínez</name>
        <description><![CDATA[-Tipo de comercio: Cafetería<br><br>-Modalidad: Salón / Take away / Tienda online<br><br>-Tipo de producto: Productos marca Sintaxis<br><br>-Nivel de cuidados: Cocina mixta con cuidados en contaminación cruzada<br><br>-Horarios de atención:<br>Lunes - 8 a 21 horas<br>Martes - 8 a 21 horas<br>Miércoles - 8 a 21 horas<br>Jueves - 8 a 21 horas<br>Viernes - 8 a 21 horas<br>Sábado - 8 a 21 horas<br>Domingo - 9 a 21 horas<br><br>Nombre: ]]></description>
        <styleUrl>#icon-1577-FFEA00-labelson</styleUrl>
        <ExtendedData>
          <Data name="Nombre">
            <value/>
          </Data>
        </ExtendedData>
        <Point>
          <coordinates>
            -58.3914003,-34.620429,0
          </coordinates>
        </Point>
      </Placemark>
      <Placemark>
        <name>Café Martínez</name>
        <description><![CDATA[-Tipo de comercio: Cafetería<br><br>-Modalidad: Salón / Take away / Tienda online<br><br>-Tipo de producto: Productos marca Sintaxis<br><br>-Nivel de cuidados: Cocina mixta con cuidados en contaminación cruzada<br><br>-Horarios de atención:<br>Lunes - 8 a 21 horas<br>Martes - 8 a 21 horas<br>Miércoles - 8 a 21 horas<br>Jueves - 8 a 21 horas<br>Viernes - 8 a 21 horas<br>Sábado - 8 a 21 horas<br>Domingo - Cerrado<br>Feriados - Cerrado<br><br>Nombre: ]]></description>
        <styleUrl>#icon-1577-FFEA00-labelson</styleUrl>
        <ExtendedData>
          <Data name="Nombre">
            <value/>
          </Data>
        </ExtendedData>
        <Point>
          <coordinates>
            -58.385656,-34.5977577,0
          </coordinates>
        </Point>
      </Placemark>
      <Placemark>
        <name>Café Martínez</name>
        <description><![CDATA[-Tipo de comercio: Cafetería<br><br>-Modalidad: Salón / Take away / Tienda online<br><br>-Tipo de producto: Productos marca Sintaxis<br><br>-Nivel de cuidados: Cocina mixta con cuidados en contaminación cruzada<br><br>-Horarios de atención:<br>Lunes - 7.30 a 21 horas<br>Martes - 7.30 a 21 horas<br>Miércoles - 7.30 a 21 horas<br>Jueves - 7.30 a 21 horas<br>Viernes - 7.30 a 21 horas<br>Sábado - 7.30 a 21 horas<br>Domingo - Cerrado<br><br>Nombre: ]]></description>
        <styleUrl>#icon-1577-FFEA00-labelson</styleUrl>
        <ExtendedData>
          <Data name="Nombre">
            <value/>
          </Data>
        </ExtendedData>
        <Point>
          <coordinates>
            -58.3907444,-34.613467,0
          </coordinates>
        </Point>
      </Placemark>
      <Placemark>
        <name>Café Martínez</name>
        <description><![CDATA[-Tipo de comercio: Cafetería<br><br>-Modalidad: Salón / Take away / Tienda online<br><br>-Tipo de producto: Productos marca Sintaxis<br><br>-Nivel de cuidados: Cocina mixta con cuidados en contaminación cruzada<br><br>-Horarios de atención:<br>Lunes - 7.30 a 22.30 horas<br>Martes - 7.30 a 22.30 horas<br>Miércoles - 7.30 a 22.30 horas<br>Jueves - 7.30 a 22.30 horas<br>Viernes - 7.30 a 22.30 horas<br>Sábado - 7.30 a 22.30 horas<br>Domingo - 7.30 a 22.30 horas<br><br>Nombre: ]]></description>
        <styleUrl>#icon-1577-FFEA00-labelson</styleUrl>
        <ExtendedData>
          <Data name="Nombre">
            <value/>
          </Data>
        </ExtendedData>
        <Point>
          <coordinates>
            -58.4930759,-34.6040931,0
          </coordinates>
        </Point>
      </Placemark>
      <Placemark>
        <name>Café Martínez</name>
        <description><![CDATA[-Tipo de comercio: Cafetería<br><br>-Modalidad: Salón / Take away / Tienda online<br><br>-Tipo de producto: Productos marca Sintaxis<br><br>-Nivel de cuidados: Cocina mixta con cuidados en contaminación cruzada<br><br>-Horarios de atención:<br>Lunes - 7.30 a 22 horas<br>Martes - 7.30 a 22 horas<br>Miércoles - 7.30 a 22 horas<br>Jueves - 7.30 a 22 horas<br>Viernes - 7.30 a 22 horas<br>Sábado - 7.30 a 22 horas<br>Domingo - 7.30 a 22 horas<br><br>Nombre: ]]></description>
        <styleUrl>#icon-1577-FFEA00-labelson</styleUrl>
        <ExtendedData>
          <Data name="Nombre">
            <value/>
          </Data>
        </ExtendedData>
        <Point>
          <coordinates>
            -58.4866638,-34.5771802,0
          </coordinates>
        </Point>
      </Placemark>
      <Placemark>
        <name>Café Martínez</name>
        <description><![CDATA[-Tipo de comercio: Cafetería<br><br>-Modalidad: Salón / Take away / Tienda online<br><br>-Tipo de producto: Productos marca Sintaxis<br><br>-Nivel de cuidados: Cocina mixta con cuidados en contaminación cruzada<br><br>-Horarios de atención:<br>Lunes - 8 a 21 horas<br>Martes - 8 a 21 horas<br>Miércoles - 8 a 21 horas<br>Jueves - 8 a 21 horas<br>Viernes - 8 a 21 horas<br>Sábado - 9 a 21 horas<br>Domingo - 9 a 21 horas<br><br>Nombre: ]]></description>
        <styleUrl>#icon-1577-FFEA00-labelson</styleUrl>
        <ExtendedData>
          <Data name="Nombre">
            <value/>
          </Data>
        </ExtendedData>
        <Point>
          <coordinates>
            -58.4458085,-34.6225903,0
          </coordinates>
        </Point>
      </Placemark>
      <Placemark>
        <name>Café Martínez</name>
        <description><![CDATA[-Tipo de comercio: Cafetería<br><br>-Modalidad: Salón / Take away / Tienda online<br><br>-Tipo de producto: Productos marca Sintaxis<br><br>-Nivel de cuidados: Cocina mixta con cuidados en contaminación cruzada<br><br>-Horarios de atención:<br>Lunes - 8 a 20 horas<br>Martes - 8 a 20 horas<br>Miércoles - 8 a 20 horas<br>Jueves - 8 a 20 horas<br>Viernes - 8 a 20 horas<br>Sábado - Cerrado<br>Domingo - Cerrado<br><br>Nombre: ]]></description>
        <styleUrl>#icon-1577-FFEA00-labelson</styleUrl>
        <ExtendedData>
          <Data name="Nombre">
            <value/>
          </Data>
        </ExtendedData>
        <Point>
          <coordinates>
            -58.3762753,-34.6085425,0
          </coordinates>
        </Point>
      </Placemark>
      <Placemark>
        <name>Café Martinez</name>
        <description><![CDATA[-Tipo de comercio: Cafetería<br><br>-Modalidad: Salón / Take away / Tienda online<br><br>-Tipo de producto: Productos marca Sintaxis<br><br>-Nivel de cuidados: Cocina mixta con cuidados en contaminación cruzada<br><br>-Horarios de atención:<br>Lunes - 7.30 a 19.30 horas<br>Martes - 7.30 a 19.30 horas<br>Miércoles - 7.30 a 19.30 horas<br>Jueves - 7.30 a 219.30 horas<br>Viernes - 7.30 a 19.30 horas<br>Sábado - 8 a 19 horas<br>Domingo - Cerrado<br><br>Nombre: ]]></description>
        <styleUrl>#icon-1577-FFEA00-labelson</styleUrl>
        <ExtendedData>
          <Data name="Nombre">
            <value/>
          </Data>
        </ExtendedData>
        <Point>
          <coordinates>
            -58.3877055,-34.6350344,0
          </coordinates>
        </Point>
      </Placemark>
      <Placemark>
        <name>Café Martinez</name>
        <description><![CDATA[-Tipo de comercio: Cafetería<br><br>-Modalidad: Salón / Take away / Tienda online<br><br>-Tipo de producto: Productos marca Sintaxis<br><br>-Nivel de cuidados: Cocina mixta con cuidados en contaminación cruzada<br><br>-Horarios de atención:<br>Lunes - 8 a 21 horas<br>Martes - 8 a 21 horas<br>Miércoles - 8 a 21 horas<br>Jueves - 8 a 21 horas<br>Viernes - 8 a 21 horas<br>Sábado - 7.30 a 21 horas<br>Domingo - 8.30 a 21 horas<br>Feriados - 7.30 a 20 horas<br><br>Nombre: ]]></description>
        <styleUrl>#icon-1577-FFEA00-labelson</styleUrl>
        <ExtendedData>
          <Data name="Nombre">
            <value/>
          </Data>
        </ExtendedData>
        <Point>
          <coordinates>
            -58.5234298,-34.6391729,0
          </coordinates>
        </Point>
      </Placemark>
      <Placemark>
        <name>Café Martínez Barracas</name>
        <description><![CDATA[-Tipo de comercio: Cafetería<br><br>-Modalidad: Salón / Take away / Tienda online<br><br>-Tipo de producto: Productos marca Sintaxis<br><br>-Nivel de cuidados: Cocina mixta con cuidados en contaminación cruzada<br><br>-Horarios de atención:<br>Lunes - 8 a 21 horas<br>Martes - 8 a 21 horas<br>Miércoles - 8 a 21 horas<br>Jueves - 8 a 21 horas<br>Viernes - 8 a 21 horas<br>Sábado - 8 a 21 horas<br>Domingo - 8 a 21 horas<br><br>Nombre: ]]></description>
        <styleUrl>#icon-1577-FFEA00-labelson</styleUrl>
        <ExtendedData>
          <Data name="Nombre">
            <value/>
          </Data>
        </ExtendedData>
        <Point>
          <coordinates>
            -58.3749213,-34.6381203,0
          </coordinates>
        </Point>
      </Placemark>
      <Placemark>
        <name>Café Martínez- Congreso</name>
        <description><![CDATA[-Tipo de comercio: Cafetería<br><br>-Modalidad: Salón / Take away / Tienda online<br><br>-Tipo de producto: Productos marca Sintaxis<br><br>-Nivel de cuidados: Cocina mixta con cuidados en contaminación cruzada<br><br>-Horarios de atención:<br>Lunes - 7 a 2 horas<br>Martes - 7 a 2 horas<br>Miércoles - 7 a 2 horas<br>Jueves - 7 a 2 horas<br>Viernes - 7 a 0 horas<br>Sábado - 8 a 0 horas<br>Domingo - 8 a 20 horas<br>Feriados - 8 a 20 horas<br><br>Nombre: ]]></description>
        <styleUrl>#icon-1577-FFEA00-labelson</styleUrl>
        <ExtendedData>
          <Data name="Nombre">
            <value/>
          </Data>
        </ExtendedData>
        <Point>
          <coordinates>
            -58.3890669,-34.6088652,0
          </coordinates>
        </Point>
      </Placemark>
      <Placemark>
        <name>Café Martínez Devoto</name>
        <description><![CDATA[-Tipo de comercio: Cafetería<br><br>-Modalidad: Salón / Take away / Tienda online<br><br>-Tipo de producto: Productos marca Sintaxis<br><br>-Nivel de cuidados: Cocina mixta con cuidados en contaminación cruzada<br><br>-Horarios de atención:<br>Lunes - 8 a 23 horas<br>Martes - 8 a 23 horas<br>Miércoles - 8 a 23 horas<br>Jueves - 8 a 23 horas<br>Viernes - 8 a 23 horas<br>Sábado - 8 a 23 horas<br>Domingo - 8 a 23 horas<br><br>Nombre: ]]></description>
        <styleUrl>#icon-1577-FFEA00-labelson</styleUrl>
        <ExtendedData>
          <Data name="Nombre">
            <value/>
          </Data>
        </ExtendedData>
        <Point>
          <coordinates>
            -58.5124636,-34.6010611,0
          </coordinates>
        </Point>
      </Placemark>
      <Placemark>
        <name>Café Martínez Hidalgo 872</name>
        <description><![CDATA[-Tipo de comercio: Cafetería<br><br>-Modalidad: Salón / Take away / Tienda online<br><br>-Tipo de producto: Productos marca Sintaxis<br><br>-Nivel de cuidados: Cocina mixta con cuidados en contaminación cruzada<br><br>-Horarios de atención:<br>Lunes - 7 a 21 horas<br>Martes - 7 a 21 horas<br>Miércoles - 7 a 21 horas<br>Jueves - 7 a 21 horas<br>Viernes - 7 a 21 horas<br>Sábado - 7 a 21 horas<br>Domingo - 7 a 21 horas<br><br>Nombre: ]]></description>
        <styleUrl>#icon-1577-FFEA00-labelson</styleUrl>
        <ExtendedData>
          <Data name="Nombre">
            <value/>
          </Data>
        </ExtendedData>
        <Point>
          <coordinates>
            -58.4415788,-34.6088649,0
          </coordinates>
        </Point>
      </Placemark>
      <Placemark>
        <name>Café Martínez - Núñez</name>
        <description><![CDATA[-Tipo de comercio: Cafetería<br><br>-Modalidad: Salón / Take away / Tienda online<br><br>-Tipo de producto: Productos marca Sintaxis<br><br>-Nivel de cuidados: Cocina mixta con cuidados en contaminación cruzada<br><br>-Horarios de atención:<br>Lunes - 8 a 20 horas<br>Martes - 8 a 20 horas<br>Miércoles - 8 a 20 horas<br>Jueves - 8 a 20 horas<br>Viernes - 8 a 20 horas<br>Sábado - 9 a 21 horas<br>Domingo - 9 a 21 horas<br><br>Nombre: ]]></description>
        <styleUrl>#icon-1577-FFEA00-labelson</styleUrl>
        <ExtendedData>
          <Data name="Nombre">
            <value/>
          </Data>
        </ExtendedData>
        <Point>
          <coordinates>
            -58.4671741,-34.5499033,0
          </coordinates>
        </Point>
      </Placemark>
      <Placemark>
        <name>Café Martínez SMART SERVICES</name>
        <description><![CDATA[-Tipo de comercio: Cafetería<br><br>-Modalidad: Salón / Take away / Tienda online<br><br>-Tipo de producto: Productos marca Sintaxis<br><br>-Nivel de cuidados: Cocina mixta con cuidados en contaminación cruzada<br><br>-Horarios de atención:<br>Lunes - 8 a 20 horas<br>Martes - 8 a 20 horas<br>Miércoles - 8 a 20 horas<br>Jueves - 8 a 20 horas<br>Viernes - 8 a 20 horas<br>Sábado - 8 a 20 horas<br>Domingo - 8 a 20 horas<br><br>Nombre: ]]></description>
        <styleUrl>#icon-1577-FFEA00-labelson</styleUrl>
        <ExtendedData>
          <Data name="Nombre">
            <value/>
          </Data>
        </ExtendedData>
        <Point>
          <coordinates>
            -58.4254368,-34.6058624,0
          </coordinates>
        </Point>
      </Placemark>
      <Placemark>
        <name>Campobravo</name>
        <description><![CDATA[-Tipo de comercio: Restaurante<br><br>-Modalidad: Salón<br><br>-Tipo de producto: Elaboración propia<br><br>-Materia prima: Certificada sin TACC<br><br>-Nivel de cuidados: Cocina 100% libre de gluten<br><br>-Horarios de atención:<br>Lunes - Cerrado<br>Martes - 11 a 00.30 horas<br>Miércoles - 11 a 00.30 horas<br>Jueves - 11 a 00.30 horas<br>Viernes - 11 a 00.30 horas<br>Sábado - 11 a 00.30 horas<br>Domingo - 11 a 00.30 horas<br><br>Nombre: ]]></description>
        <styleUrl>#icon-1577-FFEA00-labelson</styleUrl>
        <ExtendedData>
          <Data name="Nombre">
            <value/>
          </Data>
        </ExtendedData>
        <Point>
          <coordinates>
            -58.364843,-34.6013585,0
          </coordinates>
        </Point>
      </Placemark>
      <Placemark>
        <name>Campobravo Cañitas</name>
        <description><![CDATA[-Tipo de comercio: Restaurante<br><br>-Modalidad: Salón<br><br>-Tipo de producto: Elaboración propia<br><br>-Materia prima: Certificada sin TACC<br><br>-Nivel de cuidados: Cocina 100% libre de gluten<br><br>-Horarios de atención:<br>Lunes - Cerrado<br>Martes - 12 a 1 horas<br>Miércoles - 12 a 1 horas<br>Jueves - 12 a 1 horas<br>Viernes - 12 a 1 horas<br>Sábado - 12 a 1 horas<br>Domingo - 12 a 1 horas<br><br>Nombre: ]]></description>
        <styleUrl>#icon-1577-FFEA00-labelson</styleUrl>
        <ExtendedData>
          <Data name="Nombre">
            <value/>
          </Data>
        </ExtendedData>
        <Point>
          <coordinates>
            -58.4311873,-34.5722344,0
          </coordinates>
        </Point>
      </Placemark>
      <Placemark>
        <name>Campobravo Palermo</name>
        <description><![CDATA[-Tipo de comercio: Restaurante<br><br>-Modalidad: Salón<br><br>-Tipo de producto: Elaboración propia<br><br>-Materia prima: Certificada sin TACC<br><br>-Nivel de cuidados: Cocina 100% libre de gluten<br><br>-Horarios de atención:<br>Lunes - Cerrado<br>Martes - 12 a 1 horas<br>Miércoles - 12 a 1 horas<br>Jueves - 12 a 1 horas<br>Viernes - 12 a 1 horas<br>Sábado - 12 a 1 horas<br>Domingo - 12 a 1 horas<br><br>Nombre: ]]></description>
        <styleUrl>#icon-1577-FFEA00-labelson</styleUrl>
        <ExtendedData>
          <Data name="Nombre">
            <value/>
          </Data>
        </ExtendedData>
        <Point>
          <coordinates>
            -58.4363973,-34.5843466,0
          </coordinates>
        </Point>
      </Placemark>
      <Placemark>
        <name>Campobravo Caballito</name>
        <description><![CDATA[-Tipo de comercio: Restaurante<br><br>-Modalidad: Salón<br><br>-Tipo de producto: Elaboración propia<br><br>-Materia prima: Certificada sin TACC<br><br>-Nivel de cuidados: Cocina 100% libre de gluten<br><br>-Horarios de atención:<br>Lunes - Cerrado<br>Martes - 12 a 1 horas<br>Miércoles - 12 a 1 horas<br>Jueves - 12 a 1 horas<br>Viernes - 12 a 1 horas<br>Sábado - 12 a 1 horas<br>Domingo - 12 a 1 horas<br><br>Nombre: ]]></description>
        <styleUrl>#icon-1577-FFEA00-labelson</styleUrl>
        <ExtendedData>
          <Data name="Nombre">
            <value/>
          </Data>
        </ExtendedData>
        <Point>
          <coordinates>
            -58.4484996,-34.6279377,0
          </coordinates>
        </Point>
      </Placemark>
      <Placemark>
        <name>Casa Dingo</name>
        <description><![CDATA[-Tipo de comercio: Restaurante / Cafetería<br><br>-Modalidad: Salón <br><br>-Tipo de producto: Elaboración propia <br><br>-Materia prima: Certificada sin TACC<br><br>-Nivel de cuidados: Cocina mixta con cuidados en contaminación cruzada<br><br>-Horarios de atención:<br>Lunes - 8 a 20 horas<br>Martes - 8 a 20 horas<br>Miércoles - 8 a 20 horas<br>Jueves - 8 a 20 horas<br>Viernes - 8 a 20 horas<br>Sábado - 8 a 20 horas<br>Domingo - 9 a 20 horas<br><br>Nombre: ]]></description>
        <styleUrl>#icon-1577-FFEA00-labelson</styleUrl>
        <ExtendedData>
          <Data name="Nombre">
            <value/>
          </Data>
        </ExtendedData>
        <Point>
          <coordinates>
            -58.4252916,-34.5879454,0
          </coordinates>
        </Point>
      </Placemark>
      <Placemark>
        <name>Celigourmet Barrio Norte</name>
        <description><![CDATA[-Tipo de comercio: Panadería / Pizzería / Pastelería / Rotisería<br><br>-Modalidad: Delivery propio / Envío por app / Take away / Tienda online<br><br>-Tipo de producto: Elaboración propia<br><br>-Materia prima: Certificada sin TACC<br><br>-Cocina: Cocina 100% libre de gluten<br><br>-Horarios de atención:<br>Lunes - 12 a 20 horas<br>Martes - 12 a 20 horas<br>Miércoles - 12 a 20 horas<br>Jueves - 12 a 20 horas<br>Viernes - 12 a 20 horas<br>Sábado - 12 a 20 horas<br>Domingo - 12 a 20 horas<br><br>Instagram: @celigourmet<br><br>Nombre: Celigourmet]]></description>
        <styleUrl>#icon-1578-E65100-labelson</styleUrl>
        <ExtendedData>
          <Data name="Nombre">
            <value>Celigourmet</value>
          </Data>
        </ExtendedData>
        <Point>
          <coordinates>
            -58.405737,-34.586805,0
          </coordinates>
        </Point>
      </Placemark>
      <Placemark>
        <name>Celigourmet Belgrano</name>
        <description><![CDATA[-Tipo de comercio: Panadería / Pizzería / Pastelería / Rotisería<br><br>-Modalidad: Delivery propio / Envío por app / Take away / Tienda online<br><br>-Tipo de producto: Elaboración propia<br><br>-Materia prima: Certificada sin TACC<br><br>-Cocina: Cocina 100% libre de gluten<br><br>-Horarios de atención:<br>Lunes - 12 a 20 horas<br>Martes - 12 a 20 horas<br>Miércoles - 12 a 20 horas<br>Jueves - 12 a 20 horas<br>Viernes - 12 a 20 horas<br>Sábado - 12 a 20 horas<br>Domingo - 12 a 20 horas<br><br>Instagram: @celigourmet<br><br>Nombre: ]]></description>
        <styleUrl>#icon-1578-E65100-labelson</styleUrl>
        <ExtendedData>
          <Data name="Nombre">
            <value/>
          </Data>
        </ExtendedData>
        <Point>
          <coordinates>
            -58.4492972,-34.5679711,0
          </coordinates>
        </Point>
      </Placemark>
      <Placemark>
        <name>Celigourmet Caballito</name>
        <description><![CDATA[-Tipo de comercio: Panadería / Pizzería / Pastelería / Rotisería<br><br>-Modalidad: Consumo en salón / Delivery propio / Envío por app / Take away / Tienda online<br><br>-Tipo de producto: Elaboración propia<br><br>-Materia prima: Certificada sin TACC<br><br>-Cocina: Cocina 100% libre de gluten<br><br>-Horarios de atención:<br>Lunes - 12 a 20 horas<br>Martes - 12 a 20 horas<br>Miércoles - 12 a 20 horas<br>Jueves - 12 a 20 horas<br>Viernes - 12 a 20 horas<br>Sábado - 12 a 20 horas<br>Domingo - 12 a 20 horas<br><br>Instagram: @celigourmet<br><br>Nombre: ]]></description>
        <styleUrl>#icon-1577-FFEA00-labelson</styleUrl>
        <ExtendedData>
          <Data name="Nombre">
            <value/>
          </Data>
        </ExtendedData>
        <Point>
          <coordinates>
            -58.4273825,-34.6144087,0
          </coordinates>
        </Point>
      </Placemark>
      <Placemark>
        <name>Celigourmet Caballito</name>
        <description><![CDATA[-Tipo de comercio: Panadería / Pizzería / Pastelería / Rotisería<br><br>-Modalidad: Delivery propio / Envío por app / Take away / Tienda online<br><br>-Tipo de producto: Elaboración propia<br><br>-Materia prima: Certificada sin TACC<br><br>-Cocina: Cocina 100% libre de gluten<br><br>-Horarios de atención:<br>Lunes - 12 a 20 horas<br>Martes - 12 a 20 horas<br>Miércoles - 12 a 20 horas<br>Jueves - 12 a 20 horas<br>Viernes - 12 a 20 horas<br>Sábado - 12 a 20 horas<br>Domingo - 12 a 20 horas<br><br>Instagram: @celigourmet<br><br>Nombre: ]]></description>
        <styleUrl>#icon-1578-E65100-labelson</styleUrl>
        <ExtendedData>
          <Data name="Nombre">
            <value/>
          </Data>
        </ExtendedData>
        <Point>
          <coordinates>
            -58.4338933,-34.6283834,0
          </coordinates>
        </Point>
      </Placemark>
      <Placemark>
        <name>Celigourmet Cañitas</name>
        <description><![CDATA[-Tipo de comercio: Panadería / Pizzería / Pastelería / Rotisería<br><br>-Modalidad: Delivery propio / Envío por app / Take away / Tienda online<br><br>-Tipo de producto: Elaboración propia<br><br>-Materia prima: Certificada sin TACC<br><br>-Cocina: Cocina 100% libre de gluten<br><br>-Horarios de atención:<br>Lunes - 12 a 20 horas<br>Martes - 12 a 20 horas<br>Miércoles - 12 a 20 horas<br>Jueves - 12 a 20 horas<br>Viernes - 12 a 20 horas<br>Sábado - 12 a 20 horas<br>Domingo - 12 a 20 horas<br><br>Instagram: @celigourmet<br><br>Nombre: ]]></description>
        <styleUrl>#icon-1578-E65100-labelson</styleUrl>
        <ExtendedData>
          <Data name="Nombre">
            <value/>
          </Data>
        </ExtendedData>
        <Point>
          <coordinates>
            -58.437866,-34.5668784,0
          </coordinates>
        </Point>
      </Placemark>
      <Placemark>
        <name>Celigourmet Núñez</name>
        <description><![CDATA[-Tipo de comercio: Panadería / Pizzería / Pastelería / Rotisería<br><br>-Modalidad: Delivery propio / Envío por app / Take away / Tienda online<br><br>-Tipo de producto: Elaboración propia<br><br>-Materia prima: Certificada sin TACC<br><br>-Cocina: Cocina 100% libre de gluten<br><br>-Horarios de atención:<br>Lunes - 12 a 20 horas<br>Martes - 12 a 20 horas<br>Miércoles - 12 a 20 horas<br>Jueves - 12 a 20 horas<br>Viernes - 12 a 20 horas<br>Sábado - 12 a 20 horas<br>Domingo - 12 a 20 horas<br><br>Instagram: @celigourmet<br><br>Nombre: ]]></description>
        <styleUrl>#icon-1578-E65100-labelson</styleUrl>
        <ExtendedData>
          <Data name="Nombre">
            <value/>
          </Data>
        </ExtendedData>
        <Point>
          <coordinates>
            -58.4694954,-34.5470147,0
          </coordinates>
        </Point>
      </Placemark>
      <Placemark>
        <name>Celigourmet Palermo</name>
        <description><![CDATA[-Tipo de comercio: Panadería / Pizzería / Pastelería / Rotisería<br><br>-Modalidad: Consumo en salón / Delivery propio / Envío por app / Take away / Tienda online<br><br>-Tipo de producto: Elaboración propia<br><br>-Materia prima: Certificada sin TACC<br><br>-Cocina: Cocina 100% libre de gluten<br><br>-Horarios de atención:<br>Lunes - 12 a 20 horas<br>Martes - 12 a 20 horas<br>Miércoles - 12 a 20 horas<br>Jueves - 12 a 20 horas<br>Viernes - 12 a 20 horas<br>Sábado - 12 a 20 horas<br>Domingo - 12 a 20 horas<br><br>Instagram: @celigourmet<br><br>Nombre: ]]></description>
        <styleUrl>#icon-1577-FFEA00-labelson</styleUrl>
        <ExtendedData>
          <Data name="Nombre">
            <value/>
          </Data>
        </ExtendedData>
        <Point>
          <coordinates>
            -58.4306549,-34.5878586,0
          </coordinates>
        </Point>
      </Placemark>
      <Placemark>
        <name>Celigourmet Recoleta</name>
        <description><![CDATA[-Tipo de comercio: Panadería / Pizzería / Pastelería / Rotisería<br><br>-Modalidad: Delivery propio / Envío por app / Take away / Tienda online<br><br>-Tipo de producto: Elaboración propia<br><br>-Materia prima: Certificada sin TACC<br><br>-Cocina: Cocina 100% libre de gluten<br><br>-Horarios de atención:<br>Lunes - 12 a 20 horas<br>Martes - 12 a 20 horas<br>Miércoles - 12 a 20 horas<br>Jueves - 12 a 20 horas<br>Viernes - 12 a 20 horas<br>Sábado - 12 a 20 horas<br>Domingo - 12 a 20 horas<br><br>Instagram: @celigourmet<br><br>Nombre: ]]></description>
        <styleUrl>#icon-1578-E65100-labelson</styleUrl>
        <ExtendedData>
          <Data name="Nombre">
            <value/>
          </Data>
        </ExtendedData>
        <Point>
          <coordinates>
            -58.3857254,-34.5942192,0
          </coordinates>
        </Point>
      </Placemark>
      <Placemark>
        <name>Celigourmet Villa Urquiza</name>
        <description><![CDATA[-Tipo de comercio: Panadería / Pizzería / Pastelería / Rotisería<br><br>-Modalidad: Delivery propio / Envío por app / Take away / Tienda online<br><br>-Tipo de producto: Elaboración propia<br><br>-Materia prima: Certificada sin TACC<br><br>-Cocina: Cocina 100% libre de gluten<br><br>-Horarios de atención:<br>Lunes - 12 a 20 horas<br>Martes - 12 a 20 horas<br>Miércoles - 12 a 20 horas<br>Jueves - 12 a 20 horas<br>Viernes - 12 a 20 horas<br>Sábado - 12 a 20 horas<br>Domingo - 12 a 20 horas<br><br>Instagram: @celigourmet<br><br>Nombre: ]]></description>
        <styleUrl>#icon-1578-E65100-labelson</styleUrl>
        <ExtendedData>
          <Data name="Nombre">
            <value/>
          </Data>
        </ExtendedData>
        <Point>
          <coordinates>
            -58.4828474,-34.5723995,0
          </coordinates>
        </Point>
      </Placemark>
      <Placemark>
        <name>Central Cook</name>
        <description><![CDATA[-Tipo de comercio: Restaurante<br><br>-Modalidad: Salón / Delivery<br><br>-Tipo de producto: Elaboración propia  / Productos marca Sans Gluten<br><br>-Materia prima: Certificada sin TACC<br><br>-Nivel de cuidados: Cocina mixta con cuidados en contaminación cruzada<br><br>-Horarios de atención:<br>Lunes - 8 a 23 horas<br>Martes - 8 a 23 horas<br>Miércoles - 8 a 23 horas<br>Jueves - 8 a 23 horas<br>Viernes - 8 a 23 horas<br>Sábado - 9 a 22 horas<br>Domingo - 9 a 22 horas<br><br>Nombre: ]]></description>
        <styleUrl>#icon-1577-FFEA00-labelson</styleUrl>
        <ExtendedData>
          <Data name="Nombre">
            <value/>
          </Data>
        </ExtendedData>
        <Point>
          <coordinates>
            -58.4435174,-34.5687509,0
          </coordinates>
        </Point>
      </Placemark>
      <Placemark>
        <name>Churros El Topo #SinTacc</name>
        <description><![CDATA[-Tipo de comercio: Churrería<br><br>-Modalidad: Take away / Envío por app<br><br>-Tipo de producto: Elaboración propia <br><br>-Materia prima: Certificada sin TACC<br><br>-Cocina: Cocina 100% libre de gluten<br><br>-Horarios de atención:<br>Lunes - 7.30 a 19.45 horas<br>Martes - 7.30 a 19.45 horas<br>Miércoles - 7.30 a 19.45 horas<br>Jueves - 7.30 a 19.45 horas<br>Viernes - 7.30 a 19.45 horas<br>Sábado - 8 a 12.30 y 13.30 a 19.45 horas<br>Domingo - 8 a 12.30 y 13.30 a 19.45 horas<br><br>Nombre: ]]></description>
        <styleUrl>#icon-1578-E65100-labelson</styleUrl>
        <ExtendedData>
          <Data name="Nombre">
            <value/>
          </Data>
        </ExtendedData>
        <Point>
          <coordinates>
            -58.4551558,-34.5675795,0
          </coordinates>
        </Point>
      </Placemark>
      <Placemark>
        <name>Churros El Topo #SINTACC</name>
        <description><![CDATA[-Tipo de comercio: Churrería<br><br>-Modalidad: Take away / Envío por app<br><br>-Tipo de producto: Elaboración propia<br><br>-Materia prima: Certificada sin TACC<br><br>-Cocina: Cocina 100% libre de gluten<br><br>-Horarios de atención:<br>Lunes - 7 a 19 horas<br>Martes - 7 a 19 horas<br>Miércoles - 7 a 19 horas<br>Jueves - 7 a 19 horas<br>Viernes - 7 a 19 horas<br>Sábado - 8 a 12 y 13 a 19 horas<br>Domingo - 8 a 12 y 13 a 19 horas<br><br>Nombre: ]]></description>
        <styleUrl>#icon-1578-E65100-labelson</styleUrl>
        <ExtendedData>
          <Data name="Nombre">
            <value/>
          </Data>
        </ExtendedData>
        <Point>
          <coordinates>
            -58.3829489,-34.6026511,0
          </coordinates>
        </Point>
      </Placemark>
      <Placemark>
        <name>CiTiO</name>
        <description><![CDATA[-Tipo de comercio: Cafetería / Panadería / Pastelería / Fábrica de pastas / Bar<br><br>-Modalidad: Salón / Take away<br><br>-Tipo de producto: No son de elaboración propia <br><br>-Nivel de cuidados: Se sirve cerrado como lo envía el proveedor<br><br>-Horarios de atención:<br>Lunes - 8 a 20 horas<br>Martes - 8 a 20 horas<br>Miércoles - 8 a 20 horas<br>Jueves - 8 a 20 horas<br>Viernes - 8 a 20 horas<br>Sábado - 8 a 20.30 horas<br>Domingo - 8 a 20.30 horas<br><br>Instagram: @citio.bsas <br><br>Nombre: ]]></description>
        <styleUrl>#icon-1577-FFEA00-labelson</styleUrl>
        <ExtendedData>
          <Data name="Nombre">
            <value/>
          </Data>
        </ExtendedData>
        <Point>
          <coordinates>
            -58.4641546,-34.5425027,0
          </coordinates>
        </Point>
      </Placemark>
      <Placemark>
        <name>Cocelia | Caballito</name>
        <description><![CDATA[-Tipo de comercio: Restaurante / Hamburguesería / Sandwichería / Cafetería / Panadería / Pizzeria<br><br>-Modalidad: Salón / Take away / Delivery<br><br>-Tipo de producto: Elaboración propia <br><br>-Materia prima: Certificada sin TACC<br><br>-Nivel de cuidados: Cocina 100% libre de gluten<br><br>-Horarios de atención:<br>Lunes - 10 a 19 horas<br>Martes - 10 a 19 horas<br>Miércoles - 10 a 19 horas<br>Jueves - 10 a 19 horas<br>Viernes - 10 a 19 horas<br>Sábado - 10 a 19 horas<br>Domingo - 10 a 19 horas<br><br>Nombre: ]]></description>
        <styleUrl>#icon-1577-FFEA00-labelson</styleUrl>
        <ExtendedData>
          <Data name="Nombre">
            <value/>
          </Data>
        </ExtendedData>
        <Point>
          <coordinates>
            -58.4379851,-34.6134061,0
          </coordinates>
        </Point>
      </Placemark>
      <Placemark>
        <name>Comer En Compañía</name>
        <description><![CDATA[-Tipo de comercio: Restaurante / Cafetería<br><br>-Modalidad: Salón / Take away <br><br>-Tipo de producto: Elaboración propia<br><br>-Nivel de cuidados: Cocina mixta con cuidados en contaminación cruzada<br><br>Comentario del lugar: "Si bien no trabajamos todos los productos sin gluten tenemos cocina sectorizada así como las heladeras, microondas, tostadoras y utensillos". <br><br>-Horarios de atención:<br>Lunes - 7.30 a 20 horas<br>Martes - 7.30 a 20 horas<br>Miércoles - 7.30 a 20 horas<br>Jueves - 7.30 a 20 horas<br>Viernes - 7.30 a 20 horas<br>Sábado - Cerrado<br>Domingo - Cerrado<br><br>Nombre: ]]></description>
        <styleUrl>#icon-1577-FFEA00-labelson</styleUrl>
        <ExtendedData>
          <Data name="Nombre">
            <value/>
          </Data>
        </ExtendedData>
        <Point>
          <coordinates>
            -58.370958,-34.5998257,0
          </coordinates>
        </Point>
      </Placemark>
      <Placemark>
        <name>Cooking time gluten free (cerrado momentáneamente)</name>
        <description><![CDATA[-Tipo de comercio: Panadería y pastelería<br><br>-Modalidad: Take away<br><br>-Tipo de producto: Elaboración propia<br><br>-Materia prima: Certificada sin TACC<br><br>-Nivel de cuidados: Cocina 100% libre de gluten <br><br>-Horarios de atención:<br>Lunes - 8 a 20 horas<br>Martes - 8 a 20 horas<br>Miércoles - 8 a 20 horas<br>Jueves - 8 a 20 horas<br>Viernes - 8 a 20 horas<br>Sábado - 8 a 20 horas<br>Domingo - Cerrado<br><br>Nombre: ]]></description>
        <styleUrl>#icon-1578-E65100-labelson</styleUrl>
        <ExtendedData>
          <Data name="Nombre">
            <value/>
          </Data>
        </ExtendedData>
        <Point>
          <coordinates>
            -58.4051918,-34.5872653,0
          </coordinates>
        </Point>
      </Placemark>
      <Placemark>
        <name>Cooking Time Gluten Free (cerrado momentáneamente)</name>
        <description><![CDATA[-Tipo de comercio: Panadería y pastelería<br><br>-Modalidad: Take away<br><br>-Tipo de producto: Elaboración propia<br><br>-Materia prima: Certificada sin TACC<br><br>-Nivel de cuidados: Cocina 100% libre de gluten <br><br>-Horarios de atención:<br>Lunes - 8 a 20 horas<br>Martes - 8 a 20 horas<br>Miércoles - 8 a 20 horas<br>Jueves - 8 a 20 horas<br>Viernes - 8 a 20 horas<br>Sábado - 8 a 20 horas<br>Domingo - Cerrado<br><br>Nombre: ]]></description>
        <styleUrl>#icon-1578-E65100-labelson</styleUrl>
        <ExtendedData>
          <Data name="Nombre">
            <value/>
          </Data>
        </ExtendedData>
        <Point>
          <coordinates>
            -58.4005181,-34.5880621,0
          </coordinates>
        </Point>
      </Placemark>
      <Placemark>
        <name>Damajuá</name>
        <description><![CDATA[-Tipo de comercio: Restaurante / Bar<br><br>-Modalidad: Salón / Take away <br>-Tipo de producto: Elaboración propia<br><br>-Materia prima: Certificada sin TACC<br><br>-Nivel de cuidados: Cocina mixta con cuidados en contaminación cruzada<br><br>-Horarios de atención:<br>Lunes - Cerrado<br>Martes - 17 a 1 horas<br>Miércoles - 17 a 1 horas<br>Jueves - 17 a 1 horas<br>Viernes - 17 a 2 horas<br>Sábado - 18.30 a 3 horas<br>Domingo - Cerrado<br><br>Nombre: ]]></description>
        <styleUrl>#icon-1577-FFEA00-labelson</styleUrl>
        <ExtendedData>
          <Data name="Nombre">
            <value/>
          </Data>
        </ExtendedData>
        <Point>
          <coordinates>
            -58.4396719,-34.5799973,0
          </coordinates>
        </Point>
      </Placemark>
      <Placemark>
        <name>Delimade Viandas Gluten free Sin tacc</name>
        <description><![CDATA[-Tipo de comercio: Panadería / Viandas / Pastelería / Catering<br><br>-Modalidad: Take away / Envíos Semanales <br><br>-Tipo de producto: Elaboración propia <br><br>-Materia prima: Certificada sin TACC<br><br>-Nivel de cuidados: Cocina 100% libre de gluten <br><br>-Horarios de atención:<br>Lunes - 8.30 a 15.30 horas (local abierto al público de 11 a 14 horas)<br>Martes - 8.30 a 15.30 horas (local abierto al público de 11 a 14 horas)<br>Miércoles - 8.30 a 15.30 horas (local abierto al público de 11 a 14 horas)<br>Jueves - 8.30 a 15.30 horas (local abierto al público de 11 a 14 horas)<br>Viernes - 8.30 a 15.30 horas (local abierto al público de 11 a 14 horas)<br>Sábado - Cerrado<br>Domingo - Cerrado<br><br>Nombre: ]]></description>
        <styleUrl>#icon-1578-E65100-labelson</styleUrl>
        <ExtendedData>
          <Data name="Nombre">
            <value/>
          </Data>
        </ExtendedData>
        <Point>
          <coordinates>
            -58.3864767,-34.6087058,0
          </coordinates>
        </Point>
      </Placemark>
      <Placemark>
        <name>Desarmadero Bar/Session</name>
        <description><![CDATA[-Tipo de comercio: Cervecería<br><br>-Modalidad: Salón / Take away / Delivery<br><br>-Tipo de producto: Elaboración propia<br><br>-Nivel de cuidados: Cocina mixta con cuidados en contaminación cruzada<br><br>-Horarios de atención:<br>Lunes - 18 a 1 horas<br>Martes - 18 a 1 horas<br>Miércoles - 18 a 2 horas<br>Jueves - 18 a 2 horas<br>Viernes - 18 a 3 horas<br>Sábado - 18 a 3 horas<br>Domingo - 18 a 1 horas<br><br>Nombre: ]]></description>
        <styleUrl>#icon-1577-FFEA00-labelson</styleUrl>
        <ExtendedData>
          <Data name="Nombre">
            <value/>
          </Data>
        </ExtendedData>
        <Point>
          <coordinates>
            -58.424152,-34.594158,0
          </coordinates>
        </Point>
      </Placemark>
      <Placemark>
        <name>Despensa del celíaco</name>
        <description><![CDATA[-Tipo de comercio: Panadería / Pastelería / Fábrica de pastas<br><br>-Modalidad: Take away / Envío por app / Tienda online<br><br>-Tipo de producto: Elaboración propia<br><br>-Materia prima: Certificada sin TACC<br><br>-Cocina: Cocina 100% libre de gluten<br><br>-Horarios de atención:<br>Lunes - Cerrado<br>Martes - 10 a 19 horas<br>Miércoles - 10 a 19 horas<br>Jueves - 10 a 19 horas<br>Viernes - 10 a 19 horas<br>Sábado - 10 a 19 horas<br>Domingo - Cerrado<br><br>Nombre: Despensa del celíaco]]></description>
        <styleUrl>#icon-1578-E65100-labelson</styleUrl>
        <ExtendedData>
          <Data name="Nombre">
            <value>Despensa del celíaco</value>
          </Data>
        </ExtendedData>
        <Point>
          <coordinates>
            -58.415242,-34.5791627,0
          </coordinates>
        </Point>
      </Placemark>
      <Placemark>
        <name><![CDATA[D' MONT Coffee store]]></name>
        <description><![CDATA[-Tipo de comercio: Cafetería<br><br>-Modalidad: Salón / Take away<br><br>-Tipo de producto: Productos marca Sintaxis<br><br>-Nivel de cuidados: Cocina mixta con cuidados en contaminación cruzada<br><br>Comentario del lugar: "Sólo ofrecemos productos envasados al vacío en origen".<br><br>-Horarios de atención:<br>Lunes - 9 a 20 horas<br>Martes - 9 a 20 horas<br>Miércoles - 9 a 20 horas<br>Jueves - 9 a 20 horas<br>Viernes - 9 a 20 horas<br>Sábado - 9 a 20 horas<br>Domingo - 10 a 20 horas<br><br>Nombre: ]]></description>
        <styleUrl>#icon-1577-FFEA00-labelson</styleUrl>
        <ExtendedData>
          <Data name="Nombre">
            <value/>
          </Data>
        </ExtendedData>
        <Point>
          <coordinates>
            -58.492776,-34.5688499,0
          </coordinates>
        </Point>
      </Placemark>
      <Placemark>
        <name>Dolce Italatsi</name>
        <description><![CDATA[-Tipo de comercio: Pastelería<br><br>-Modalidad: Take away / Envío por app<br><br>-Tipo de producto: Elaboración propia<br><br>-Materia prima: Certificada sin gluten<br><br>-Cocina: Cocina 100% libre de gluten<br><br>-Horarios de atención:<br>Lunes - 10 a 19 horas<br>Martes - 10 a 19 horas<br>Miércoles - 10 a 19 horas<br>Jueves - 10 a 19 horas<br>Viernes - 10 a 19 horas<br>Sábado - 10 a 13 horas<br>Domingo - Cerrado<br>Feriados: 10 a 13 horas (chequear en sus RRSS)<br><br>Instagram: @dolceitalatsi<br><br>Nombre: ]]></description>
        <styleUrl>#icon-1578-E65100-labelson</styleUrl>
        <ExtendedData>
          <Data name="Nombre">
            <value/>
          </Data>
        </ExtendedData>
        <Point>
          <coordinates>
            -58.4656088,-34.6323552,0
          </coordinates>
        </Point>
      </Placemark>
      <Placemark>
        <name>Don Benito</name>
        <description><![CDATA[-Tipo de comercio: Restaurante /  Parilla <br><br>-Modalidad: Salón / Take away <br><br>-Tipo de producto: Elaboración propia <br><br>-Materia prima: Certificada sin TACC <br><br>-Nivel de cuidados: Cocina 100% libre de gluten (poseen dos cocinas separadas ya que hay un 10% de la carta que es con gluten).<br><br>-Horarios de atención:<br>Lunes - 11 a 1 horas<br>Martes - 11 a 1 horas<br>Miércoles - 11 a 1 horas<br>Jueves - 11 a 1 horas<br>Viernes - 11 a 1 horas<br>Sábado - 11 a 1 horas<br>Domingo - 12 a 18 horas<br><br>Nombre: ]]></description>
        <styleUrl>#icon-1577-FFEA00-labelson</styleUrl>
        <ExtendedData>
          <Data name="Nombre">
            <value/>
          </Data>
        </ExtendedData>
        <Point>
          <coordinates>
            -58.4363607,-34.5854231,0
          </coordinates>
        </Point>
      </Placemark>
      <Placemark>
        <name>Don Benito Soho</name>
        <description><![CDATA[-Tipo de comercio: Restaurante / Parilla <br><br>-Modalidad: Salón / Take away <br><br>-Tipo de producto: Elaboración propia <br><br>-Materia prima: Certificada sin TACC <br><br>-Nivel de cuidados: Cocina 100% libre de gluten (poseen dos cocinas separadas ya que hay un 10% de la carta que es con gluten).<br><br>-Horarios de atención:<br>Lunes - 11 a 1 horas<br>Martes - 11 a 1 horas<br>Miércoles - 11 a 1 horas<br>Jueves - 11 a 1 horas<br>Viernes - 11 a 1 horas<br>Sábado - 11 a 1 horas<br>Domingo - 12 a 18 horas<br><br>Nombre: ]]></description>
        <styleUrl>#icon-1577-FFEA00-labelson</styleUrl>
        <ExtendedData>
          <Data name="Nombre">
            <value/>
          </Data>
        </ExtendedData>
        <Point>
          <coordinates>
            -58.4240633,-34.5846445,0
          </coordinates>
        </Point>
      </Placemark>
      <Placemark>
        <name>Dulce Destino</name>
        <description><![CDATA[-Tipo de comercio: Cafetería<br><br>-Modalidad: Salón / Take away / Delivery<br><br>-Tipo de producto: Productos marca Lovely Cakes sin TACC<br><br>-Nivel de cuidados: Cocina mixta con cuidados en contaminación cruzada<br><br>-Horarios de atención:<br>Lunes - Cerrado<br>Martes - 10 a 19 horas<br>Miércoles - 10 a 19 horas<br>Jueves - 10 a 19 horas<br>Viernes - 10 a 19 horas<br>Sábado - 10 a 19 horas<br>Domingo - Cerrado<br><br>Nombre: ]]></description>
        <styleUrl>#icon-1577-FFEA00-labelson</styleUrl>
        <ExtendedData>
          <Data name="Nombre">
            <value/>
          </Data>
        </ExtendedData>
        <Point>
          <coordinates>
            -58.3750596,-34.6338371,0
          </coordinates>
        </Point>
      </Placemark>
      <Placemark>
        <name><![CDATA[Eggs & Greens Café]]></name>
        <description><![CDATA[-Tipo de comercio: Restaurante <br><br>-Modalidad: Salón / Delivery<br><br>-Tipo de producto: Elaboración propia<br><br>-Materia prima: Certificada sin TACC<br><br>-Nivel de cuidados: Cocina 100% libre de gluten<br><br>-Horarios de atención:<br>Lunes - Martes - 9 a 19 horas<br>Martes - 9 a 19 horas<br>Miércoles - 9 a 19 horas<br>Jueves - 9 a 19 horas<br>Viernes - 9 a 19 horas<br>Sábado - 9 a 19 horas<br>Domingo - 9 a 19 horas<br><br>Nombre: ]]></description>
        <styleUrl>#icon-1577-FFEA00-labelson</styleUrl>
        <ExtendedData>
          <Data name="Nombre">
            <value/>
          </Data>
        </ExtendedData>
        <Point>
          <coordinates>
            -58.4335053,-34.568202,0
          </coordinates>
        </Point>
      </Placemark>
      <Placemark>
        <name>El buen sabor africano</name>
        <description><![CDATA[-Tipo de comercio: Restaurante<br><br>-Modalidad: Salón / Take away<br><br>-Tipo de producto: Elaboración propia <br><br>-Materia prima: Certificada sin gluten<br><br>-Cocina: Cocina mixta con cuidados en contaminación cruzada<br><br>-Cuidados para evitar la CC: Utensilios exclusivos para la cocción de los alimentos sin gluten / Personal con conocimiento en la manipulación de estos alimentos<br><br>Comentario del lugar: "Sugerimos leer bien nuestra carta en www.elbuensaborafricano.com.ar y avisar que es intolerante al gluten o celíaco". <br><br>-Horarios de atención:<br>Lunes - Cerrado<br>Martes - Cerrado<br>Miércoles - desde las 20 horas<br>Jueves - desde las 20 horas<br>Viernes - desde las 20 horas<br>Sábado - de 12 a 16 y desde las 20 horas<br>Domingo - Cerrado<br><br>Instagram: @elbuensaborafricano<br><br>Nombre: ]]></description>
        <styleUrl>#icon-1577-FFEA00-labelson</styleUrl>
        <ExtendedData>
          <Data name="Nombre">
            <value/>
          </Data>
        </ExtendedData>
        <Point>
          <coordinates>
            -58.438601,-34.6024488,0
          </coordinates>
        </Point>
      </Placemark>
      <Placemark>
        <name>El Gato Negro</name>
        <description><![CDATA[-Tipo de comercio: Café notable<br><br>-Modalidad: Salón<br><br>-Tipo de producto: Elaboración externa en cocina libre de gluten.<br><br>-Nivel de cuidados: Cocina mixta con cuidados en contaminación cruzada<br><br>-Horarios de atención:<br>Lunes - 9 a 21 horas<br> Martes - 9 a 22 horas<br> Miércoles - 9 a 23 horas<br>Jueves - 9 a 23 horas<br> Viernes - 9 a 2 horas<br>Sábados - 9 a 2 horas <br>Domingo - 11 a 22 horas <br>Feriados abierto<br><br>Nombre: ]]></description>
        <styleUrl>#icon-1577-FFEA00-labelson</styleUrl>
        <ExtendedData>
          <Data name="Nombre">
            <value/>
          </Data>
        </ExtendedData>
        <Point>
          <coordinates>
            -58.3902814,-34.6041329,0
          </coordinates>
        </Point>
      </Placemark>
      <Placemark>
        <name>El Remanso</name>
        <description><![CDATA[-Tipo de comercio: Restaurante / Parilla<br><br>-Modalidad: Salón / Take away / Delivery<br><br>-Tipo de producto: Elaboración propia<br><br>-Materia prima: Certificada sin TACC <br><br>-Nivel de cuidados: Cocina mixta con cuidados en contaminación cruzada<br><br>-Horarios de atención:<br>Lunes - 19.30 a 0 horas<br>Martes - 19.30 a 0 horas<br>Miércoles - 19.30 a 0 horas<br>Jueves - 19.30 a 0 horas<br>Viernes - 19.30 a 0 horas<br>Sábado - 12.30 a 0 horas<br>Domingo - 12.30 a 0 horas<br><br>Nombre: ]]></description>
        <styleUrl>#icon-1577-FFEA00-labelson</styleUrl>
        <ExtendedData>
          <Data name="Nombre">
            <value/>
          </Data>
        </ExtendedData>
        <Point>
          <coordinates>
            -58.376532,-34.6184746,0
          </coordinates>
        </Point>
      </Placemark>
      <Placemark>
        <name>Encuentro Nativo</name>
        <description><![CDATA[-Tipo de comercio: Restaurante <br><br>-Tipo de producto: Elaboración propia <br><br>-Materia prima: Certificada sin gluten<br><br>-Cocina: Cocina mixta con cuidados en contaminación cruzada<br><br>-Cuidados para evitar la CC: Utensilios exclusivos para la cocción de los alimentos sin gluten / Personal con conocimiento en la manipulación de estos alimentos<br><br>-Modalidad: Consumo en salón<br><br>-Horarios de atención:<br>Lunes - 10 a 19 horas<br>Martes - 10 a 19 horas<br>Miércoles - 10 a 19 horas<br>Jueves - 10 a 19 horas<br>Viernes - 10 a 19 horas<br>Sábado - 10 a 19 horas<br>Domingo - 10 a 19 horas<br><br>Instagram: @encuentronativo<br> <br><br>Nombre: ]]></description>
        <styleUrl>#icon-1577-FFEA00-labelson</styleUrl>
        <ExtendedData>
          <Data name="Nombre">
            <value/>
          </Data>
        </ExtendedData>
        <Point>
          <coordinates>
            -58.3626213,-34.6397591,0
          </coordinates>
        </Point>
      </Placemark>
      <Placemark>
        <name>Entre Amigos</name>
        <description><![CDATA[-Tipo de comercio: Restaurante / Parilla <br><br>-Modalidad: Salón / Take away / Delivery <br><br>-Tipo de producto: Elaboración propia / Productos marca Gluten Freezer<br><br>-Materia prima: Certificada sin TACC <br><br>-Nivel de cuidados: Cocina mixta con cuidados en contaminación cruzada<br><br>Comentario del lugar: "Es una cocina grande, que se divide. Para las cosas sin TACC usamos heladeras, utensilios, etc. que son exclusivos para las cosas aptas. No hay ningún riesgo de contaminación cruzada".<br><br>-Horarios de atención:<br>Lunes - 12 a 16 y 20 a 0 horas<br>Martes - Cerrado<br>Miércoles - 12 a 16 y 20 a 0 horas<br>Jueves - 12 a 16 y 20 a 0 horas<br>Viernes - 12 a 16 y 20 a 0 horas<br>Sábado - 12 a 16 y 20 a 0 horas<br>Domingo - 12 a 16 y 20 a 0 horas<br><br>Nombre: ]]></description>
        <styleUrl>#icon-1577-FFEA00-labelson</styleUrl>
        <ExtendedData>
          <Data name="Nombre">
            <value/>
          </Data>
        </ExtendedData>
        <Point>
          <coordinates>
            -58.5063052,-34.6344757,0
          </coordinates>
        </Point>
      </Placemark>
      <Placemark>
        <name>Falafelandia</name>
        <description><![CDATA[-Tipo de comercio: Local de venta de Falafel original de Medio Oriente.<br><br>-Modalidad: Barra / Take away / Envío por app<br><br>-Tipo de producto: Elaboración propia<br><br>-Materia prima: Certificada sin gluten<br><br>-Cocina: Cocina mixta con cuidados en contaminación cruzada<br><br>-Cuidados para evitar la CC: Utensilios exclusivos para la cocción de los alimentos sin gluten / Personal con conocimiento en la manipulación de estos alimentos<br><br>-Horarios de atención:<br>Lunes - Cerrado<br>Martes - 12 a 15:30 horas<br>Miércoles - 12 a 15:30 y 19 a 23:30 horas<br>Jueves - 12 a 15:30 y 19 a 23:30 horas<br>Viernes - 12 a 15:30 y 19 a 23:30 horas<br>Sábado - 12 a 15:30 y 19 a 23:30 horas<br>Domingo - Cerrado<br><br>Instagram: @falafelandia<br><br>Nombre: ]]></description>
        <styleUrl>#icon-1577-FFEA00-labelson</styleUrl>
        <ExtendedData>
          <Data name="Nombre">
            <value/>
          </Data>
        </ExtendedData>
        <Point>
          <coordinates>
            -58.4360952,-34.5904551,0
          </coordinates>
        </Point>
      </Placemark>
      <Placemark>
        <name>Fat Broder</name>
        <description><![CDATA[-Tipo de comercio: Hamburguesería<br><br>-Modalidad: Salón / Take away / Delivery<br><br>-Tipo de producto: Elaboración propia<br><br>-Materia prima: Certificada sin TACC<br><br>-Nivel de cuidados: Cocina mixta con cuidados en la contaminación cruzada<br><br>-Horarios de atención:<br>Lunes - 9 a 0.30 horas<br>Martes - 9 a 0.30 horas<br>Miércoles - 9 a 0.30 horas<br>Jueves - 9 a 0.30 horas<br>Viernes - 9 a 0.30 horas<br>Sábado - 9 a 0.30 horas<br>Domingo - 9 a 0.30 horas<br><br>Nombre: ]]></description>
        <styleUrl>#icon-1577-FFEA00-labelson</styleUrl>
        <ExtendedData>
          <Data name="Nombre">
            <value/>
          </Data>
        </ExtendedData>
        <Point>
          <coordinates>
            -58.4175812,-34.5876615,0
          </coordinates>
        </Point>
      </Placemark>
      <Placemark>
        <name>Felice Gluten Free</name>
        <description><![CDATA[-Tipo de comercio: Despacho<br><br>-Modalidad: Take away<br><br>-Tipo de producto: Elaboración propia<br><br>-Nivel de cuidados: Cocina 100% libre de gluten<br><br>-Horarios de atención:<br>Lunes - Cerrado<br>Martes - 12 a 19 horas<br>Miércoles - 12 a 19 horas<br>Jueves - 12 a 19 horas<br>Viernes - 12 a 19 horas<br>Sábado - 10 a 16 horas<br>Domingo - Cerrado<br><br>Nombre: ]]></description>
        <styleUrl>#icon-1578-E65100-labelson</styleUrl>
        <ExtendedData>
          <Data name="Nombre">
            <value/>
          </Data>
        </ExtendedData>
        <Point>
          <coordinates>
            -58.4299772,-34.5998615,0
          </coordinates>
        </Point>
      </Placemark>
      <Placemark>
        <name>Felicia - Sofitel Buenos Aires Recoleta</name>
        <description><![CDATA[-Tipo de comercio: Bar<br><br>-Modalidad: Salón<br><br>-Tipo de producto: Elaboración propia<br><br>-Materia prima: Certificada sin TACC<br><br>-Nivel de cuidados: Cocina mixta con cuidados en contaminación cruzada<br><br>-Horarios de atención:<br>Lunes - 18 a 23.30 horas<br>Martes - 18 a 23.30 horas<br>Miércoles - 18 a 23.30 horas<br>Jueves - 18 a 23.30 horas<br>Viernes - 18 a 23.30 horas<br>Sábado - 18 a 23.30 horas<br>Domingo - 18 a 23.30 horas<br><br>Nombre: ]]></description>
        <styleUrl>#icon-1577-FFEA00-labelson</styleUrl>
        <ExtendedData>
          <Data name="Nombre">
            <value/>
          </Data>
        </ExtendedData>
        <Point>
          <coordinates>
            -58.3841582,-34.5893996,0
          </coordinates>
        </Point>
      </Placemark>
      <Placemark>
        <name>Fuego Pizzas del Mundo (CERRADO HASTA NUEVO AVISO)</name>
        <description><![CDATA[-Tipo de comercio: Pizzeria<br><br>-Modalidad: Salón / Take away / Delivery<br><br>-Tipo de producto: Elaboración propia<br><br>-Materia prima: Certificada sin TACC<br><br>-Nivel de cuidados: Cocina 100% libre de gluten<br><br>-Horarios de atención:<br>Lunes - Cerrado<br>Martes - 18 a 2 horas<br>Miércoles - 18 a 2 horas<br>Jueves - 18 a 2 horas<br>Viernes - 18 a 2 horas<br>Sábado - 18 a 2 horas<br>Domingo - 18 a 2 horas<br><br>Nombre: ]]></description>
        <styleUrl>#icon-1577-FFEA00-labelson</styleUrl>
        <ExtendedData>
          <Data name="Nombre">
            <value/>
          </Data>
        </ExtendedData>
        <Point>
          <coordinates>
            -58.4289648,-34.5890487,0
          </coordinates>
        </Point>
      </Placemark>
      <Placemark>
        <name>Fujisan</name>
        <description><![CDATA[-Tipo de comercio: Restaurante <br><br>-Modalidad: Salón / Delivery <br><br>-Tipo de producto: Elaboración propia<br><br>-Nivel de cuidados: Cocina mixta con cuidados en contaminación cruzada<br><br>-Horarios de atención:<br>Lunes - Cerrado<br>Martes - 12 a 0 horas<br>Miércoles - 12 a 0 horas<br>Jueves - 12 a 0 horas<br>Viernes - 12 a 0 horas<br>Sábado - 12 a 0 horas<br>Domingo - 12 a 0 horas<br><br>Nombre: ]]></description>
        <styleUrl>#icon-1577-FFEA00-labelson</styleUrl>
        <ExtendedData>
          <Data name="Nombre">
            <value/>
          </Data>
        </ExtendedData>
        <Point>
          <coordinates>
            -58.450117,-34.556872,0
          </coordinates>
        </Point>
      </Placemark>
      <Placemark>
        <name>GĀO</name>
        <description><![CDATA[-Tipo de comercio: Restaurante<br><br>-Tipo de producto: Elaboración propia<br><br>-Materia prima: Certificada sin gluten<br><br>-Cocina: Cocina mixta con cuidados en contaminación cruzada<br><br>-Cuidados para evitar la CC: Utensilios exclusivos para la cocción de los alimentos sin gluten / Personal con conocimiento en la manipulación de estos alimentos<br><br>-Modalidad: Consumo en salónTake away<br><br>-Horarios de atención:<br>Lunes - 12 a 15 y 19.30 a 0 horas<br>Martes - 12 a 15 y 19.30 a 0 horas<br>Miércoles - 12 a 15 y 19.30 a 0 horas<br>Jueves - 12 a 15 y 19.30 a 0 horas<br>Viernes - 12 a 15 y 19.30 a 0 horas<br>Sábado - 12 a 15 y 19.30 a 0 horas<br>Domingo - 12 a 15 y 19.30 a 0 horas<br><br>Instagram: @gaoresto<br><br>Nombre: ]]></description>
        <styleUrl>#icon-1577-FFEA00-labelson</styleUrl>
        <ExtendedData>
          <Data name="Nombre">
            <value/>
          </Data>
        </ExtendedData>
        <Point>
          <coordinates>
            -58.4416041,-34.5557584,0
          </coordinates>
        </Point>
      </Placemark>
      <Placemark>
        <name><![CDATA[Georgie's]]></name>
        <description><![CDATA[-Tipo de comercio: Restaurante / Taquería<br><br>-Modalidad: Salón / Take away<br><br>-Tipo de producto: Elaboración propia<br><br>-Nivel de cuidados: Cocina 100% libre de gluten<br><br>-Materia prima: Certificada sin TACC<br><br>-Horarios de atención:<br>Lunes - Cerrado<br>Martes - 19.30 a 23.30 horas<br>Miércoles - 19.30 a 23.30 horas<br>Jueves - 19.30 a 23.30 horas<br>Viernes - 19.30 a 23.30 horas<br>Sábado - 19.30 a 23.30 horas<br>Domingo - Cerrado<br><br>Nombre: ]]></description>
        <styleUrl>#icon-1577-FFEA00-labelson</styleUrl>
        <ExtendedData>
          <Data name="Nombre">
            <value/>
          </Data>
        </ExtendedData>
        <Point>
          <coordinates>
            -58.450978,-34.582894,0
          </coordinates>
        </Point>
      </Placemark>
      <Placemark>
        <name>Glück Cervecería - Palermo</name>
        <description><![CDATA[-Tipo de comercio: Cervecería<br><br>-Modalidad: Salón / Take away <br><br>-Tipo de producto: Productos marca La Delfina<br><br>-Nivel de cuidados: Cocina mixta con cuidados en contaminación cruzada<br><br>-Horarios de atención:<br>Lunes - 17 a 1 horas<br>Martes - 17 a 1 horas<br>Miércoles - 17 a 1 horas<br>Jueves - 17 a 1 horas<br>Viernes - 17 a 1 horas<br>Sábado - 17 a 1 horas<br>Domingo - 16 a 0 horas<br><br>Nombre: ]]></description>
        <styleUrl>#icon-1577-FFEA00-labelson</styleUrl>
        <ExtendedData>
          <Data name="Nombre">
            <value/>
          </Data>
        </ExtendedData>
        <Point>
          <coordinates>
            -58.4255971,-34.5879819,0
          </coordinates>
        </Point>
      </Placemark>
      <Placemark>
        <name>Gluten Free Point</name>
        <description><![CDATA[-Tipo de comercio: Panadería<br><br>-Modalidad: Take away / Delivery<br><br>-Tipo de producto: Elaboración propia<br><br>-Materia prima: Certificada sin TACC<br><br>-Nivel de cuidados: Cocina 100% libre de gluten<br><br>Comentario del lugar: "Las opciones que tienen el simbolo sin tacc, son 100% libre de gluten". <br><br>-Horarios de atención:<br>Lunes - 9 a 20 horas<br>Martes - 9 a 20 horas<br>Miércoles - 9 a 20 horas<br>Jueves - 9 a 20 horas<br>Viernes - 9 a 20 horas<br>Sábado - 9 a 20 horas<br>Domingo - Cerrado<br><br>Nombre: ]]></description>
        <styleUrl>#icon-1578-E65100-labelson</styleUrl>
        <ExtendedData>
          <Data name="Nombre">
            <value/>
          </Data>
        </ExtendedData>
        <Point>
          <coordinates>
            -58.463907,-34.5637069,0
          </coordinates>
        </Point>
      </Placemark>
      <Placemark>
        <name>Goût Gluten Free Barracas</name>
        <description><![CDATA[-Tipo de comercio: Restaurante<br><br>-Modalidad: Salón / Take away<br><br>-Tipo de producto: Elaboración propia<br><br>-Nivel de cuidados: Cocina 100% libre de gluten<br><br>-Horarios de atención:<br>Lunes - 9 a 20 horas<br>Martes - 9 a 20 horas<br>Miércoles - 9 a 20 horas<br>Jueves - 9 a 20 horas<br>Viernes - 9 a 20 horas<br>Sábado - 9 a 20 horas<br>Domingo - 9 a 20 horas<br><br>Nombre: ]]></description>
        <styleUrl>#icon-1577-FFEA00-labelson</styleUrl>
        <ExtendedData>
          <Data name="Nombre">
            <value/>
          </Data>
        </ExtendedData>
        <Point>
          <coordinates>
            -58.3742327,-34.6385294,0
          </coordinates>
        </Point>
      </Placemark>
      <Placemark>
        <name>Goût Gluten Free Barrio Norte</name>
        <description><![CDATA[-Tipo de comercio: Restaurante <br><br>-Modalidad: Salón / Take away<br><br>-Tipo de producto: Elaboración propia<br><br>-Nivel de cuidados: Cocina 100% libre de gluten<br><br>-Horarios de atención:<br>Lunes - 9 a 20 horas<br>Martes - 9 a 20 horas<br>Miércoles - 9 a 20 horas<br>Jueves - 9 a 20 horas<br>Viernes - 9 a 20 horas<br>Sábado - 9 a 20 horas<br>Domingo - 9 a 20 horas<br><br>Nombre: ]]></description>
        <styleUrl>#icon-1577-FFEA00-labelson</styleUrl>
        <ExtendedData>
          <Data name="Nombre">
            <value/>
          </Data>
        </ExtendedData>
        <Point>
          <coordinates>
            -58.3972725,-34.592987,0
          </coordinates>
        </Point>
      </Placemark>
      <Placemark>
        <name>Goût Gluten Free Belgrano</name>
        <description><![CDATA[-Tipo de comercio: Restaurante <br><br>-Modalidad: Salón / Take away<br><br>-Tipo de producto: Elaboración propia<br><br>-Nivel de cuidados: Cocina 100% libre de gluten<br><br>-Horarios de atención:<br>Lunes - 9 a 20 horas<br>Martes - 9 a 20 horas<br>Miércoles - 9 a 20 horas<br>Jueves - 9 a 20 horas<br>Viernes - 9 a 20 horas<br>Sábado - 9 a 20 horas<br>Domingo - 9 a 20 horas<br><br>Nombre: ]]></description>
        <styleUrl>#icon-1577-FFEA00-labelson</styleUrl>
        <ExtendedData>
          <Data name="Nombre">
            <value/>
          </Data>
        </ExtendedData>
        <Point>
          <coordinates>
            -58.4426339,-34.5672685,0
          </coordinates>
        </Point>
      </Placemark>
      <Placemark>
        <name>Goût Gluten Free Caballito</name>
        <description><![CDATA[-Tipo de comercio: Restaurante<br><br>-Modalidad: Salón / Take away<br><br>-Tipo de producto: Elaboración propia<br><br>-Nivel de cuidados: Cocina 100% libre de gluten<br><br>-Horarios de atención:<br>Lunes - 9 a 20 horas<br>Martes - 9 a 20 horas<br>Miércoles - 9 a 20 horas<br>Jueves - 9 a 20 horas<br>Viernes - 9 a 20 horas<br>Sábado - 9 a 20 horas<br>Domingo - 9 a 20 horas<br><br>Nombre: ]]></description>
        <styleUrl>#icon-1577-FFEA00-labelson</styleUrl>
        <ExtendedData>
          <Data name="Nombre">
            <value/>
          </Data>
        </ExtendedData>
        <Point>
          <coordinates>
            -58.4290287,-34.6251317,0
          </coordinates>
        </Point>
      </Placemark>
      <Placemark>
        <name>Goût Gluten Free Palermo</name>
        <description><![CDATA[-Tipo de comercio: Restaurante<br><br>-El menú del comercio es 100% libre de gluten<br><br>-Tipo de producto: Elaboración propia<br><br>-Materia prima: Certificada sin gluten<br><br>-Cocina: Cocina 100% libre de gluten<br><br>-Modalidad: Consumo en salón / Envío por app / Take away<br><br>-Horarios de atención:<br>Lunes - 9 a 20 horas<br>Martes - 9 a 20 horas<br>Miércoles - 9 a 20 horas<br>Jueves - 9 a 20 horas<br>Viernes - 9 a 20 horas<br>Sábado - 9 a 20 horas<br>Domingo - 9 a 20 horas<br><br>Instagram: @goutglutenfree<br><br>Nombre: ]]></description>
        <styleUrl>#icon-1577-FFEA00-labelson</styleUrl>
        <ExtendedData>
          <Data name="Nombre">
            <value/>
          </Data>
        </ExtendedData>
        <Point>
          <coordinates>
            -58.4247795,-34.579605,0
          </coordinates>
        </Point>
      </Placemark>
      <Placemark>
        <name>Goût Gluten Free Recoleta</name>
        <description><![CDATA[-Tipo de comercio: Restaurante<br><br>-Modalidad: Salón / Take away<br><br>-Tipo de producto: Elaboración propia<br><br>-Nivel de cuidados: Cocina 100% libre de gluten<br><br>-Horarios de atención:<br>Lunes - 9 a 20 horas<br>Martes - 9 a 20 horas<br>Miércoles - 9 a 20 horas<br>Jueves - 9 a 20 horas<br>Viernes - 9 a 20 horas<br>Seabado - 9 a 20 horas<br>Domingo - 9 a 20 horas<br><br>Nombre: ]]></description>
        <styleUrl>#icon-1577-FFEA00-labelson</styleUrl>
        <ExtendedData>
          <Data name="Nombre">
            <value/>
          </Data>
        </ExtendedData>
        <Point>
          <coordinates>
            -58.3894061,-34.5926449,0
          </coordinates>
        </Point>
      </Placemark>
      <Placemark>
        <name>Grizzly Beer Camp</name>
        <description><![CDATA[-Tipo de comercio: Restaurante / Bar<br><br>-Modalidad: Salón / Take away<br><br>-Tipo de producto: Elaboración propia <br><br>-Materia prima: Certificada sin TACC<br><br>-Cocina: Cocina mixta con cuidados en contaminación cruzada<br><br>-Horarios de atención:<br>Lunes - Cerrado<br>Martes - desde las 18 horas<br>Miércoles - desde las 18 horas<br>Jueves - desde las 18 horas<br>Viernes - desde las 18 horas<br>Sábado - desde las 18 horas<br>Domingo - Cerrado<br><br>Nombre: ]]></description>
        <styleUrl>#icon-1577-FFEA00-labelson</styleUrl>
        <ExtendedData>
          <Data name="Nombre">
            <value/>
          </Data>
        </ExtendedData>
        <Point>
          <coordinates>
            -58.4247194,-34.5975888,0
          </coordinates>
        </Point>
      </Placemark>
      <Placemark>
        <name>Growlers Caballito</name>
        <description><![CDATA[-Tipo de comercio: Hamburguesería / Bar<br><br>-Modalidad: Salón / Take away / Delivery <br>-Tipo de producto: Elaboración propia<br><br>-Materia prima: Certificada sin TACC<br><br>-Nivel de cuidados: Cocina mixta con cuidados en contaminación cruzada<br><br>-Horarios de atención:<br>Lunes - Cerrado<br>Martes - 17 a 0 horas<br>Miércoles - 17 a 0 horas<br>Jueves - 17 a 1 horas<br>Viernes - 17 a 3 horas<br>Sábado - 17 a 3 horas<br>Domingo - 17 a 0 horas<br><br>Nombre: ]]></description>
        <styleUrl>#icon-1577-FFEA00-labelson</styleUrl>
        <ExtendedData>
          <Data name="Nombre">
            <value/>
          </Data>
        </ExtendedData>
        <Point>
          <coordinates>
            -58.4299763,-34.626893,0
          </coordinates>
        </Point>
      </Placemark>
      <Placemark>
        <name>Growlers Chacarita</name>
        <description><![CDATA[-Tipo de comercio: Hamburguesería / Bar<br><br>-Modalidad: Salón / Take away / Delivery <br>-Tipo de producto: Elaboración propia<br><br>-Materia prima: Certificada sin TACC<br><br>-Nivel de cuidados: Cocina mixta con cuidados en contaminación cruzada<br><br>-Horarios de atención:<br>Lunes - Cerrado<br>Martes - Cerrado<br>Miércoles - 17 a 0 horas<br>Jueves - 17 a 0 horas<br>Viernes - 17 a 2 horas<br>Sábado - 18 a 1 horas<br>Domingo - Cerrado<br><br>Nombre: ]]></description>
        <styleUrl>#icon-1577-FFEA00-labelson</styleUrl>
        <ExtendedData>
          <Data name="Nombre">
            <value/>
          </Data>
        </ExtendedData>
        <Point>
          <coordinates>
            -58.451359,-34.5834406,0
          </coordinates>
        </Point>
      </Placemark>
      <Placemark>
        <name>Growlers Microcentro</name>
        <description><![CDATA[-Tipo de comercio: Hamburguesería / Bar<br><br>-Modalidad: Salón / Take away / Delivery <br>-Tipo de producto: Elaboración propia<br><br>-Materia prima: Certificada sin TACC<br><br>-Nivel de cuidados: Cocina mixta con cuidados en contaminación cruzada<br><br>-Horarios de atención:<br>Lunes - 11.30 a 20 horas<br>Martes - 11.30 a 20 horas<br>Miércoles - 11.30 a 20 horas<br>Jueves - 11.30 a 20 horas<br>Viernes - 11.30 a 20 horas<br>Sábado - Cerrado<br>Domingo - Cerrado<br><br>Nombre: ]]></description>
        <styleUrl>#icon-1577-FFEA00-labelson</styleUrl>
        <ExtendedData>
          <Data name="Nombre">
            <value/>
          </Data>
        </ExtendedData>
        <Point>
          <coordinates>
            -58.373576,-34.6055253,0
          </coordinates>
        </Point>
      </Placemark>
      <Placemark>
        <name>Growlers Nuñez</name>
        <description><![CDATA[-Tipo de comercio: Hamburguesería / Bar<br><br>-Modalidad: Salón / Take away / Delivery <br>-Tipo de producto: Elaboración propia<br><br>-Materia prima: Certificada sin TACC<br><br>-Nivel de cuidados: Cocina mixta con cuidados en contaminación cruzada<br><br>-Horarios de atención:<br>Lunes - Cerrado<br>Martes - 18 a 0 horas<br>Miércoles - 18 a 0 horas<br>Jueves - 18 a 1 horas<br>Viernes - 18 a 2 horas<br>Sábado - 18 a 2 horas<br>Domingo - 15.30 a 22 horas<br><br>Nombre: ]]></description>
        <styleUrl>#icon-1577-FFEA00-labelson</styleUrl>
        <ExtendedData>
          <Data name="Nombre">
            <value/>
          </Data>
        </ExtendedData>
        <Point>
          <coordinates>
            -58.4671699,-34.5536649,0
          </coordinates>
        </Point>
      </Placemark>
      <Placemark>
        <name>Growlers Palermo</name>
        <description><![CDATA[-Tipo de comercio: Hamburguesería / Bar<br><br>-Modalidad: Salón / Take away / Delivery <br>-Tipo de producto: Elaboración propia<br><br>-Materia prima: Certificada sin TACC<br><br>-Nivel de cuidados: Cocina mixta con cuidados en contaminación cruzada<br><br>-Horarios de atención:<br>Lunes - Cerrado<br>Martes - 18 a 0 horas<br>Miércoles - 18 a 0 horas<br>Jueves - 18 a 1 horas<br>Viernes - 18 a 2 horas<br>Sábado - 18 a 2 horas<br>Domingo - 15.30 a 22.30 horas<br><br>Nombre: ]]></description>
        <styleUrl>#icon-1577-FFEA00-labelson</styleUrl>
        <ExtendedData>
          <Data name="Nombre">
            <value/>
          </Data>
        </ExtendedData>
        <Point>
          <coordinates>
            -58.4307623,-34.5902373,0
          </coordinates>
        </Point>
      </Placemark>
      <Placemark>
        <name>Growlers Recoleta</name>
        <description><![CDATA[-Tipo de comercio: Hamburguesería / Bar<br><br>-Modalidad: Salón / Take away / Delivery <br>-Tipo de producto: Elaboración propia<br><br>-Materia prima: Certificada sin TACC<br><br>-Nivel de cuidados: Cocina mixta con cuidados en contaminación cruzada<br><br>-Horarios de atención:<br>Lunes - 11 a 0 horas<br>Martes - 11 a 0 horas<br>Miércoles - 11 a 0 horas<br>Jueves - 1 a 1 horas<br>Viernes - 11 a 2 horas<br>Sábado - 11 a 2 horas<br>Domingo - 13 a 0 horas<br><br>Nombre: ]]></description>
        <styleUrl>#icon-1577-FFEA00-labelson</styleUrl>
        <ExtendedData>
          <Data name="Nombre">
            <value/>
          </Data>
        </ExtendedData>
        <Point>
          <coordinates>
            -58.3875834,-34.5959132,0
          </coordinates>
        </Point>
      </Placemark>
      <Placemark>
        <name>Gula Café</name>
        <description><![CDATA[-Tipo de comercio: Cafetería <br><br>-Modalidad: Salón <br><br>-Tipo de producto: Elaboración externa en cocina libre de gluten <br><br>-Nivel de cuidados: Cocina mixta con cuidados en contaminación cruzada <br><br>-Horarios de atención:<br>Lunes - Cerrado<br>Martes - Cerrado<br>Miércoles - Cerrado<br>Jueves - 10 a 13 y 15 a 20 horas<br>Viernes - 10 a 13 y 15 a 20 horas<br>Sábado - 10 a 13 y 15 a 20 horas<br>Domingo - 10 a 13 y 15 a 20 horas<br><br>Nombre: ]]></description>
        <styleUrl>#icon-1577-FFEA00-labelson</styleUrl>
        <ExtendedData>
          <Data name="Nombre">
            <value/>
          </Data>
        </ExtendedData>
        <Point>
          <coordinates>
            -58.4719707,-34.5509816,0
          </coordinates>
        </Point>
      </Placemark>
      <Placemark>
        <name>Hana Poke</name>
        <description><![CDATA[-Tipo de comercio: Restaurante<br><br>-Modalidad: Mercado gastronómico <br><br>-Tipo de producto: Elaboración propia<br><br> -Materia prima: Certificada sin TACC<br><br>-Nivel de cuidados: Cocina mixta con cuidados en contaminación cruzada<br><br>-Horarios de atención:<br>Lunes - 8.30 a 22 horas<br>Martes - 8.30 a 22 horas<br>Miércoles - 8.30 a 22 horas<br>Jueves - 8.30 a 22 horas<br>Viernes - 8.30 a 0 horas<br>Sábado - 8.30 a 0 horas<br>Domingo - 8.30 a 20 horas<br><br>Nombre: ]]></description>
        <styleUrl>#icon-1577-FFEA00-labelson</styleUrl>
        <ExtendedData>
          <Data name="Nombre">
            <value/>
          </Data>
        </ExtendedData>
        <Point>
          <coordinates>
            -58.3718126,-34.5978727,0
          </coordinates>
        </Point>
      </Placemark>
      <Placemark>
        <name><![CDATA[HANA Poke & Bar]]></name>
        <description><![CDATA[-Tipo de comercio: Restaurante<br><br>-Modalidad: Salón / Take away / Delivery <br><br>-Tipo de producto: Elaboración propia <br><br>-Materia prima: Certificada sin TACC<br><br>-Nivel de cuidados: Cocina mixta con cuidados en contaminación cruzada<br><br>-Horarios de atención:<br>Lunes - 9 a 23.30 horas<br>Martes - 9 a 23.30 horas<br>Miércoles - 9 a 23.30 horas<br>Jueves - 9 a 23.30 horas<br>Viernes - 9 a 23.30 horas<br>Sábado - 9 a 23.30 horas<br>Domingo - 9 a 23.30 horas<br><br>Nombre: ]]></description>
        <styleUrl>#icon-1577-FFEA00-labelson</styleUrl>
        <ExtendedData>
          <Data name="Nombre">
            <value/>
          </Data>
        </ExtendedData>
        <Point>
          <coordinates>
            -58.4337841,-34.5817108,0
          </coordinates>
        </Point>
      </Placemark>
      <Placemark>
        <name>Hub - Café de especialidad</name>
        <description><![CDATA[-Tipo de comercio: Cafetería<br><br>-Modalidad: Salón / Take away <br><br>-Tipo de producto: Productos marca Lovely Cakes sin TACC y Tu Máxima nutrición<br><br>-Cocina: Cocina mixta con cuidados en contaminación cruzada <br><br>-Nivel de cuidados: Se sirve cerrado como lo envía el proveedor<br><br>-Horarios de atención:<br>Lunes - 7.30 a 20 horas<br>Martes - 7.30 a 20 horas<br>Miércoles - 7.30 a 20 horas<br>Jueves - 7.30 a 20 horas<br>Viernes - 7.30 a 20 horas<br>Sábado - 9 a 20 horas<br>Domingo - Cerrado<br><br>Nombre: ]]></description>
        <styleUrl>#icon-1577-FFEA00-labelson</styleUrl>
        <ExtendedData>
          <Data name="Nombre">
            <value/>
          </Data>
        </ExtendedData>
        <Point>
          <coordinates>
            -58.4805387,-34.5785183,0
          </coordinates>
        </Point>
      </Placemark>
      <Placemark>
        <name>Il Mandorla</name>
        <description><![CDATA[-Tipo de comercio: Despacho<br><br>-Modalidad: Take away / Delivery<br><br>-Tipo de producto: Elaboración propia<br><br>-Materia prima: Certificada sin TACC<br><br>-Nivel de cuidados: Cocina 100% libre de gluten <br><br>-Horarios de atención:<br>Lunes - 12 a 16 horas<br>Martes - 12 a 16 horas<br>Miércoles - 12 a 16 horas<br>Jueves - 12 a 16 horas<br>Viernes - 12 a 16 horas<br>Sábado - Cerrado<br>Domingo - Cerrado<br><br>Nombre: ]]></description>
        <styleUrl>#icon-1577-FFEA00-labelson</styleUrl>
        <ExtendedData>
          <Data name="Nombre">
            <value/>
          </Data>
        </ExtendedData>
        <Point>
          <coordinates>
            -58.3796414,-34.5995921,0
          </coordinates>
        </Point>
      </Placemark>
      <Placemark>
        <name>Il mandorla smokehouse</name>
        <description><![CDATA[-Tipo de comercio: Restaurante <br><br>-Modalidad: Salón / Take away <br><br>-Tipo de producto: Elaboración propia <br><br>-Materia prima: Certificada sin TACC<br><br>-Nivel de cuidados: Cocina 100% libre de gluten <br><br>-Horarios de atención:<br>Lunes - Cerrado<br>Martes - 19 a 0 horas<br>Miércoles - 19 a 0 horas<br>Jueves - 19 a 0 horas<br>Viernes - 19 a 0 horas<br>Sábado - 19 a 0 horas<br>Domingo - 12.30 a 17 horas<br><br>Nombre: ]]></description>
        <styleUrl>#icon-1577-FFEA00-labelson</styleUrl>
        <ExtendedData>
          <Data name="Nombre">
            <value/>
          </Data>
        </ExtendedData>
        <Point>
          <coordinates>
            -58.4233448,-34.5967525,0
          </coordinates>
        </Point>
      </Placemark>
      <Placemark>
        <name>JANA GLUTEN FREE | Pizzeria sin TACC</name>
        <description><![CDATA[-Tipo de comercio: Pizzeria (pizzas, empanadas, postres, pastas frescas, panificados).<br><br>-Modalidad: Take away / Delivery<br><br>-Tipo de producto: Elaboración propia<br><br>-Materia prima: Certificada sin TACC<br><br>-Nivel de cuidados: Cocina 100% libre de gluten<br><br>-Horarios de atención:<br>Lunes - Cerrado<br>Martes - Cerrado<br>Miércoles - 19 a 23 horas<br>Jueves - 19 a 23 horas<br>Viernes - 19 a 23 horas<br>Sábado - 10 a 23 horas<br>Domingo - 19 a 23 horas<br><br>Nombre: ]]></description>
        <styleUrl>#icon-1578-E65100-labelson</styleUrl>
        <ExtendedData>
          <Data name="Nombre">
            <value/>
          </Data>
        </ExtendedData>
        <Point>
          <coordinates>
            -58.4837906,-34.6482529,0
          </coordinates>
        </Point>
      </Placemark>
      <Placemark>
        <name>Kanu Sushi - Villa Urquiza
</name>
        <description><![CDATA[-Tipo de comercio: Restaurante<br><br>-Modalidad: Take away / Delivery propio / Envío por app / Tienda online<br><br>-Tipo de producto: Elaboración propia<br><br>-Materia prima: Certificada sin TACC<br><br>-Cocina: Cocina 100% libre de gluten<br><br>-Horarios de atención:<br>Lunes - 11 a 23.30 horas<br>Martes - 11 a 23.30 horas<br>Miércoles - 11 a 23.30 horas<br>Jueves - 11 a 23.30 horas<br>Viernes - 11 a 23.30 horas<br>Sábado - 11 a 23.30 horas<br>Domingo - 11 a 23.30 horas<br><br>Nombre: Kanu Sushi - Villa Urquiza]]></description>
        <styleUrl>#icon-1578-E65100-labelson</styleUrl>
        <ExtendedData>
          <Data name="Nombre">
            <value>Kanu Sushi - Villa Urquiza</value>
          </Data>
        </ExtendedData>
        <Point>
          <coordinates>
            -58.4775164,-34.5730917,0
          </coordinates>
        </Point>
      </Placemark>
      <Placemark>
        <name>Klawer</name>
        <description><![CDATA[-Tipo de comercio: Cafetería<br><br>-Modalidad: Salón / Take away <br><br>-Tipo de producto: Productos marca Lovely Cakes sin TACC <br><br>-Cocina: Cocina mixta con cuidados en contaminación cruzada<br><br>-Nivel de cuidados: Se sirve cerrado como lo envía el proveedor <br><br>-Horarios de atención:<br>Lunes - 9 a 20 horas<br>Martes - 9 a 20 horas<br>Miércoles - 9 a 20 horas<br>Jueves - 9 a 20 horas<br>Viernes - 9 a 20 horas<br>Sábado - Cerrado<br>Domingo - Cerrado<br><br>Nombre: ]]></description>
        <styleUrl>#icon-1577-FFEA00-labelson</styleUrl>
        <ExtendedData>
          <Data name="Nombre">
            <value/>
          </Data>
        </ExtendedData>
        <Point>
          <coordinates>
            -58.4057532,-34.5883666,0
          </coordinates>
        </Point>
      </Placemark>
      <Placemark>
        <name>La Botiga Gluten Free</name>
        <description><![CDATA[-Tipo de comercio: Despacho<br><br>-Modalidad: Delivery<br><br>-Tipo de producto: Elaboración propia <br><br>-Materia prima: Certificada sin TACC<br><br>-Nivel de cuidados: Cocina 100% libre de gluten<br><br>-Horarios de atención:<br>Lunes - 10 a 19 horas<br>Martes - 10 a 19 horas<br>Miércoles - 10 a 19 horas<br>Jueves - 10 a 19 horas<br>Viernes - 10 a 19 horas<br>Sábado - 10 a 14 horas<br>Domingo - Cerrado<br><br>Nombre: ]]></description>
        <styleUrl>#icon-1578-E65100-labelson</styleUrl>
        <ExtendedData>
          <Data name="Nombre">
            <value/>
          </Data>
        </ExtendedData>
        <Point>
          <coordinates>
            -58.466518,-34.5625936,0
          </coordinates>
        </Point>
      </Placemark>
      <Placemark>
        <name>La Capitana - Bodegón y Vermutería</name>
        <description><![CDATA[-Tipo de comercio: Restaurante<br><br>-Modalidad: Salón / Take away<br><br>-Tipo de producto: Proveedor externo<br><br>-Nivel de cuidados: Cocina mixta con cuidados en contaminación cruzada<br><br>-Horarios de atención:<br>Lunes - 18.30 a 1 horas<br>Martes - 18.30 a 1 horas<br>Miércoles - 18.30 a 1 horas<br>Jueves - 18.30 a 1 horas<br>Viernes - 18.30 a 1 horas<br>Sábado - 18.30 a 1 horas<br>Domingo - 12.30 a 16.30 y de 19 a 1 horas<br><br>Nombre: ]]></description>
        <styleUrl>#icon-1577-FFEA00-labelson</styleUrl>
        <ExtendedData>
          <Data name="Nombre">
            <value/>
          </Data>
        </ExtendedData>
        <Point>
          <coordinates>
            -58.4274784,-34.6000866,0
          </coordinates>
        </Point>
      </Placemark>
      <Placemark>
        <name>L ´adesso</name>
        <description><![CDATA[-Tipo de comercio: Restaurante<br><br>-Modalidad: Salón <br><br>-Tipo de producto: Elaboración propia<br><br>-Materia prima: Certificada sin TACC / Productos importados sin gluten no certificados<br><br>-Nivel de cuidados:  Cocina mixta con cuidados en contaminación cruzada <br><br>-Horarios de atención:<br>Lunes - Cerrado<br>Martes - 20 a 0 horas <br>Miércoles - 20 a 0 horas<br>Jueves - 20 a 0 horas<br>Viernes - 20 a 0 horas<br>Sábado - 20 a 0 horas<br>Domingos - 12:30 a 16:30 horas<br><br>Nombre: ]]></description>
        <styleUrl>#icon-1577-FFEA00-labelson</styleUrl>
        <ExtendedData>
          <Data name="Nombre">
            <value/>
          </Data>
        </ExtendedData>
        <Point>
          <coordinates>
            -58.4283183,-34.5838124,0
          </coordinates>
        </Point>
      </Placemark>
      <Placemark>
        <name>La Guitarrita</name>
        <description><![CDATA[-Tipo de comercio: Pizzería<br><br>-Modalidad: Salón<br><br>-Tipo de producto: Productos marca Rochino<br><br>-Nivel de cuidados: Cocina mixta con cuidados en contaminación cruzada<br><br>Comentario del lugar: Poseen horno exclusivo<br><br>-Horarios de atención:<br>Lunes - 11 a 0 horas<br>Martes - 11 a 0 horas<br>Miércoles - 11 a 0 horas<br>Jueves - 11 a 0 horas<br>Viernes - 11 a 1 horas<br>Sábado - 11 a 1 horas<br>Domingo - 11 a 0 horas<br>Feriados - 11 a 1 horas<br><br>Nombre: ]]></description>
        <styleUrl>#icon-1577-FFEA00-labelson</styleUrl>
        <ExtendedData>
          <Data name="Nombre">
            <value/>
          </Data>
        </ExtendedData>
        <Point>
          <coordinates>
            -58.4756836,-34.5708744,0
          </coordinates>
        </Point>
      </Placemark>
      <Placemark>
        <name>La Guitarrita</name>
        <description><![CDATA[-Tipo de comercio: Pizzería<br><br>-Modalidad: Salón<br><br>-Tipo de producto: Productos marca Rochino<br><br>-Nivel de cuidados: Cocina mixta con cuidados en contaminación cruzada<br><br>Comentario del lugar: Poseen horno exclusivo<br><br>-Horarios de atención:<br>Lunes - Cerrado<br>Martes - 12 a 0 horas<br>Miércoles - 12 a 0 horas<br>Jueves - 12 a 0 horas<br>Viernes - 10.30 a 1.30 horas<br>Sábado - 10.30 a 1.30 horas<br>Domingo - 10.30 a 1.30 horas<br>Feriados - 10.30 a 1.30 horas<br><br>Nombre: ]]></description>
        <styleUrl>#icon-1577-FFEA00-labelson</styleUrl>
        <ExtendedData>
          <Data name="Nombre">
            <value/>
          </Data>
        </ExtendedData>
        <Point>
          <coordinates>
            -58.4596322,-34.5760943,0
          </coordinates>
        </Point>
      </Placemark>
      <Placemark>
        <name>La Guitarrita | Beiro</name>
        <description><![CDATA[-Tipo de comercio: Pizzería<br><br>-Modalidad: Salón<br><br>-Tipo de producto: Productos marca Rochino<br><br>-Nivel de cuidados: Cocina mixta con cuidados en contaminación cruzada<br><br>Comentario del lugar: Poseen horno exclusivo<br><br>-Horarios de atención:<br>Lunes - Cerrado<br>Martes - 16 a 0 horas<br>Miércoles - 16 a 0 horas<br>Jueves - 16 a 0 horas<br>Viernes - 10 a 1 horas<br>Sábado - 10 a 1 horas<br>Domingo - 10 a 1 horas<br><br>Nombre: ]]></description>
        <styleUrl>#icon-1577-FFEA00-labelson</styleUrl>
        <ExtendedData>
          <Data name="Nombre">
            <value/>
          </Data>
        </ExtendedData>
        <Point>
          <coordinates>
            -58.5293178,-34.6174701,0
          </coordinates>
        </Point>
      </Placemark>
      <Placemark>
        <name>La Guitarrita | Caballito</name>
        <description><![CDATA[-Tipo de comercio: Pizzería<br><br>-Modalidad: Salón<br><br>-Tipo de producto: Productos marca Rochino<br><br>-Nivel de cuidados: Cocina mixta con cuidados en contaminación cruzada<br><br>Comentario del lugar: Poseen horno exclusivo<br><br>-Horarios de atención:<br>Lunes - 9.30 a 0.30 horas<br>Martes - 9.30 a 0.30 horas<br>Miércoles - 9.30 a 0.30 horas<br>Jueves - 9.30 a 0.30 horas<br>Viernes - 10.30 a 1.30 horas<br>Sábado - 10.30 a 1.30 horas<br>Domingo - 9.30 a 0.30 horas<br>Feriados - 10.30 a 1.30 horas<br><br>Nombre: ]]></description>
        <styleUrl>#icon-1577-FFEA00-labelson</styleUrl>
        <ExtendedData>
          <Data name="Nombre">
            <value/>
          </Data>
        </ExtendedData>
        <Point>
          <coordinates>
            -58.4288552,-34.6175401,0
          </coordinates>
        </Point>
      </Placemark>
      <Placemark>
        <name>La Guitarrita | Cañitas</name>
        <description><![CDATA[-Tipo de comercio: Pizzería<br><br>-Modalidad: Salón<br><br>-Tipo de producto: Productos marca Rochino<br><br>-Nivel de cuidados: Cocina mixta con cuidados en contaminación cruzada<br><br>Comentario del lugar: Poseen horno exclusivo<br><br>-Horarios de atención:<br>Lunes - 17.30 a 0.30 horas<br>Martes - 9.30 a 0.30 horas<br>Miércoles - 9.30 a 0.30 horas<br>Jueves - 9.30 a 0.30 horas<br>Viernes - 10.30 a 1.30 horas<br>Sábado - 10.30 a 1.30 horas<br>Domingo - 9.30 a 0.30 horas<br>Feriados - 10.30 a 1.30 horas<br><br>Nombre: ]]></description>
        <styleUrl>#icon-1577-FFEA00-labelson</styleUrl>
        <ExtendedData>
          <Data name="Nombre">
            <value/>
          </Data>
        </ExtendedData>
        <Point>
          <coordinates>
            -58.4322222,-34.5711111,0
          </coordinates>
        </Point>
      </Placemark>
      <Placemark>
        <name>La Guitarrita | Nuñez</name>
        <description><![CDATA[-Tipo de comercio: Pizzería<br><br>-Modalidad: Salón<br><br>-Tipo de producto: Productos marca Rochino<br><br>-Nivel de cuidados: Cocina mixta con cuidados en contaminación cruzada<br><br>Comentario del lugar: Poseen horno exclusivo<br><br>-Horarios de atención:<br>Lunes - 11 a 1 horas<br>Martes - 11 a 1 horas<br>Miércoles - 11 a 1 horas<br>Jueves - 11 a 1 horas<br>Viernes - 11 a 1 horas<br>Sábado - 11 a 1 horas<br>Domingo - 11 a 1 horas<br>Feriados - 11 a 1 horas<br><br>Nombre: ]]></description>
        <styleUrl>#icon-1577-FFEA00-labelson</styleUrl>
        <ExtendedData>
          <Data name="Nombre">
            <value/>
          </Data>
        </ExtendedData>
        <Point>
          <coordinates>
            -58.4658925,-34.5498395,0
          </coordinates>
        </Point>
      </Placemark>
      <Placemark>
        <name>La Guitarrita | Palermo</name>
        <description><![CDATA[-Tipo de comercio: Pizzería<br><br>-Modalidad: Salón<br><br>-Tipo de producto: Productos marca Rochino<br><br>-Nivel de cuidados: Cocina mixta con cuidados en contaminación cruzada<br><br>Comentario del lugar: Poseen horno exclusivo<br><br>-Horarios de atención:<br>Lunes - 19 a 2 horas<br>Martes - 12 a 2 horas<br>Miércoles - 12 a 2 horas<br>Jueves - 12 a 2 horas<br>Viernes - 12 a 2 horas<br>Sábado - 12 a 2 horas<br>Domingo - 12 a 2 horas<br>Feriados - 12 a 2 horas<br><br>Nombre: ]]></description>
        <styleUrl>#icon-1577-FFEA00-labelson</styleUrl>
        <ExtendedData>
          <Data name="Nombre">
            <value/>
          </Data>
        </ExtendedData>
        <Point>
          <coordinates>
            -58.433096,-34.5913164,0
          </coordinates>
        </Point>
      </Placemark>
      <Placemark>
        <name>La Guitarrita | Showcase Belgrano</name>
        <description><![CDATA[-Tipo de comercio: Pizzería<br><br>-Modalidad: Patio de comidas<br><br>-Tipo de producto: Productos marca Rochino<br><br>-Nivel de cuidados: Cocina mixta con cuidados en contaminación cruzada<br><br>Comentario del lugar: Poseen horno exclusivo<br><br>-Horarios de atención:<br>Lunes - 9 a 0 horas<br>Martes - 9 a 0 horas<br>Miércoles - 9 a 0 horas<br>Jueves - 9 a 0 horas<br>Viernes - 9 a 0 horas<br>Sábado - 9 a 1 horas<br>Domingo - 9 a 0 horas<br>Feriados - 9 a 1 horas<br><br>Nombre: ]]></description>
        <styleUrl>#icon-1577-FFEA00-labelson</styleUrl>
        <ExtendedData>
          <Data name="Nombre">
            <value/>
          </Data>
        </ExtendedData>
        <Point>
          <coordinates>
            -58.4530621,-34.5539629,0
          </coordinates>
        </Point>
      </Placemark>
      <Placemark>
        <name>La Guitarrita Villa Crespo ( La calle Bar II )</name>
        <description><![CDATA[-Tipo de comercio: Pizzería<br><br>-Modalidad: Salón<br><br>-Tipo de producto: Productos marca Rochino<br><br>-Nivel de cuidados: Cocina mixta con cuidados en contaminación cruzada<br><br>Comentario del lugar: Poseen horno exclusivo<br><br>-Horarios de atención:<br>Lunes - 12 a 2 horas<br>Martes - 12 a 2 horas<br>Miércoles - 12 a 2 horas<br>Jueves - 12 a 4 horas<br>Viernes - 12 a 4 horas<br>Sábado - 12 a 4 horas<br>Domingo - 12 a 2 horas<br><br>Nombre: ]]></description>
        <styleUrl>#icon-1577-FFEA00-labelson</styleUrl>
        <ExtendedData>
          <Data name="Nombre">
            <value/>
          </Data>
        </ExtendedData>
        <Point>
          <coordinates>
            -58.4389151,-34.5953786,0
          </coordinates>
        </Point>
      </Placemark>
      <Placemark>
        <name>La Juvenil Pastas Barracas</name>
        <description><![CDATA[-Tipo de comercio: Fábrica de pastas<br><br>-Modalidad: Take away / Envío por app <br><br>-Tipo de producto: Elaboración propia (tienen una línea sin gluten diferenciada que se elabora en una fábrica aparte)<br><br>-Materia prima: Certificada sin TACC<br><br>-Cocina: Cocina 100% libre de gluten<br><br>-Horarios de atención:<br>Lunes - 10 a 20 horas<br>Martes - 10 a 20 horas<br>Miércoles - 10 a 20 horas<br>Jueves - 10 a 20 horas<br>Viernes - 10 a 20 horas<br>Sábado - 10 a 20 horas<br>Domingo - 10 a 15 horas<br><br>Nombre: ]]></description>
        <styleUrl>#icon-1578-E65100-labelson</styleUrl>
        <ExtendedData>
          <Data name="Nombre">
            <value/>
          </Data>
        </ExtendedData>
        <Point>
          <coordinates>
            -58.3751108,-34.6371112,0
          </coordinates>
        </Point>
      </Placemark>
      <Placemark>
        <name>La Juvenil Pastas Belgrano</name>
        <description><![CDATA[-Tipo de comercio: Fábrica de pastas<br><br>-Modalidad: Take away / Entrega programada / Envío por app <br><br>-Tipo de producto: Elaboración propia (tienen una línea sin gluten diferenciada que se elabora en una fábrica aparte)<br><br>-Materia prima: Certificada sin TACC<br><br>-Cocina: Cocina 100% libre de gluten<br><br>-Horarios de atención:<br>Lunes - 9 a 20.30 horas<br>Martes - 9 a 20.30 horas<br>Miércoles - 9 a 20.30 horas<br>Jueves - 9 a 20.30 horas<br>Viernes - 9 a 20.30 horas<br>Sábado - 9 a 20.30 horas<br>Domingo - 8 a 14 horas<br>Feriados - 8 a 14 horas<br><br>Nombre: ]]></description>
        <styleUrl>#icon-1578-E65100-labelson</styleUrl>
        <ExtendedData>
          <Data name="Nombre">
            <value/>
          </Data>
        </ExtendedData>
        <Point>
          <coordinates>
            -58.4542824,-34.5643545,0
          </coordinates>
        </Point>
      </Placemark>
      <Placemark>
        <name>La Juvenil Pastas Belgrano R</name>
        <description><![CDATA[-Tipo de comercio: Fábrica de pastas<br><br>-Modalidad: Take away / Entrega programada / Envío por app <br><br>-Tipo de producto: Elaboración propia (tienen una línea sin gluten diferenciada que se elabora en una fábrica aparte)<br><br>-Materia prima: Certificada sin TACC<br><br>-Cocina: Cocina 100% libre de gluten<br><br>-Horarios de atención:<br>Lunes - Cerrado<br>Martes - 9.30 a 19.30 horas<br>Miércoles - 9.30 a 19.30 horas<br>Jueves - 9.30 a 19.30 horas<br>Viernes - 9.30 a 19.30 horas<br>Sábado - 9.30 a 19.30 horas<br>Domingo - 9.30 a 13 horas<br><br>Nombre: ]]></description>
        <styleUrl>#icon-1578-E65100-labelson</styleUrl>
        <ExtendedData>
          <Data name="Nombre">
            <value/>
          </Data>
        </ExtendedData>
        <Point>
          <coordinates>
            -58.4643991,-34.5705949,0
          </coordinates>
        </Point>
      </Placemark>
      <Placemark>
        <name>La Juvenil Pastas Boedo</name>
        <description><![CDATA[-Tipo de comercio: Fábrica de pastas<br><br>-Modalidad: Take away / Entrega programada / Envío por app <br><br>-Tipo de producto: Elaboración propia (tienen una línea sin gluten diferenciada que se elabora en una fábrica aparte)<br><br>-Materia prima: Certificada sin TACC<br><br>-Cocina: Cocina 100% libre de gluten<br><br>-Horarios de atención:<br>Lunes - 9.30 a 22 horas<br>Martes - 9.30 a 22 horas<br>Miércoles - 9.30 a 22 horas<br>Jueves - 9.30 a 22 horas<br>Viernes - 9.30 a 22 horas<br>Sábado - 9.30 a 22 horas<br>Domingo - 9.30 a 22 horas<br><br>Nombre: ]]></description>
        <styleUrl>#icon-1578-E65100-labelson</styleUrl>
        <ExtendedData>
          <Data name="Nombre">
            <value/>
          </Data>
        </ExtendedData>
        <Point>
          <coordinates>
            -58.4147897,-34.6254384,0
          </coordinates>
        </Point>
      </Placemark>
      <Placemark>
        <name>La Juvenil Pastas Caballito</name>
        <description><![CDATA[-Tipo de comercio: Fábrica de pastas<br><br>-Modalidad: Take away / Envío por app <br><br>-Tipo de producto: Elaboración propia (tienen una línea sin gluten diferenciada que se elabora en una fábrica aparte)<br><br>-Materia prima: Certificada sin TACC<br><br>-Cocina: Cocina 100% libre de gluten<br><br>-Horarios de atención:<br>Lunes - 8.30 a 20.30 horas<br>Martes - 8.30 a 20.30 horas<br>Miércoles - 8.30 a 20.30 horas<br>Jueves - 8.30 a 20.30 horas<br>Viernes - 8.30 a 20.30 horas<br>Sábado - 8.30 a 20.30 horas<br>Domingo - 8.15 a 13.30 horas<br><br>Nombre: ]]></description>
        <styleUrl>#icon-1578-E65100-labelson</styleUrl>
        <ExtendedData>
          <Data name="Nombre">
            <value/>
          </Data>
        </ExtendedData>
        <Point>
          <coordinates>
            -58.4354661,-34.6200905,0
          </coordinates>
        </Point>
      </Placemark>
      <Placemark>
        <name>La Juvenil Pastas Caballito</name>
        <description><![CDATA[-Tipo de comercio: Fábrica de pastas<br><br>-Modalidad: Take away / Envío por app <br><br>-Tipo de producto: Elaboración propia (tienen una línea sin gluten diferenciada que se elabora en una fábrica aparte)<br><br>-Materia prima: Certificada sin TACC<br><br>-Cocina: Cocina 100% libre de gluten<br><br>-Horarios de atención:<br>Lunes - 9.30 a 20.30 horas<br>Martes - 9.30 a 20.30 horas<br>Miércoles - 9.30 a 20.30 horas<br>Jueves - 9.30 a 20.30 horas<br>Viernes - 9.30 a 20.30 horas<br>Sábado - 9.30 a 20.30 horas<br>Domingo - 9.30 a 14 horas<br><br>Nombre: ]]></description>
        <styleUrl>#icon-1578-E65100-labelson</styleUrl>
        <ExtendedData>
          <Data name="Nombre">
            <value/>
          </Data>
        </ExtendedData>
        <Point>
          <coordinates>
            -58.4337064,-34.6112735,0
          </coordinates>
        </Point>
      </Placemark>
      <Placemark>
        <name>La Juvenil Pastas Colegiales</name>
        <description><![CDATA[-Tipo de comercio: Fábrica de pastas<br><br>-Modalidad: Take away / Entrega programada<br><br>-Tipo de producto: Elaboración propia (tienen una línea sin gluten diferenciada que se elabora en una fábrica aparte)<br><br>-Materia prima: Certificada sin TACC<br><br>-Cocina: Cocina 100% libre de gluten<br><br>-Horarios de atención:<br>Lunes - Cerrado<br>Martes - 8 a 20 horas<br>Miércoles - 8 a 20 horas<br>Jueves - 8 a 20 horas<br>Viernes - 8 a 20 horas<br>Sábado - 8 a 20 horas<br>Domingo - 9 a 14 horas<br>Feriados - 9 a 13.30 horas<br><br>Nombre: ]]></description>
        <styleUrl>#icon-1578-E65100-labelson</styleUrl>
        <ExtendedData>
          <Data name="Nombre">
            <value/>
          </Data>
        </ExtendedData>
        <Point>
          <coordinates>
            -58.4451166,-34.5706609,0
          </coordinates>
        </Point>
      </Placemark>
      <Placemark>
        <name>La Juvenil Pastas Flores</name>
        <description><![CDATA[-Tipo de comercio: Fábrica de pastas<br><br>-Modalidad: Take away / Entrega programada / Envío por app <br><br>-Tipo de producto: Elaboración propia (tienen una línea sin gluten diferenciada que se elabora en una fábrica aparte)<br><br>-Materia prima: Certificada sin TACC<br><br>-Cocina: Cocina 100% libre de gluten<br><br>-Horarios de atención:<br>Lunes - Cerrado<br>Martes - 9 a 13.30 y 16 a 20 horas<br>Miércoles - 9 a 13.30 y 16 a 20 horas<br>Jueves - 9 a 13.30 y 16 a 20 horas<br>Viernes - 9 a 13.30 y 16 a 20 horas<br>Sábado - 9 a 13.30 y 16 a 20 horas<br>Domingo - 9 a 13.30 horas<br><br>Nombre: ]]></description>
        <styleUrl>#icon-1578-E65100-labelson</styleUrl>
        <ExtendedData>
          <Data name="Nombre">
            <value/>
          </Data>
        </ExtendedData>
        <Point>
          <coordinates>
            -58.4618246,-34.6314041,0
          </coordinates>
        </Point>
      </Placemark>
      <Placemark>
        <name>La Juvenil Pastas Flores</name>
        <description><![CDATA[-Tipo de comercio: Fábrica de pastas<br><br>-Modalidad: Take away / Entrega programada / Envío por app <br><br>-Tipo de producto: Elaboración propia (tienen una línea sin gluten diferenciada que se elabora en una fábrica aparte)<br><br>-Materia prima: Certificada sin TACC<br><br>-Cocina: Cocina 100% libre de gluten<br><br>-Horarios de atención:<br>Lunes - Cerrado<br>Martes - 9 a 13.30 y 16 a 20 horas<br>Miércoles - 9 a 13.30 y 16 a 20 horas<br>Jueves - 9 a 13.30 y 16 a 20 horas<br>Viernes - 9 a 13.30 y 16 a 20 horas<br>Sábado - 9 a 13.30 y 16 a 20 horas<br>Domingo - 9 a 13.30 horas<br><br>Nombre: ]]></description>
        <styleUrl>#icon-1578-E65100-labelson</styleUrl>
        <ExtendedData>
          <Data name="Nombre">
            <value/>
          </Data>
        </ExtendedData>
        <Point>
          <coordinates>
            -58.4547793,-34.6260736,0
          </coordinates>
        </Point>
      </Placemark>
      <Placemark>
        <name>La Juvenil Pastas Núñez</name>
        <description><![CDATA[-Tipo de comercio: Fábrica de pastas<br><br>-Modalidad: Take away / Entrega programada / Envíos por app<br><br>-Tipo de producto: Elaboración propia (tienen una línea sin gluten diferenciada que se elabora en una fábrica aparte)<br><br>-Materia prima: Certificada sin TACC<br><br>-Cocina: Cocina 100% libre de gluten<br><br>-Horarios de atención:<br>Lunes - 9 a 21 horas<br>Martes - 9 a 21 horas<br>Miércoles - 9 a 21 horas<br>Jueves - 9 a 21 horas<br>Viernes - 9 a 21 horas<br>Sábado - 9 a 21 horas<br>Domingo - 8 a 14 horas<br>Feriados - 9 a 14 horas<br><br>Nombre: ]]></description>
        <styleUrl>#icon-1578-E65100-labelson</styleUrl>
        <ExtendedData>
          <Data name="Nombre">
            <value/>
          </Data>
        </ExtendedData>
        <Point>
          <coordinates>
            -58.4526308,-34.5512546,0
          </coordinates>
        </Point>
      </Placemark>
      <Placemark>
        <name>La Juvenil Pastas Palermo</name>
        <description><![CDATA[-Tipo de comercio: Fábrica de pastas<br><br>-Modalidad: Take away / Delivery propio / Envíos por app<br><br>-Tipo de producto: Elaboración propia (tienen una línea sin gluten diferenciada que se elabora en una fábrica aparte)<br><br>-Materia prima: Certificada sin TACC<br><br>-Cocina: Cocina 100% libre de gluten<br><br>-Horarios de atención:<br>Lunes - Cerrado<br>Martes - 9 a 20 horas<br>Miércoles - 9 a 20 horas<br>Jueves - 9 a 20 horas<br>Viernes - 9 a 20 horas<br>Sábado - 9 a 20 horas<br>Domingo - 9 a 14 horas<br>Feriados - 9 a 14 horas<br><br>Nombre: ]]></description>
        <styleUrl>#icon-1578-E65100-labelson</styleUrl>
        <ExtendedData>
          <Data name="Nombre">
            <value/>
          </Data>
        </ExtendedData>
        <Point>
          <coordinates>
            -58.4366427,-34.5657816,0
          </coordinates>
        </Point>
      </Placemark>
      <Placemark>
        <name>La Juvenil Pastas Palermo</name>
        <description><![CDATA[-Tipo de comercio: Fábrica de pastas<br><br>-Modalidad: Take away / Envíos por app<br><br>-Tipo de producto: Elaboración propia (tienen una línea sin gluten diferenciada que se elabora en una fábrica aparte)<br><br>-Materia prima: Certificada sin TACC<br><br>-Cocina: Cocina 100% libre de gluten<br><br>-Horarios de atención:<br>Lunes - 9 a 21 horas<br>Martes - 9 a 21 horas<br>Miércoles - 9 a 21 horas<br>Jueves - 9 a 21 horas<br>Viernes - 9 a 21 horas<br>Sábado - 9 a 21 horas<br>Domingo - 8 a 14 horas<br>Feriados - 9 a 14 horas<br><br>Nombre: ]]></description>
        <styleUrl>#icon-1578-E65100-labelson</styleUrl>
        <ExtendedData>
          <Data name="Nombre">
            <value/>
          </Data>
        </ExtendedData>
        <Point>
          <coordinates>
            -58.4219514,-34.5826987,0
          </coordinates>
        </Point>
      </Placemark>
      <Placemark>
        <name>La Juvenil Pastas Palermo</name>
        <description><![CDATA[-Tipo de comercio: Fábrica de pastas<br><br>-Modalidad: Take away / Entrega programada / Envíos por app<br><br>-Tipo de producto: Elaboración propia (tienen una línea sin gluten diferenciada que se elabora en una fábrica aparte)<br><br>-Materia prima: Certificada sin TACC<br><br>-Cocina: Cocina 100% libre de gluten<br><br>-Horarios de atención:<br>Lunes - 8.30 a 20 horas<br>Martes - 8.30 a 20 horas<br>Miércoles - 8.30 a 20 horas<br>Jueves - 8.30 a 20 horas<br>Viernes - 8.30 a 20 horas<br>Sábado - 8.30 a 20 horas<br>Domingo - 8.30 a 14 horas<br>Feriados - 9 a 16 horas<br><br>Nombre: ]]></description>
        <styleUrl>#icon-1578-E65100-labelson</styleUrl>
        <ExtendedData>
          <Data name="Nombre">
            <value/>
          </Data>
        </ExtendedData>
        <Point>
          <coordinates>
            -58.4088494,-34.580786,0
          </coordinates>
        </Point>
      </Placemark>
      <Placemark>
        <name>La Juvenil Pastas Palermo</name>
        <description><![CDATA[-Tipo de comercio: Fábrica de pastas<br><br>-Modalidad: Take away / Entrega programada / Envíos por app<br><br>-Tipo de producto: Elaboración propia (tienen una línea sin gluten diferenciada que se elabora en una fábrica aparte)<br><br>-Materia prima: Certificada sin TACC<br><br>-Cocina: Cocina 100% libre de gluten<br><br>-Horarios de atención:<br>Lunes - 8.30 a 20 horas<br>Martes - 8.30 a 20 horas<br>Miércoles - 8.30 a 20 horas<br>Jueves - 8.30 a 20 horas<br>Viernes - 8.30 a 20 horas<br>Sábado - 8.30 a 20 horas<br>Domingo - 8.30 a 14 horas<br>Feriados - 9 a 16 horas<br><br>Nombre: ]]></description>
        <styleUrl>#icon-1578-E65100-labelson</styleUrl>
        <ExtendedData>
          <Data name="Nombre">
            <value/>
          </Data>
        </ExtendedData>
        <Point>
          <coordinates>
            -58.4113108,-34.5883844,0
          </coordinates>
        </Point>
      </Placemark>
      <Placemark>
        <name>La Juvenil Pastas Palermo Soho</name>
        <description><![CDATA[-Tipo de comercio: Fábrica de pastas<br><br>-Modalidad: Take away / Envío por app <br><br>-Tipo de producto: Elaboración propia (tienen una línea sin gluten diferenciada que se elabora en una fábrica aparte)<br><br>-Materia prima: Certificada sin TACC<br><br>-Cocina: Cocina 100% libre de gluten<br><br>-Horarios de atención:<br>Lunes - 9.30 a 21.30 horas<br>Martes - 9.30 a 21.30 horas<br>Miércoles - 9.30 a 21.30 horas<br>Jueves - 9.30 a 21.30 horas<br>Viernes - 9.30 a 21.30 horas<br>Sábado - 9.30 a 21.30 horas<br>Domingo - 10 a 15 horas<br><br>Nombre: ]]></description>
        <styleUrl>#icon-1578-E65100-labelson</styleUrl>
        <ExtendedData>
          <Data name="Nombre">
            <value/>
          </Data>
        </ExtendedData>
        <Point>
          <coordinates>
            -58.426473,-34.5916098,0
          </coordinates>
        </Point>
      </Placemark>
      <Placemark>
        <name>La Juvenil Pastas Recoleta</name>
        <description><![CDATA[-Tipo de comercio: Fábrica de pastas<br><br>-Modalidad: Take away / Entrega programada / Envíos por app<br><br>-Tipo de producto: Elaboración propia (tienen una línea sin gluten diferenciada que se elabora en una fábrica aparte)<br><br>-Materia prima: Certificada sin TACC<br><br>-Cocina: Cocina 100% libre de gluten<br><br>-Horarios de atención:<br>Lunes - 9.30 a 21 horas<br>Martes - 9.30 a 21 horas<br>Miércoles - 9.30 a 21 horas<br>Jueves - 9.30 a 21 horas<br>Viernes - 9.30 a 21 horas<br>Sábado - 9.30 a 21 horas<br>Domingo - 10 a 15 horas<br><br>Nombre: ]]></description>
        <styleUrl>#icon-1578-E65100-labelson</styleUrl>
        <ExtendedData>
          <Data name="Nombre">
            <value/>
          </Data>
        </ExtendedData>
        <Point>
          <coordinates>
            -58.3930558,-34.5949539,0
          </coordinates>
        </Point>
      </Placemark>
      <Placemark>
        <name>La Juvenil Pastas Recoleta</name>
        <description><![CDATA[-Tipo de comercio: Fábrica de pastas<br><br>-Modalidad: Take away / Envíos por app<br><br>-Tipo de producto: Elaboración propia (tienen una línea sin gluten diferenciada que se elabora en una fábrica aparte)<br><br>-Materia prima: Certificada sin TACC<br><br>-Cocina: Cocina 100% libre de gluten<br><br>-Horarios de atención:<br>Lunes - 9 a 20.30 horas<br>Martes - 8.30 a 21 horas<br>Miércoles - 8.30 a 21 horas<br>Jueves - 8.30 a 21 horas<br>Viernes - 8.30 a 21 horas<br>Sábado - 8.30 a 21 horas<br>Domingo - 8.30 a 14 horas<br><br>Nombre: ]]></description>
        <styleUrl>#icon-1578-E65100-labelson</styleUrl>
        <ExtendedData>
          <Data name="Nombre">
            <value/>
          </Data>
        </ExtendedData>
        <Point>
          <coordinates>
            -58.3999988,-34.5900207,0
          </coordinates>
        </Point>
      </Placemark>
      <Placemark>
        <name>La Juvenil Pastas Recoleta</name>
        <description><![CDATA[-Tipo de comercio: Fábrica de pastas<br><br>-Modalidad: Take away / Envíos por app<br><br>-Tipo de producto: Elaboración propia (tienen una línea sin gluten diferenciada que se elabora en una fábrica aparte)<br><br>-Materia prima: Certificada sin TACC<br><br>-Cocina: Cocina 100% libre de gluten<br><br>-Horarios de atención:<br>Lunes - 9 a 20 horas<br>Martes - 9 a 20 horas<br>Miércoles - 9 a 20 horas<br>Jueves - 9 a 20 horas<br>Viernes - 9 a 20 horas<br>Sábado - 9 a 20 horas<br>Domingo - 9 a 13.30 horas<br><br>Nombre: ]]></description>
        <styleUrl>#icon-1578-E65100-labelson</styleUrl>
        <ExtendedData>
          <Data name="Nombre">
            <value/>
          </Data>
        </ExtendedData>
        <Point>
          <coordinates>
            -58.4039452,-34.5937538,0
          </coordinates>
        </Point>
      </Placemark>
      <Placemark>
        <name>La Juvenil Pastas Retiro</name>
        <description><![CDATA[-Tipo de comercio: Fábrica de pastas<br><br>-Modalidad: Take away / Entrega programada / Envíos por app<br><br>-Tipo de producto: Elaboración propia (tienen una línea sin gluten diferenciada que se elabora en una fábrica aparte)<br><br>-Materia prima: Certificada sin TACC<br><br>-Cocina: Cocina 100% libre de gluten<br><br>-Horarios de atención:<br>Lunes - 9 a 22 horas<br>Martes - 9 a 22 horas<br>Miércoles - 9 a 22 horas<br>Jueves - 9 a 22 horas<br>Viernes - 9 a 22 horas<br>Sábado - 9 a 22 horas<br>Domingo - 9.30 a 20 horas<br><br>Nombre: ]]></description>
        <styleUrl>#icon-1578-E65100-labelson</styleUrl>
        <ExtendedData>
          <Data name="Nombre">
            <value/>
          </Data>
        </ExtendedData>
        <Point>
          <coordinates>
            -58.378783,-34.593171,0
          </coordinates>
        </Point>
      </Placemark>
      <Placemark>
        <name>La Juvenil Pastas Saavedra</name>
        <description><![CDATA[-Tipo de comercio: Fábrica de pastas<br><br>-Modalidad: Take away / Entrega programada / Envíos por app<br><br>-Tipo de producto: Elaboración propia (tienen una línea sin gluten diferenciada que se elabora en una fábrica aparte)<br><br>-Materia prima: Certificada sin TACC<br><br>-Cocina: Cocina 100% libre de gluten<br><br>-Horarios de atención:<br>Lunes - 10 a 13.30 y 16.30 a 19.30 horas<br>Martes - 9.30 a 19.30 horas<br>Miércoles - 9.30 a 19.30 horas<br>Jueves - 9.30 a 19.30 horas<br>Viernes - 9.30 a 19.30 horas<br>Sábado - 9.30 a 13.30 y 16.30 a 19.30 horas<br>Domingo - 9.30 a 13 horas Feriados - 9.30 a 13.30 horas<br><br>Nombre: ]]></description>
        <styleUrl>#icon-1578-E65100-labelson</styleUrl>
        <ExtendedData>
          <Data name="Nombre">
            <value/>
          </Data>
        </ExtendedData>
        <Point>
          <coordinates>
            -58.4692193,-34.5479608,0
          </coordinates>
        </Point>
      </Placemark>
      <Placemark>
        <name>La Juvenil Pastas Villa del Parque</name>
        <description><![CDATA[-Tipo de comercio: Fábrica de pastas<br><br>-Modalidad: Take away / Entrega programada / Envíos por app<br><br>-Tipo de producto: Elaboración propia (tienen una línea sin gluten diferenciada que se elabora en una fábrica aparte)<br><br>-Materia prima: Certificada sin TACC<br><br>-Cocina: Cocina 100% libre de gluten<br><br>-Horarios de atención:<br>Lunes - 9 a 13.30 y 16 a 20 horas<br>Martes - 9 a 13.30 y 16 a 20 horas<br>Miércoles - 9 a 13.30 y 16 a 20 horas<br>Jueves - 9 a 13.30 y 16 a 20 horas<br>Viernes - 9 a 13.30 y 16 a 20 horas<br>Sábado - 9 a 13.30 y 16 a 20 horas<br>Domingo - 9 a 13.30 horas<br><br>Nombre: ]]></description>
        <styleUrl>#icon-1578-E65100-labelson</styleUrl>
        <ExtendedData>
          <Data name="Nombre">
            <value/>
          </Data>
        </ExtendedData>
        <Point>
          <coordinates>
            -58.4963227,-34.6003049,0
          </coordinates>
        </Point>
      </Placemark>
      <Placemark>
        <name>La Juvenil Pastas Villa del Parque</name>
        <description><![CDATA[-Tipo de comercio: Fábrica de pastas<br><br>-Modalidad: Take away / Entrega programada / Envíos por app<br><br>-Tipo de producto: Elaboración propia (tienen una línea sin gluten diferenciada que se elabora en una fábrica aparte)<br><br>-Materia prima: Certificada sin TACC<br><br>-Cocina: Cocina 100% libre de gluten<br><br>-Horarios de atención:<br>Lunes - Cerrado<br>Martes - 9 a 13.30 y 16 a 20 horas<br>Miércoles - 9 a 13.30 y 16 a 20 horas<br>Jueves - 9 a 13.30 y 16 a 20 horas<br>Viernes - 9 a 13.30 y 16 a 20 horas<br>Sábado - 9 a 13.30 y 16 a 20 horas<br>Domingo - 9 a 13.30 horas<br><br>Nombre: ]]></description>
        <styleUrl>#icon-1578-E65100-labelson</styleUrl>
        <ExtendedData>
          <Data name="Nombre">
            <value/>
          </Data>
        </ExtendedData>
        <Point>
          <coordinates>
            -58.493174,-34.6037714,0
          </coordinates>
        </Point>
      </Placemark>
      <Placemark>
        <name>La Juvenil Pastas Villa Luro</name>
        <description><![CDATA[-Tipo de comercio: Fábrica de pastas<br><br>-Modalidad: Take away / Entrega programada / Envíos por app<br><br>-Tipo de producto: Elaboración propia (tienen una línea sin gluten diferenciada que se elabora en una fábrica aparte)<br><br>-Materia prima: Certificada sin TACC<br><br>-Cocina: Cocina 100% libre de gluten<br><br>-Horarios de atención:<br>Lunes - Cerrado<br>Martes - 9 a 13.30 y 16 a 20 horas<br>Miércoles - 9 a 13.30 y 16 a 20 horas<br>Jueves - 9 a 13.30 y 16 a 20 horas<br>Viernes - 9 a 13.30 y 16 a 20 horas<br>Sábado - 9 a 13.30 y 16 a 20 horas<br>Domingo - 9 a 13.30 horas<br><br>Nombre: ]]></description>
        <styleUrl>#icon-1578-E65100-labelson</styleUrl>
        <ExtendedData>
          <Data name="Nombre">
            <value/>
          </Data>
        </ExtendedData>
        <Point>
          <coordinates>
            -58.508529,-34.6400623,0
          </coordinates>
        </Point>
      </Placemark>
      <Placemark>
        <name>La Juvenil Pastas Villa Urquiza</name>
        <description><![CDATA[-Tipo de comercio: Fábrica de pastas<br><br>-Modalidad: Take away / Entrega programada / Envíos por app<br><br>-Tipo de producto: Elaboración propia (tienen una línea sin gluten diferenciada que se elabora en una fábrica aparte)<br><br>-Materia prima: Certificada sin TACC<br><br>-Cocina: Cocina 100% libre de gluten<br><br>-Horarios de atención:<br>Lunes - Cerrado<br>Martes - 10.30 a 18.30 horas<br>Miércoles - 10.30 a 18.30 horas<br>Jueves - 10.30 a 18.30 horas<br>Viernes - 10.30 a 18.30 horas<br>Sábado - 10.30 a 18.30 horas<br>Domingo - 9.30 a 13 horas<br><br>Nombre: ]]></description>
        <styleUrl>#icon-1578-E65100-labelson</styleUrl>
        <ExtendedData>
          <Data name="Nombre">
            <value/>
          </Data>
        </ExtendedData>
        <Point>
          <coordinates>
            -58.4803443,-34.5780691,0
          </coordinates>
        </Point>
      </Placemark>
      <Placemark>
        <name>La Panera Rosa</name>
        <description><![CDATA[-Tipo de comercio: Restaurante<br><br>-Modalidad: Salón<br><br>-Tipo de producto: Elaboración externa en cocina libre de gluten<br><br>-Nivel de cuidados: Cocina mixta con cuidados en contaminación cruzada<br><br>-Horarios de atención:<br>Lunes - 6 a 0 horas<br>Martes - 6 a 0 horas<br>Miércoles - 6 a 0 horas<br>Jueves - 6 a 0 horas<br>Viernes - 6 a 0 horas<br>Sábado - 6 a 0 horas<br>Domingo - 6 a 0 horas<br><br>Nombre: ]]></description>
        <styleUrl>#icon-1577-FFEA00-labelson</styleUrl>
        <ExtendedData>
          <Data name="Nombre">
            <value/>
          </Data>
        </ExtendedData>
        <Point>
          <coordinates>
            -58.4130376,-34.5570007,0
          </coordinates>
        </Point>
      </Placemark>
      <Placemark>
        <name>La Panera Rosa</name>
        <description><![CDATA[-Tipo de comercio: Restaurante <br><br>-Modalidad: Salón<br><br><br>-Tipo de producto: Elaboración externa en cocina libre de gluten <br><br>-Nivel de cuidados: Cocina mixta con cuidados en contaminación cruzada<br><br>-Horarios de atención:<br>Lunes - 8 a 1 horas<br>Martes - 8 a 1 horas<br>Miércoles - 8 a 1 horas<br>Jueves - 8 a 1 horas<br>Viernes - 8 a 1 horas<br>Sábado - 8 a 1 horas<br>Domingo - 8 a 1 horas<br><br>Nombre: ]]></description>
        <styleUrl>#icon-1577-FFEA00-labelson</styleUrl>
        <ExtendedData>
          <Data name="Nombre">
            <value/>
          </Data>
        </ExtendedData>
        <Point>
          <coordinates>
            -58.407329,-34.5916831,0
          </coordinates>
        </Point>
      </Placemark>
      <Placemark>
        <name>La Panera Rosa</name>
        <description><![CDATA[-Tipo de comercio: Restaurante<br><br>-Modalidad: Salón<br><br>-Tipo de producto: Elaboración externa en cocina libre de gluten<br><br>-Nivel de cuidados: Cocina mixta con cuidados en contaminación cruzada<br><br>-Horarios de atención:<br>Lunes - 8 a 0 horas<br>Martes - 8 a 0 horas<br>Miércoles - 8 a 0 horas<br>Jueves - 8 a 0 horas<br>Viernes - 8 a 0 horas<br>Sábado - 8 a 0 horas<br>Domingo - 8 a 0 horas<br><br>Nombre: ]]></description>
        <styleUrl>#icon-1577-FFEA00-labelson</styleUrl>
        <ExtendedData>
          <Data name="Nombre">
            <value/>
          </Data>
        </ExtendedData>
        <Point>
          <coordinates>
            -58.4407655,-34.6251412,0
          </coordinates>
        </Point>
      </Placemark>
      <Placemark>
        <name>La Panera Rosa</name>
        <description><![CDATA[-Tipo de comercio: Restaurante <br><br>-Modalidad: Salón<br><br>-Tipo de producto: Elaboración externa en cocina libre de gluten <br><br>-Nivel de cuidados: Cocina mixta con cuidados en contaminación cruzada<br><br>-Horarios de atención:<br>Lunes - 7.30 a 0 horas<br>Martes - 7.30 a 0 horas<br>Miércoles - 7.30 a 0 horas<br>Jueves - 7.30 a 0 horas<br>Viernes - 7.30 a 1.30 horas<br>Sábado - 8 a 1.30 horas<br>Domingo - 8 a 0 horas<br><br>Nombre: ]]></description>
        <styleUrl>#icon-1577-FFEA00-labelson</styleUrl>
        <ExtendedData>
          <Data name="Nombre">
            <value/>
          </Data>
        </ExtendedData>
        <Point>
          <coordinates>
            -58.2606295,-34.7177744,0
          </coordinates>
        </Point>
      </Placemark>
      <Placemark>
        <name>La Panera rosa</name>
        <description><![CDATA[-Tipo de comercio: Restaurante<br><br>-Modalidad: Salón<br><br>-Tipo de producto: Elaboración externa en cocina libre de gluten<br><br>-Nivel de cuidados: Cocina mixta con cuidados en contaminación cruzada<br><br>-Horarios de atención:<br>Lunes - 8 a 1 horas<br>Martes - 8 a 1 horas<br>Miércoles - 8 a 1 horas<br>Jueves - 8 a 1 horas<br>Viernes - 8 a 1 horas<br>Sábado - 8 a 1 horas<br>Domingo - 8 a 1 horas<br><br>Nombre: ]]></description>
        <styleUrl>#icon-1577-FFEA00-labelson</styleUrl>
        <ExtendedData>
          <Data name="Nombre">
            <value/>
          </Data>
        </ExtendedData>
        <Point>
          <coordinates>
            -58.3859599,-34.6094917,0
          </coordinates>
        </Point>
      </Placemark>
      <Placemark>
        <name>La Panera Rosa</name>
        <description><![CDATA[-Tipo de comercio: Restaurante <br><br>-Modalidad: Salón<br><br>-Tipo de producto: Elaboración externa en cocina libre de gluten <br><br>-Nivel de cuidados: Cocina mixta con cuidados en contaminación cruzada<br><br>-Horarios de atención:<br>Lunes - 9 a 0 horas<br>Martes - 9 a 0 horas<br>Miércoles - 9 a 0 horas<br>Jueves - 9 a 0 horas<br>Viernes - 9 a 1 horas<br>Sábado - 9 a 1 horas<br>Domingo - 9 a 0 horas<br><br>Nombre: ]]></description>
        <styleUrl>#icon-1577-FFEA00-labelson</styleUrl>
        <ExtendedData>
          <Data name="Nombre">
            <value/>
          </Data>
        </ExtendedData>
        <Point>
          <coordinates>
            -58.4259872,-34.5889664,0
          </coordinates>
        </Point>
      </Placemark>
      <Placemark>
        <name>La Panera Rosa</name>
        <description><![CDATA[-Tipo de comercio: Restaurante<br><br>-Modalidad: Salón<br><br>-Tipo de producto: Elaboración externa en cocina libre de gluten<br><br>-Nivel de cuidados: Cocina mixta con cuidados en contaminación cruzada<br><br>-Horarios de atención:<br>Lunes - 9 a 0 horas<br>Martes - 9 a 0 horas<br>Miércoles - 9 a 0 horas<br>Jueves - 9 a 0 horas<br>Viernes - 9 a 1 horas<br>Sábado - 9 a 1 horas<br>Domingo - 9 a 0 horas<br><br>Nombre: ]]></description>
        <styleUrl>#icon-1577-FFEA00-labelson</styleUrl>
        <ExtendedData>
          <Data name="Nombre">
            <value/>
          </Data>
        </ExtendedData>
        <Point>
          <coordinates>
            -58.4362859,-34.565403,0
          </coordinates>
        </Point>
      </Placemark>
      <Placemark>
        <name>La Panera Rosa</name>
        <description><![CDATA[-Tipo de comercio: Restaurante<br><br>-Modalidad: Salón<br><br>-Tipo de producto: Elaboración externa en cocina libre de gluten<br><br>-Nivel de cuidados: Cocina mixta con cuidados en contaminación cruzada<br><br>-Horarios de atención:<br>Lunes - 8 a 1 horas<br>Martes - 8 a 1 horas<br>Miércoles - 8 a 1 horas<br>Jueves - 8 a 1 horas<br>Viernes - 8 a 1 horas<br>Sábado - 8 a 1 horas<br>Domingo - 8 a 1 horas<br><br>Nombre: ]]></description>
        <styleUrl>#icon-1577-FFEA00-labelson</styleUrl>
        <ExtendedData>
          <Data name="Nombre">
            <value/>
          </Data>
        </ExtendedData>
        <Point>
          <coordinates>
            -58.4123647,-34.5920087,0
          </coordinates>
        </Point>
      </Placemark>
      <Placemark>
        <name>La Panera Rosa</name>
        <description><![CDATA[-Tipo de comercio: Restaurante <br><br>-Modalidad: Salón<br><br>-Tipo de producto: Elaboración externa en cocina libre de gluten <br><br>-Nivel de cuidados: Cocina mixta con cuidados en contaminación cruzada<br><br>-Horarios de atención:<br>Lunes - 8 a 1 horas<br>Martes - 8 a 1 horas<br>Miércoles - 8 a 1 horas<br>Jueves - 8 a 1 horas<br>Viernes - 8 a 1 horas<br>Sábado - 8 a 1 horas<br>Domingo - 8 a 1 horas<br><br>Nombre: ]]></description>
        <styleUrl>#icon-1577-FFEA00-labelson</styleUrl>
        <ExtendedData>
          <Data name="Nombre">
            <value/>
          </Data>
        </ExtendedData>
        <Point>
          <coordinates>
            -58.3634545,-34.6130937,0
          </coordinates>
        </Point>
      </Placemark>
      <Placemark>
        <name>La Panera Rosa</name>
        <description><![CDATA[-Tipo de comercio: Restaurante<br><br>-Modalidad: Salón<br><br>-Tipo de producto: Elaboración externa en cocina libre de gluten<br><br>-Nivel de cuidados: Cocina mixta con cuidados en contaminación cruzada<br><br>-Horarios de atención:<br>Lunes - 9 a 23.30 horas<br>Martes - 9 a 23.30 horas<br>Miércoles - 9 a 23.30 horas<br>Jueves - 9 a 23.30 horas<br>Viernes - 9 a 0.30 horas<br>Sábado - 9 a 0.30 horas<br>Domingo - 9 a 23.30 horas<br><br>Nombre: ]]></description>
        <styleUrl>#icon-1577-FFEA00-labelson</styleUrl>
        <ExtendedData>
          <Data name="Nombre">
            <value/>
          </Data>
        </ExtendedData>
        <Point>
          <coordinates>
            -58.3764366,-34.6032438,0
          </coordinates>
        </Point>
      </Placemark>
      <Placemark>
        <name>La Panera Rosa</name>
        <description><![CDATA[-Tipo de comercio: Restaurante <br><br>-Modalidad: Salón<br><br>-Tipo de producto: Elaboración externa en cocina libre de gluten <br><br>-Nivel de cuidados: Cocina mixta con cuidados en contaminación cruzada<br><br>-Horarios de atención:<br>Lunes - 9 a 1 horas<br>Martes - 9 a 1 horas<br>Miércoles - 9 a 1 horas<br>Jueves - 9 a 1 horas<br>Viernes - 9 a 2 horas<br>Sábado - 9 a 2 horas<br>Domingo - 9 a 1 horas<br><br>Nombre: ]]></description>
        <styleUrl>#icon-1577-FFEA00-labelson</styleUrl>
        <ExtendedData>
          <Data name="Nombre">
            <value/>
          </Data>
        </ExtendedData>
        <Point>
          <coordinates>
            -58.3907546,-34.5875434,0
          </coordinates>
        </Point>
      </Placemark>
      <Placemark>
        <name>La Panera Rosa</name>
        <description><![CDATA[-Tipo de comercio: Restaurante<br><br>-Modalidad: Salón<br><br>-Tipo de producto: Elaboración externa en cocina libre de gluten<br><br>-Nivel de cuidados: Cocina mixta con cuidados en contaminación cruzada<br><br>-Horarios de atención:<br>Lunes - 8.30 a 0 horas<br>Martes - 8.30 a 0 horas<br>Miércoles - 8.30 a 0 horas<br>Jueves - 8.30 a 0 horas<br>Viernes - 8.30 a 2 horas<br>Sábado - 8.30 a 3 horas<br>Domingo - 8.30 a 0 horas<br><br>Nombre: ]]></description>
        <styleUrl>#icon-1577-FFEA00-labelson</styleUrl>
        <ExtendedData>
          <Data name="Nombre">
            <value/>
          </Data>
        </ExtendedData>
        <Point>
          <coordinates>
            -58.429242,-34.5883078,0
          </coordinates>
        </Point>
      </Placemark>
      <Placemark>
        <name>La Tortillería</name>
        <description><![CDATA[-Tipo de comercio: Despacho<br><br>-Modalidad:  Mercado gastronómico <br><br>-Tipo de producto: Elaboración propia <br><br>-Materia prima: Certificada sin TACC<br><br>-Nivel de cuidados: Cocina 100% libre de gluten<br><br>-Horarios de atención:<br>Lunes - Cerrado<br>Martes - 11 a 20 horas<br>Miércoles - 11 a 20 horas<br>Jueves - 11.a 1 horas<br>Viernes - 11 a 1 horas<br>Sábado - 11 a 1 horas<br>Domingo - 11 a 20 horas<br><br>Nombre: ]]></description>
        <styleUrl>#icon-1577-FFEA00-labelson</styleUrl>
        <ExtendedData>
          <Data name="Nombre">
            <value/>
          </Data>
        </ExtendedData>
        <Point>
          <coordinates>
            -58.4402721,-34.5938137,0
          </coordinates>
        </Point>
      </Placemark>
      <Placemark>
        <name>La Union Gluten Free Bakery Belgrano</name>
        <description><![CDATA[-Tipo de comercio: Panadería<br><br>-Modalidad: Take away<br><br>-Tipo de producto: Elaboración propia<br><br>-Materia prima: Certificada sin TACC<br><br>-Nivel de cuidados: Cocina 100% libre de gluten<br><br>-Horarios de atención:<br>Lunes - 8 a 20 horas<br>Martes - 8 a 20 horas<br>Miércoles - 8 a 20 horas<br>Jueves - 8 a 20 horas<br>Viernes - 8 a 20 horas<br>Sábado - 8 a 20 horas<br>Domingo - 8 a 20 horas<br><br>Nombre: ]]></description>
        <styleUrl>#icon-1577-FFEA00-labelson</styleUrl>
        <ExtendedData>
          <Data name="Nombre">
            <value/>
          </Data>
        </ExtendedData>
        <Point>
          <coordinates>
            -58.4587494,-34.5679642,0
          </coordinates>
        </Point>
      </Placemark>
      <Placemark>
        <name>La Union Gluten Free Beruti</name>
        <description><![CDATA[-Tipo de comercio: Panadería<br><br>-Modalidad: Take away<br><br>-Tipo de producto: Elaboración propia<br><br>-Materia prima: Certificada sin TACC<br><br>-Nivel de cuidados: Cocina 100% libre de gluten<br><br>-Horarios de atención:<br>Lunes - 8 a 20 horas<br>Martes - 8 a 20 horas<br>Miércoles - 8 a 20 horas<br>Jueves - 8 a 20 horas<br>Viernes - 8 a 20 horas<br>Sábado - 8 a 20 horas<br>Domingo - 8 a 20 horas<br><br>Nombre: ]]></description>
        <styleUrl>#icon-1577-FFEA00-labelson</styleUrl>
        <ExtendedData>
          <Data name="Nombre">
            <value/>
          </Data>
        </ExtendedData>
        <Point>
          <coordinates>
            -58.403721,-34.5915377,0
          </coordinates>
        </Point>
      </Placemark>
      <Placemark>
        <name>La Unión Gluten Free Devoto</name>
        <description><![CDATA[-Tipo de comercio: Panadería<br><br>-Modalidad: Take away<br><br>-Tipo de producto: Elaboración propia<br><br>-Materia prima: Certificada sin TACC<br><br>-Nivel de cuidados: Cocina 100% libre de gluten<br><br>-Horarios de atención:<br>Lunes - Cerrado<br>Martes - 9.30 a 19 horas<br>Miércoles - 9.30 a 19 horas<br>Jueves - 9.30 a 19 horas<br>Viernes - 9.30 a 19 horas<br>Sábado - 9.30 a 19 horas<br>Domingo - 9.30 a 19 horas<br><br>Nombre: ]]></description>
        <styleUrl>#icon-1577-FFEA00-labelson</styleUrl>
        <ExtendedData>
          <Data name="Nombre">
            <value/>
          </Data>
        </ExtendedData>
        <Point>
          <coordinates>
            -58.5208538,-34.607699,0
          </coordinates>
        </Point>
      </Placemark>
      <Placemark>
        <name>La Unión Gluten Free Caballito</name>
        <description><![CDATA[-Tipo de comercio: Panadería<br><br>-Modalidad: Take away<br><br>-Tipo de producto: Elaboración propia<br><br>-Materia prima: Certificada sin TACC<br><br>-Nivel de cuidados: Cocina 100% libre de gluten<br><br>-Horarios de atención:<br>Lunes - 8 a 20 horas<br>Martes - 8 a 20 horas<br>Miércoles - 8 a 20 horas<br>Jueves - 8 a 20 horas<br>Viernes - 8 a 20 horas<br>Sábado - 8 a 20 horas<br>Domingo - 8 a 20 horas<br><br>Nombre: ]]></description>
        <styleUrl>#icon-1577-FFEA00-labelson</styleUrl>
        <ExtendedData>
          <Data name="Nombre">
            <value/>
          </Data>
        </ExtendedData>
        <Point>
          <coordinates>
            -58.433895,-34.6266426,0
          </coordinates>
        </Point>
      </Placemark>
      <Placemark>
        <name>La Unión Gluten Free Caballito</name>
        <description><![CDATA[-Tipo de comercio: Panadería<br><br>-Modalidad: Take away<br><br>-Tipo de producto: Elaboración propia<br><br>-Materia prima: Certificada sin TACC<br><br>-Nivel de cuidados: Cocina 100% libre de gluten<br><br>-Horarios de atención:<br>Lunes - 8 a 20 horas<br>Martes - 8 a 20 horas<br>Miércoles - 8 a 20 horas<br>Jueves - 8 a 20 horas<br>Viernes - 8 a 20 horas<br>Sábado - 8 a 20 horas<br>Domingo - 8 a 20 horas<br><br>Nombre: ]]></description>
        <styleUrl>#icon-1577-FFEA00-labelson</styleUrl>
        <ExtendedData>
          <Data name="Nombre">
            <value/>
          </Data>
        </ExtendedData>
        <Point>
          <coordinates>
            -58.4288505,-34.6177036,0
          </coordinates>
        </Point>
      </Placemark>
      <Placemark>
        <name>La Union Gluten Free La Imprenta</name>
        <description><![CDATA[-Tipo de comercio: Panadería<br><br>-Modalidad: Take away<br><br>-Tipo de producto: Elaboración propia<br><br>-Materia prima: Certificada sin TACC<br><br>-Nivel de cuidados: Cocina 100% libre de gluten<br><br>-Horarios de atención:<br>Lunes - Cerrado<br>Martes - 8.30 a 20 horas<br>Mieercoles - 8.30 a 20 horas<br>Jueves - 8.30 a 20 horas<br>Viernes - 8.30 a 20 horas<br>Sábado - 8.30 a 20 horas<br>Domingo - 8.30 a 20 horas<br><br>Nombre: ]]></description>
        <styleUrl>#icon-1577-FFEA00-labelson</styleUrl>
        <ExtendedData>
          <Data name="Nombre">
            <value/>
          </Data>
        </ExtendedData>
        <Point>
          <coordinates>
            -58.4355498,-34.566376,0
          </coordinates>
        </Point>
      </Placemark>
      <Placemark>
        <name>La Unión Gluten Free Nuñez</name>
        <description><![CDATA[-Tipo de comercio: Panadería<br><br>-Modalidad: Take away<br><br>-Tipo de producto: Elaboración propia<br><br>-Materia prima: Certificada sin TACC<br><br>-Nivel de cuidados: Cocina 100% libre de gluten<br><br>-Horarios de atención:<br>Lunes - 8 a 20 horas<br>Martes - 8 a 20 horas<br>Miércoles - 8 a 20 horas<br>Jueves - 8 a 20 horas<br>Viernes - 8 a 20 horas<br>Sábado - 8 a 20 horas<br>Domingo - 8 a 20 horas<br><br>Nombre: ]]></description>
        <styleUrl>#icon-1577-FFEA00-labelson</styleUrl>
        <ExtendedData>
          <Data name="Nombre">
            <value/>
          </Data>
        </ExtendedData>
        <Point>
          <coordinates>
            -58.4522186,-34.5533794,0
          </coordinates>
        </Point>
      </Placemark>
      <Placemark>
        <name>La Union Gluten Free Palermo</name>
        <description><![CDATA[-Tipo de comercio: Panadería<br><br>-Modalidad: Take away<br><br>-Tipo de producto: Elaboración propia<br><br>-Materia prima: Certificada sin TACC<br><br>-Nivel de cuidados: Cocina 100% libre de gluten<br><br>-Horarios de atención:<br>Lunes - Cerrado<br>Martes - 9 a 19 horas<br>Miércoles - 9 a 19 horas<br>Jueves - 9 a 19 horas<br>Viernes - 9 a 19 horas<br>Sábado - 9 a 19 horas<br>Domingo - 9 a 19 horas<br><br>Nombre: ]]></description>
        <styleUrl>#icon-1577-FFEA00-labelson</styleUrl>
        <ExtendedData>
          <Data name="Nombre">
            <value/>
          </Data>
        </ExtendedData>
        <Point>
          <coordinates>
            -58.4090567,-34.5814682,0
          </coordinates>
        </Point>
      </Placemark>
      <Placemark>
        <name>La Unión Gluten Free Palermo</name>
        <description><![CDATA[-Tipo de comercio: Panadería<br><br>-Modalidad: Take away<br><br>-Tipo de producto: Elaboración propia<br><br>-Materia prima: Certificada sin TACC<br><br>-Nivel de cuidados: Cocina 100% libre de gluten<br><br>-Horarios de atención:<br>Lunes - 8 a 20 horas<br>Martes - 8 a 20 horas<br>Miércoles - 8 a 20 horas<br>Jueves - 8 a 20 horas<br>Viernes - 8 a 20 horas<br>Sábado - 8 a 20 horas<br>Domingo - 8 a 20 horas<br><br>Nombre: ]]></description>
        <styleUrl>#icon-1577-FFEA00-labelson</styleUrl>
        <ExtendedData>
          <Data name="Nombre">
            <value/>
          </Data>
        </ExtendedData>
        <Point>
          <coordinates>
            -58.4401418,-34.5808509,0
          </coordinates>
        </Point>
      </Placemark>
      <Placemark>
        <name>La Unión Gluten Free Recoleta</name>
        <description><![CDATA[-Tipo de comercio: Panadería<br><br>-Modalidad: Take away<br><br>-Tipo de producto: Elaboración propia<br><br>-Materia prima: Certificada sin TACC<br><br>-Nivel de cuidados: Cocina 100% libre de gluten<br><br>-Horarios de atención:<br>Lunes - Cerrado<br>Martes - 9 a 19 horas<br>Miércoles - 9 a 19 horas<br>Jueves - 9 a 19 horas<br>Viernes - 9 a 19 horas<br>Sábado - 9 a 19 horas<br>Domingo - 9 a 19 horas<br><br>Nombre: ]]></description>
        <styleUrl>#icon-1577-FFEA00-labelson</styleUrl>
        <ExtendedData>
          <Data name="Nombre">
            <value/>
          </Data>
        </ExtendedData>
        <Point>
          <coordinates>
            -58.3861205,-34.5928673,0
          </coordinates>
        </Point>
      </Placemark>
      <Placemark>
        <name>Let it V</name>
        <description><![CDATA[-Tipo de comercio: Restaurante<br><br>-Modalidad: Salón / Take away / Delivery<br><br>-Tipo de producto: Elaboración propia<br><br>-Materia prima: Certificada sin TACC / Productos sin gluten de origen pero no certificados<br><br>-Nivel de cuidados: Cocina 100% libre de gluten<br><br>-Comentario del lugar: No todos los productos están certificados porque "recibimos, por ejemplo, productos asiáticos que no cuentan con dicho registro. Pero te aseguramos que la experiencia está pensada para que aquellos con intolerancia al gluten puedan pasarla bien, comer sin problemas y no sentirse mal luego".<br> <br>-Horarios de atención:<br>Lunes - 9.30 a 23.30 horas<br>Martes - Cerrado<br>Miércoles - 9.30 a 23.30 horas<br>Jueves - 9.30 a 23.30 horas<br>Viernes - 9.30 a 23.30 horas<br>Sábado - 9.30 a 23.30 horas<br>Domingo - 9.30 a 23.30 horas<br><br>Nombre: ]]></description>
        <styleUrl>#icon-1577-FFEA00-labelson</styleUrl>
        <ExtendedData>
          <Data name="Nombre">
            <value/>
          </Data>
        </ExtendedData>
        <Point>
          <coordinates>
            -58.4371621,-34.5805104,0
          </coordinates>
        </Point>
      </Placemark>
      <Placemark>
        <name>Let It V</name>
        <description><![CDATA[-Tipo de comercio: Restaurante<br><br>-Modalidad: Salón / Take away / Delivery<br><br>-Tipo de producto: Elaboración propia<br><br>-Materia prima: Certificada sin TACC / Productos sin gluten de origen pero no certificados<br><br>-Nivel de cuidados: Cocina 100% libre de gluten<br><br>-Comentario del lugar: No todos los productos están certificados porque "recibimos, por ejemplo, productos asiáticos que no cuentan con dicho registro. Pero te aseguramos que la experiencia está pensada para que aquellos con intolerancia al gluten puedan pasarla bien, comer sin problemas y no sentirse mal luego".<br><br>-Horarios de atención:<br>Lunes  - 10 a 16 horas<br>Martes - 10 a 23.30 horas<br>Miércoles - 10 a 23.30 horas<br>Jueves - 10 a 0.30 horas<br>Viernes - 10 a 0.30 horas<br>Sábado - 10 a 0.30 horas<br>Domingo - 10 a 0.30 horas<br><br>Nombre: ]]></description>
        <styleUrl>#icon-1577-FFEA00-labelson</styleUrl>
        <ExtendedData>
          <Data name="Nombre">
            <value/>
          </Data>
        </ExtendedData>
        <Point>
          <coordinates>
            -58.3901897,-34.6043901,0
          </coordinates>
        </Point>
      </Placemark>
      <Placemark>
        <name>Lo de Carlitos</name>
        <description><![CDATA[-Tipo de comercio: Restaurante<br><br>-Modalidad: Salón / Take away / Delivery<br><br>-Tipo de producto: Elaboración propia<br><br>-Materia prima: Certificada sin TACC<br><br>-Nivel de cuidados: Cocina mixta con cuidados en contaminación cruzada<br><br>-Horarios de atención:<br>Lunes - 9 a 23 horas<br>Martes - 9 a 23 horas<br>Miércoles - 9 a 23 horas<br>Jueves - 9 a 23 horas<br>Viernes - 9 a 23 horas<br>Sábado - 9 a 23 horas<br>Domingo - 9 a 23 horas<br><br>Nombre: ]]></description>
        <styleUrl>#icon-1577-FFEA00-labelson</styleUrl>
        <ExtendedData>
          <Data name="Nombre">
            <value/>
          </Data>
        </ExtendedData>
        <Point>
          <coordinates>
            -58.4534774,-34.560381,0
          </coordinates>
        </Point>
      </Placemark>
      <Placemark>
        <name>Lo de Carlitos</name>
        <description><![CDATA[-Tipo de comercio: Restaurante<br><br>-Modalidad: Salón / Take away<br><br>-Tipo de producto: Elaboración propia<br><br>-Materia prima: Certificada sin TACC<br><br>-Nivel de cuidados: Cocina mixta con cuidados en contaminación cruzada<br><br>-Horarios de atención:<br>Lunes - 10 a 23 horas<br>Martes - 10 a 23 horas<br>Miércoles - 10 a 23 horas<br>Jueves - 10 a 23 horas<br>Viernes - 10 a 23 horas<br>Sábado - 10 a 23 horas<br>Domingo - 10 a 23 horas<br><br>Nombre: ]]></description>
        <styleUrl>#icon-1577-FFEA00-labelson</styleUrl>
        <ExtendedData>
          <Data name="Nombre">
            <value/>
          </Data>
        </ExtendedData>
        <Point>
          <coordinates>
            -58.4914969,-34.6027929,0
          </coordinates>
        </Point>
      </Placemark>
      <Placemark>
        <name>Lo de Carlitos</name>
        <description><![CDATA[-Tipo de comercio: Restaurante<br><br>-Modalidad: Salón / Take away / Delivery<br><br>-Tipo de producto: Elaboración propia<br><br>-Materia prima: Certificada sin TACC<br><br>-Nivel de cuidados: Cocina mixta con cuidados en contaminación cruzada<br><br>-Horarios de atención:<br>Lunes - 10 a 23 horas<br>Martes - 10 a 23 horas<br>Miércoles - 10 a 23 horas<br>Jueves - 10 a 23 horas<br>Viernes - 10 a 23 horas<br>Sábado - 10 a 23 horas<br>Domingo - 10 a 23 horas<br><br>Nombre: ]]></description>
        <styleUrl>#icon-1577-FFEA00-labelson</styleUrl>
        <ExtendedData>
          <Data name="Nombre">
            <value/>
          </Data>
        </ExtendedData>
        <Point>
          <coordinates>
            -58.4171998,-34.5881741,0
          </coordinates>
        </Point>
      </Placemark>
      <Placemark>
        <name>Lo de Carlitos</name>
        <description><![CDATA[-Tipo de comercio: Restaurante<br><br>-Modalidad: Salón / Take away / Delivery<br><br>-Tipo de producto: Elaboración propia<br><br>-Materia prima: Certificada sin TACC<br><br>-Nivel de cuidados: Cocina mixta con cuidados en contaminación cruzada<br><br>-Horarios de atención:<br>Lunes - 10 a 23 horas<br>Martes - 10 a 23 horas<br>Miércoles - 10 a 23 horas<br>Jueves - 10 a 23 horas<br>Viernes - 10 a 23 horas<br>Sábado - 10 a 23 horas<br>Domingo - 10 a 23 horas<br><br>Nombre: ]]></description>
        <styleUrl>#icon-1577-FFEA00-labelson</styleUrl>
        <ExtendedData>
          <Data name="Nombre">
            <value/>
          </Data>
        </ExtendedData>
        <Point>
          <coordinates>
            -58.3709266,-34.6160109,0
          </coordinates>
        </Point>
      </Placemark>
      <Placemark>
        <name>Lo Del Francés Café Bistrot</name>
        <description><![CDATA[-Tipo de comercio: Restaurante / Cafetería / Bodegón<br><br>-Modalidad: Salón / Take away<br><br>-Tipo de producto: Elaboración propia<br><br>-Materia prima: Certificada sin TACC y no certificada<br><br>-Nivel de cuidados: Cocina mixta con cuidados en contaminación cruzada<br><br>Comentario del lugar: Informar al personal acerca de la condición celíaca para contemplar una atención especialmente cuidada.<br><br>-Horarios de atención:<br>Lunes - Cerrado<br>Martes - 10 a 0 horas<br>Miércoles - 10 a 0 horas<br>Jueves - 10 a 0 horas<br>Viernes - 10 a 0 horas<br>Sábado - 10 a 0 horas<br>Domingo - 10 a 0 horas<br><br>Nombre: ]]></description>
        <styleUrl>#icon-1577-FFEA00-labelson</styleUrl>
        <ExtendedData>
          <Data name="Nombre">
            <value/>
          </Data>
        </ExtendedData>
        <Point>
          <coordinates>
            -58.372663,-34.6220932,0
          </coordinates>
        </Point>
      </Placemark>
      <Placemark>
        <name><![CDATA[Ma m'ere TETE' Sans Gluten.]]></name>
        <description><![CDATA[-Tipo de comercio: Cafetería / Pastelería<br><br>-Modalidad: Salón / Take away <br><br>-Tipo de producto: Elaboración propia<br><br>-Materia prima: Certificada sin TACC<br><br>-Nivel de cuidados: Cocina 100% libre de gluten<br><br>-Horarios de atención:<br>Lunes - Cerrado<br>Martes - 14 a 19 horas<br>Miércoles - 14 a 19 horas<br>Jueves - 10 a 19 horas<br>Viernes - 10 a 19 horas<br>Sábado - 10 a 19 horas<br>Domingo - 10 a 19 horas<br><br>Nombre: ]]></description>
        <styleUrl>#icon-1577-FFEA00-labelson</styleUrl>
        <ExtendedData>
          <Data name="Nombre">
            <value/>
          </Data>
        </ExtendedData>
        <Point>
          <coordinates>
            -58.5171712,-34.5980833,0
          </coordinates>
        </Point>
      </Placemark>
      <Placemark>
        <name>MAUER - Bar</name>
        <description><![CDATA[-Tipo de comercio: Bar / Restaurante<br><br>-Modalidad: Salón <br><br>-Tipo de producto: Elaboración propia<br><br>-Materia prima: Certificada sin TACC<br><br>-Nivel de cuidados: Cocina mixta con cuidados en contaminación cruzada<br><br>Comentario del lugar: Avisar a la hora de hacer el pedido para que tengan los cuidados correspondientes<br><br>-Horarios de atención:<br>Lunes - 18 a 0.30 horas<br>Martes - 18 a 1 horas<br>Miércoles - 18 a 1 horas<br>Jueves - 18 a 2 horas<br>Viernes - 18 a 3.30 horas<br>Sábado - 19 a 4 horas<br>Domingo - 18 a 0.30 horas<br><br>Nombre: ]]></description>
        <styleUrl>#icon-1577-FFEA00-labelson</styleUrl>
        <ExtendedData>
          <Data name="Nombre">
            <value/>
          </Data>
        </ExtendedData>
        <Point>
          <coordinates>
            -58.4639856,-34.5471376,0
          </coordinates>
        </Point>
      </Placemark>
      <Placemark>
        <name>Merlin Cafe de Especialidad</name>
        <description><![CDATA[-Tipo de comercio: Cafetería<br><br>-Modalidad: Salón / Take away / Delivery<br><br>-Tipo de producto: Productos marca Blanca Ceccotti<br><br>-Nivel de cuidados: Cocina mixta con cuidados en contaminación cruzada<br><br><br>-Horarios de atención:<br>Lunes - 8 a 19 horas<br>Martes - 8 a 19 horas<br>Miércoles - Cerrado<br>Jueves - 8 a 19 horas<br>Viernes - 8 a 19 horas<br>Sábado - 8 a 19 horas<br>Domingo - 8 a 19 horas<br><br>Nombre: ]]></description>
        <styleUrl>#icon-1577-FFEA00-labelson</styleUrl>
        <ExtendedData>
          <Data name="Nombre">
            <value/>
          </Data>
        </ExtendedData>
        <Point>
          <coordinates>
            -58.4703887,-34.5775689,0
          </coordinates>
        </Point>
      </Placemark>
      <Placemark>
        <name>Möoi</name>
        <description><![CDATA[-Tipo de comercio: Restaurante<br><br>-Modalidad: Salón<br><br>-Tipo de producto: Elaboración propia <br><br>-Materia prima: Certificada sin TACC<br><br>-Nivel de cuidados: Cocina mixta con cuidados en contaminación cruzada<br><br>-Horarios de atención:<br>Lunes - 8 a 0 horas<br>Martes - 8 a 0 horas<br>Miércoles - 8 a 0 horas<br>Jueves - 8 a 0 horas<br>Viernes - 8 a 0 horas<br>Sábado - 8 a 0 horas<br>Domingo - 8 a 0 horas<br><br>Nombre: ]]></description>
        <styleUrl>#icon-1577-FFEA00-labelson</styleUrl>
        <ExtendedData>
          <Data name="Nombre">
            <value/>
          </Data>
        </ExtendedData>
        <Point>
          <coordinates>
            -58.4536076,-34.5620139,0
          </coordinates>
        </Point>
      </Placemark>
      <Placemark>
        <name>Möoi</name>
        <description><![CDATA[-Tipo de comercio: Restaurante<br><br>-Modalidad: Salón<br><br>-Tipo de producto: Elaboración propia<br><br> -Materia prima: Certificada sin TACC<br><br>-Nivel de cuidados: Cocina mixta con cuidados en contaminación cruzada<br><br>-Horarios de atención:<br>Lunes - 8 a 0 horas<br>Martes - 8 a 0 horas<br>Miércoles - 8 a 0 horas<br>Jueves - 8 a 0 horas<br>Viernes - 8 a 0 horas<br>Sábado - 8 a 1 horas<br>Domingo - 8 a 0 horas<br><br>Nombre: ]]></description>
        <styleUrl>#icon-1577-FFEA00-labelson</styleUrl>
        <ExtendedData>
          <Data name="Nombre">
            <value/>
          </Data>
        </ExtendedData>
        <Point>
          <coordinates>
            -58.4213833,-34.5701537,0
          </coordinates>
        </Point>
      </Placemark>
      <Placemark>
        <name>Möoi</name>
        <description><![CDATA[-Tipo de comercio: Restaurante<br><br>-Modalidad: Salón<br><br>-Tipo de producto: Elaboración propia<br><br>-Materia prima: Certificada sin TACC<br><br>-Nivel de cuidados: Cocina mixta con cuidados en contaminación cruzada<br><br>-Horarios de atención:<br>Lunes - 8 a 23 horas<br>Martes - 8 a 23 horas<br>Miércoles - 8 a 23 horas<br>Jueves - 8 a 23 horas<br>Viernes - 8 a 0 horas<br>Sábado - 8 a 0 horas<br>Domingo - 8 a 23 horas<br><br>Nombre: ]]></description>
        <styleUrl>#icon-1577-FFEA00-labelson</styleUrl>
        <ExtendedData>
          <Data name="Nombre">
            <value/>
          </Data>
        </ExtendedData>
        <Point>
          <coordinates>
            -58.3982719,-34.5895678,0
          </coordinates>
        </Point>
      </Placemark>
      <Placemark>
        <name>Möoi Recoleta</name>
        <description><![CDATA[-Tipo de comercio: Restaurante<br><br>-Modalidad: Salón<br><br>-Tipo de producto: Elaboración propia<br><br> -Materia prima: Certificada sin TACC<br><br>-Nivel de cuidados: Cocina mixta con cuidados en contaminación cruzada<br><br>Nombre: ]]></description>
        <styleUrl>#icon-1577-FFEA00-labelson</styleUrl>
        <ExtendedData>
          <Data name="Nombre">
            <value/>
          </Data>
        </ExtendedData>
        <Point>
          <coordinates>
            -58.3895852,-34.591767,0
          </coordinates>
        </Point>
      </Placemark>
      <Placemark>
        <name>Moshu</name>
        <description><![CDATA[-Tipo de comercio: Cafetería<br><br>-Modalidad: Salón / Take away<br><br>-Tipo de producto: Productos marca Sintaxis<br><br>-Materia prima: Certificada sin TACC <br><br>-Nivel de cuidados: Cocina mixta con cuidados en contaminación cruzada<br><br>-Horarios de atención:<br>Lunes - 8 a 21 horas<br>Martes - 8 a 21 horas <br>Miércoles - 8 a 21 horas<br>Jueves - 8 a 21 horas<br>Viernes - 8 a 21 horas<br>Sábado - 8 a 21 horas<br>Domingo - 8 a 21 horas<br><br>Nombre: ]]></description>
        <styleUrl>#icon-1577-FFEA00-labelson</styleUrl>
        <ExtendedData>
          <Data name="Nombre">
            <value/>
          </Data>
        </ExtendedData>
        <Point>
          <coordinates>
            -58.472279,-34.5488845,0
          </coordinates>
        </Point>
      </Placemark>
      <Placemark>
        <name>Moshu Treehouse</name>
        <description><![CDATA[-Tipo de comercio: Cafetería<br><br>-Modalidad: Salón / Take away<br><br>-Tipo de producto: Productos marca Sintaxis<br><br>-Materia prima: Certificada sin TACC <br><br>-Nivel de cuidados: Cocina mixta con cuidados en contaminación cruzada<br><br>-Horarios de atención:<br>Lunes - 8 a 21 horas<br>Martes - 8 a 21 horas <br>Miércoles - 8 a 21 horas<br>Jueves - 8 a 21 horas<br>Viernes - 8 a 21 horas<br>Sábado - 8 a 21 horas<br>Domingo - 8 a 21 horas<br><br>Nombre: ]]></description>
        <styleUrl>#icon-1577-FFEA00-labelson</styleUrl>
        <ExtendedData>
          <Data name="Nombre">
            <value/>
          </Data>
        </ExtendedData>
        <Point>
          <coordinates>
            -58.4233777,-34.5874626,0
          </coordinates>
        </Point>
      </Placemark>
      <Placemark>
        <name>Mostaza</name>
        <description><![CDATA[-Tipo de comercio: Hamburguesería<br><br>-Modalidad: Salón / Take away / Delivery<br><br>-Tipo de producto: Elaboración propia (pan marca Panmana)<br><br>-Materia prima: Certificada sin TACC<br><br>-Nivel de cuidados: Cocina mixta con cuidados en contaminación cruzada<br><br>-Horarios de atención:<br>Lunes - 9 a 22 horas<br>Martes - 9 a 22 horas<br>Miércoles - 9 a 22 horas<br>Jueves - 9 a 22 horas<br>Viernes - 9 a 22 horas<br>Sábado - 8 a 22 horas<br>Domingo - 11 a 22 horas<br><br>Nombre: ]]></description>
        <styleUrl>#icon-1577-FFEA00-labelson</styleUrl>
        <ExtendedData>
          <Data name="Nombre">
            <value/>
          </Data>
        </ExtendedData>
        <Point>
          <coordinates>
            -58.3985689,-34.6095317,0
          </coordinates>
        </Point>
      </Placemark>
      <Placemark>
        <name>Mostaza</name>
        <description><![CDATA[-Tipo de comercio: Hamburguesería<br><br>-Modalidad: Salón / Take away / Delivery<br><br>-Tipo de producto: Elaboración propia (pan marca Panmana)<br><br>-Materia prima: Certificada sin TACC<br><br>-Nivel de cuidados: Cocina mixta con cuidados en contaminación cruzada<br><br>-Horarios de atención:<br>Lunes - 8.30 a 22 horas<br>Martes - 8.30 a 22 horas<br>Miércoles - 8.30 a 22 horas<br>Jueves - 8.30 a 22 horas<br>Viernes - 8.30 a 22 horas<br>Sábado - 8.30 a 22 horas<br>Domingo - 9 a 22 horas<br><br>Nombre: ]]></description>
        <styleUrl>#icon-1577-FFEA00-labelson</styleUrl>
        <ExtendedData>
          <Data name="Nombre">
            <value/>
          </Data>
        </ExtendedData>
        <Point>
          <coordinates>
            -58.3942494,-34.5889014,0
          </coordinates>
        </Point>
      </Placemark>
      <Placemark>
        <name>Mostaza</name>
        <description><![CDATA[-Tipo de comercio: Hamburguesería<br><br>-Modalidad: Salón / Take away / Delivery<br><br>-Tipo de producto: Elaboración propia (pan marca Panmana)<br><br>-Materia prima: Certificada sin TACC<br><br>-Nivel de cuidados: Cocina mixta con cuidados en contaminación cruzada<br><br>-Horarios de atención:<br>Lunes - 7 a 1 horas<br>Martes - 7 a 1 horas<br>Miércoles - 7 a 1 horas<br>Jueves - 7 a 1 horas<br>Viernes - 7 a 1 horas<br>Sábado - 7 a 1 horas<br>Domingo - 7 a 1 horas<br><br>Nombre: ]]></description>
        <styleUrl>#icon-1577-FFEA00-labelson</styleUrl>
        <ExtendedData>
          <Data name="Nombre">
            <value/>
          </Data>
        </ExtendedData>
        <Point>
          <coordinates>
            -58.5169948,-34.6614329,0
          </coordinates>
        </Point>
      </Placemark>
      <Placemark>
        <name>Mostaza</name>
        <description><![CDATA[-Tipo de comercio: Hamburguesería<br><br>-Modalidad: Salón / Take away / Delivery<br><br>-Tipo de producto: Elaboración propia (pan marca Panmana)<br><br>-Materia prima: Certificada sin TACC<br><br>-Nivel de cuidados: Cocina mixta con cuidados en contaminación cruzada<br><br>-Horarios de atención:<br>Lunes - 9 a 22 horas<br>Martes - 9 a 22 horas<br>Miércoles - 9 a 22 horas<br>Jueves - 9 a 22 horas<br>Viernes - 9 a 23 horas<br>Sábado - 9 a 23 horas<br>Domingo - 9 a 22 horas<br><br>Nombre: ]]></description>
        <styleUrl>#icon-1577-FFEA00-labelson</styleUrl>
        <ExtendedData>
          <Data name="Nombre">
            <value/>
          </Data>
        </ExtendedData>
        <Point>
          <coordinates>
            -58.3663644,-34.6075888,0
          </coordinates>
        </Point>
      </Placemark>
      <Placemark>
        <name>Mostaza</name>
        <description><![CDATA[-Tipo de comercio: Hamburguesería<br><br>-Modalidad: Take away / Delivery / Patio de Comida<br><br>-Tipo de producto: Elaboración propia (pan marca Panmana)<br><br>-Materia prima: Certificada sin TACC<br><br>-Nivel de cuidados: Cocina mixta con cuidados en contaminación cruzada<br><br>-Horarios de atención:<br>Lunes - 8.30 a 21.30 horas<br>Martes - 8.30 a 21.30 horas<br>Miércoles - 8.30 a 21.30 horas<br>Jueves - 8.30 a 21.30 horas<br>Viernes - 8.30 a 21.30 horas<br>Sábado - 8.30 a 21.30 horas<br>Domingo - 8.30 a 21.30 horas<br><br>Nombre: ]]></description>
        <styleUrl>#icon-1577-FFEA00-labelson</styleUrl>
        <ExtendedData>
          <Data name="Nombre">
            <value/>
          </Data>
        </ExtendedData>
        <Point>
          <coordinates>
            -58.4742245,-34.596117,0
          </coordinates>
        </Point>
      </Placemark>
      <Placemark>
        <name>Mostaza Abasto</name>
        <description><![CDATA[-Tipo de comercio: Hamburguesería<br><br>-Modalidad: Take away / Delivery / Patio de Comida<br><br>-Tipo de producto: Elaboración propia (pan marca Panmana)<br><br>-Materia prima: Certificada sin TACC<br><br>-Nivel de cuidados: Cocina mixta con cuidados en contaminación cruzada<br><br>-Horarios de atención:<br>Lunes - 10 a 0 horas<br>Martes - 10 a 0 horas<br>Miércoles - 10 a 0 horas<br>Jueves - 10 a 0 horas<br>Viernes - 10 a 1 horas<br>Sábado - 10 a 1 horas<br>Domingo - 10 a 0 horas<br><br>Nombre: ]]></description>
        <styleUrl>#icon-1577-FFEA00-labelson</styleUrl>
        <ExtendedData>
          <Data name="Nombre">
            <value/>
          </Data>
        </ExtendedData>
        <Point>
          <coordinates>
            -58.4109777,-34.6032993,0
          </coordinates>
        </Point>
      </Placemark>
      <Placemark>
        <name>Mostaza Cabildo</name>
        <description><![CDATA[-Tipo de comercio: Hamburguesería<br><br>-Modalidad: Salón / Take away / Delivery<br><br>-Tipo de producto: Elaboración propia (pan marca Panmana)<br><br>-Materia prima: Certificada sin TACC<br><br>-Nivel de cuidados: Cocina mixta con cuidados en contaminación cruzada<br><br>-Horarios de atención:<br>Lunes - 7 a 0 horas<br>Martes - 7 a 0 horas<br>Miércoles - 7 a 0 horas<br>Jueves - 7 a 0.30 horas<br>Viernes - 7 a 1 horas<br>Sábado - 7 a 2 horas<br>Domingo - 9 a 3 horas<br><br>Nombre: ]]></description>
        <styleUrl>#icon-1577-FFEA00-labelson</styleUrl>
        <ExtendedData>
          <Data name="Nombre">
            <value/>
          </Data>
        </ExtendedData>
        <Point>
          <coordinates>
            -58.45752,-34.5617217,0
          </coordinates>
        </Point>
      </Placemark>
      <Placemark>
        <name>Mostaza Diagonal</name>
        <description><![CDATA[-Tipo de comercio: Hamburguesería<br><br>-Modalidad: Salón / Take away / Delivery <br><br>-Tipo de producto: Elaboración propia (pan marca Panmana)<br><br>-Materia prima: Certificada sin TACC<br><br>-Nivel de cuidados: Cocina mixta con cuidados en contaminación cruzada<br><br>-Horarios de atención:<br>Lunes - 6.30 a 23 horas<br>Martes - 6.30 a 23 horas<br>Miércoles - 6.30 a 23 horas<br>Jueves - 6.30 a 23 horas<br>Viernes - 6.30 a 23.30 horas<br>Sábado - 7 a 23.30 horas<br>Domingo - 9 a 23 horas<br><br>Nombre: ]]></description>
        <styleUrl>#icon-1577-FFEA00-labelson</styleUrl>
        <ExtendedData>
          <Data name="Nombre">
            <value/>
          </Data>
        </ExtendedData>
        <Point>
          <coordinates>
            -58.3747941,-34.6074834,0
          </coordinates>
        </Point>
      </Placemark>
      <Placemark>
        <name>Mostaza Express</name>
        <description><![CDATA[-Tipo de comercio: Hamburguesería<br><br>-Modalidad: Salón / Take away / Delivery <br><br>-Tipo de producto: Elaboración propia (pan marca Panmana)<br><br>-Materia prima: Certificada sin TACC<br><br>-Nivel de cuidados: Cocina mixta con cuidados en contaminación cruzada<br><br>-Horarios de atención:<br>Lunes - 7 a 3 horas<br>Martes - 7 a 3 horas<br>Miércoles - 7 a 3 horas<br>Jueves - 7 a 0 horas<br>Viernes - las 24 horas<br>Sábado - las 24 horas<br>Domingo - 7 a 3 horas<br><br>Nombre: ]]></description>
        <styleUrl>#icon-1577-FFEA00-labelson</styleUrl>
        <ExtendedData>
          <Data name="Nombre">
            <value/>
          </Data>
        </ExtendedData>
        <Point>
          <coordinates>
            -58.3804424,-34.6037433,0
          </coordinates>
        </Point>
      </Placemark>
      <Placemark>
        <name>Mostaza Flores</name>
        <description><![CDATA[-Tipo de comercio: Hamburguesería<br><br>-Modalidad: Salón / Take away / Delivery<br><br>-Tipo de producto: Elaboración propia (pan marca Panmana)<br><br>-Materia prima: Certificada sin TACC<br><br>-Nivel de cuidados: Cocina mixta con cuidados en contaminación cruzada<br><br>-Horarios de atención:<br>Lunes - 7 a 23 horas<br>Martes - 7 a 23 horas<br>Miércoles - 7 a 23 horas<br>Jueves - 7 a 23 horas<br>Viernes - 7 a 1 horas<br>Sábado - 8 a 1 horas<br>Domingo - 10 a 0 horas<br><br>Nombre: ]]></description>
        <styleUrl>#icon-1577-FFEA00-labelson</styleUrl>
        <ExtendedData>
          <Data name="Nombre">
            <value/>
          </Data>
        </ExtendedData>
        <Point>
          <coordinates>
            -58.4628508,-34.6290966,0
          </coordinates>
        </Point>
      </Placemark>
      <Placemark>
        <name>Mostaza Galerias Pacifico</name>
        <description><![CDATA[-Tipo de comercio: Hamburguesería<br><br>-Modalidad: Take away / Delivery / Patio de comidas<br><br>-Tipo de producto: Elaboración propia (pan marca Panmana)<br><br>-Materia prima: Certificada sin TACC<br><br>-Nivel de cuidados: Cocina mixta con cuidados en contaminación cruzada<br><br>-Horarios de atención:<br>Lunes - 10 a 22 horas<br>Martes - 10 a 22 horas<br>Miércoles - 10 a 22 horas<br>Jueves - 10 a 22 horas<br>Viernes - 10 a 22 horas<br>Sábado - 10 a 22 horas<br>Domingo - 10 a 22 horas<br><br>Nombre: ]]></description>
        <styleUrl>#icon-1577-FFEA00-labelson</styleUrl>
        <ExtendedData>
          <Data name="Nombre">
            <value/>
          </Data>
        </ExtendedData>
        <Point>
          <coordinates>
            -58.3742992,-34.6000388,0
          </coordinates>
        </Point>
      </Placemark>
      <Placemark>
        <name>Mostaza Puerto Madero 3</name>
        <description><![CDATA[-Tipo de comercio: Hamburguesería<br><br>-Modalidad: Salón / Take away / Delivery <br><br>-Tipo de producto: Elaboración propia (pan marca Panmana)<br><br>-Materia prima: Certificada sin TACC<br><br>-Nivel de cuidados: Cocina mixta con cuidados en contaminación cruzada<br><br>-Horarios de atención:<br>Lunes - 7.30 a 0 horas<br>Martes - 7.30 a 0 horas<br>Miércoles - 7.30 a 0 horas<br>Jueves - 7.30 a 0 horas<br>Viernes - 7.30 a 1 horas<br>Sábado - 7.30 a 1 horas<br>Domingo - 7.30 a 0 horas<br><br>Nombre: ]]></description>
        <styleUrl>#icon-1577-FFEA00-labelson</styleUrl>
        <ExtendedData>
          <Data name="Nombre">
            <value/>
          </Data>
        </ExtendedData>
        <Point>
          <coordinates>
            -58.3628871,-34.6174112,0
          </coordinates>
        </Point>
      </Placemark>
      <Placemark>
        <name>Mostaza Spinetto</name>
        <description><![CDATA[-Tipo de comercio: Hamburguesería<br><br>-Modalidad: Take away / Delivery / Patio de comidas<br><br>-Tipo de producto: Elaboración propia (pan marca Panmana)<br><br>-Materia prima: Certificada sin TACC<br><br>-Nivel de cuidados: Cocina mixta con cuidados en contaminación cruzada<br><br>-Horarios de atención:<br>Lunes - 9 a 21 horas<br>Martes - 9 a 21 horas<br>Miércoles - 9 a 21 horas<br>Jueves - 9 a 21 horas<br>Viernes - 9 a 21 horas<br>Sábado - 9 a 21 horas<br>Domingo - 9 a 21 horas<br><br>Nombre: ]]></description>
        <styleUrl>#icon-1577-FFEA00-labelson</styleUrl>
        <ExtendedData>
          <Data name="Nombre">
            <value/>
          </Data>
        </ExtendedData>
        <Point>
          <coordinates>
            -58.4002137,-34.6122906,0
          </coordinates>
        </Point>
      </Placemark>
      <Placemark>
        <name>Museo Evita</name>
        <description><![CDATA[-Tipo de comercio: Restaurante<br><br>-Modalidad: Salón / Delivery<br><br>-Tipo de producto: Productos marca Sintaxis<br><br>-Nivel de cuidados: Cocina mixta con cuidados en contaminación cruzada<br><br>-Horarios de atención:<br>Consultar por reservas en la web.<br><br>Nombre: ]]></description>
        <styleUrl>#icon-1577-FFEA00-labelson</styleUrl>
        <ExtendedData>
          <Data name="Nombre">
            <value/>
          </Data>
        </ExtendedData>
        <Point>
          <coordinates>
            -58.4146971,-34.5806452,0
          </coordinates>
        </Point>
      </Placemark>
      <Placemark>
        <name>Nica </name>
        <description><![CDATA[-Tipo de comercio: Restaurante / Cafetería<br><br>-Modalidad: Salón / Take away  <br><br>-Tipo de producto: Productos marca Hache<br><br>-Nivel de cuidados: Cocina 100% libre de gluten / Cocina mixta con cuidados en contaminación cruzada<br><br><br>-Horarios de atención:<br>Lunes - 9 a 19 horas<br>Martes - 9 a 19 horas<br>Miércoles - 9 a 19 horas<br>Jueves - 9 a 19 horas<br>Viernes - 9 a 19 horas<br>Sábado - 9 a 19 horas<br>Domingo - 9 a 19 horas<br><br>Nombre: ]]></description>
        <styleUrl>#icon-1577-FFEA00-labelson</styleUrl>
        <ExtendedData>
          <Data name="Nombre">
            <value/>
          </Data>
        </ExtendedData>
        <Point>
          <coordinates>
            -58.3734376,-34.6119303,0
          </coordinates>
        </Point>
      </Placemark>
      <Placemark>
        <name>Nica</name>
        <description><![CDATA[-Tipo de comercio: Restaurante / Cafetería<br><br>-Modalidad: Salón / Take away  <br><br>-Tipo de producto: Productos marca Hache<br><br>-Nivel de cuidados: Cocina 100% libre de gluten / Cocina mixta con cuidados en contaminación cruzada<br><br>-Horarios de atención:<br>Lunes - 9 a 19 horas<br>Martes - 9 a 19 horas<br>Miércoles - 9 a 19 horas<br>Jueves - 9 a 19 horas<br>Viernes - 9 a 19 horas<br>Sábado - 9 a 19 horas<br>Domingo - 9 a 19 horas<br><br>Nombre: ]]></description>
        <styleUrl>#icon-1577-FFEA00-labelson</styleUrl>
        <ExtendedData>
          <Data name="Nombre">
            <value/>
          </Data>
        </ExtendedData>
        <Point>
          <coordinates>
            -58.3730892,-34.6189573,0
          </coordinates>
        </Point>
      </Placemark>
      <Placemark>
        <name>Nica - Buenos Aires Museo</name>
        <description><![CDATA[-Tipo de comercio: Restaurante / Cafetería<br><br>-Modalidad: Salón / Take away  <br><br>-Tipo de producto: Productos marca Hache<br><br>-Nivel de cuidados: Cocina 100% libre de gluten / Cocina mixta con cuidados en contaminación cruzada<br><br>-Horarios de atención:<br>Lunes - 9 a 19 horas<br>Martes - 9 a 19 horas<br>Miércoles - 9 a 19 horas<br>Jueves - 9 a 19 horas<br>Viernes - 9 a 19 horas<br>Sábado - 9 a 19 horas<br>Domingo - 9 a 19 horas<br><br>Nombre: ]]></description>
        <styleUrl>#icon-1577-FFEA00-labelson</styleUrl>
        <ExtendedData>
          <Data name="Nombre">
            <value/>
          </Data>
        </ExtendedData>
        <Point>
          <coordinates>
            -58.3721161,-34.6100994,0
          </coordinates>
        </Point>
      </Placemark>
      <Placemark>
        <name>Nika Club Omakase</name>
        <description><![CDATA[-Tipo de comercio: Restaurante<br><br>-Modalidad: Salón / Barra<br><br>-Tipo de producto: Elaboración propia <br><br>-Materia prima: Certificada sin TACC / Productos sin gluten de origen pero no certificados (Arroz Diamante, hongos y algas)<br><br>-Nivel de cuidados: Cocina 100% libre de gluten<br><br>-Horarios de atención:<br>Lunes - 12 a 16 y 19 a 23 horas<br>Martes - 12 a 16 y 19 a 23 horas<br>Miércoles - 12 a 16 y 19 a 23 horas<br>Jueves - 12 a 23 horas<br>Viernes - 9 a 16 y 19 a 23 horas<br>Sábado - 19 a 23 horas<br>Domingo - Cerrado<br><br>Nombre: ]]></description>
        <styleUrl>#icon-1577-FFEA00-labelson</styleUrl>
        <ExtendedData>
          <Data name="Nombre">
            <value/>
          </Data>
        </ExtendedData>
        <Point>
          <coordinates>
            -58.4372437,-34.5789478,0
          </coordinates>
        </Point>
      </Placemark>
      <Placemark>
        <name>Nila gluten free</name>
        <description><![CDATA[-Tipo de comercio: Despacho<br><br>-Modalidad: Take away <br><br>-Tipo de producto: Elaboración propia <br><br>-Materia prima: Certificada sin TACC<br><br>-Nivel de cuidados: Cocina 100% libre de gluten<br><br>Comentario del lugar: "Delivery a través de Cabify o Pedidos Ya (no incluído)".<br><br>-Horarios de atención:<br>Lunes - Cerrado<br>Martes - 10 a 13 y 16 a 18 horas<br>Miércoles - 10 a 13 y 16 a 18 horas<br>Jueves - 10 a 13 y 16 a 18 horas<br>Viernes - 10 a 13 y 16 a 18 horas<br>Sábado - Cerrado<br>Domingo - Cerrado<br><br>Nombre: ]]></description>
        <styleUrl>#icon-1578-E65100-labelson</styleUrl>
        <ExtendedData>
          <Data name="Nombre">
            <value/>
          </Data>
        </ExtendedData>
        <Point>
          <coordinates>
            -58.4397941,-34.5930891,0
          </coordinates>
        </Point>
      </Placemark>
      <Placemark>
        <name>NÓMADE BAR</name>
        <description><![CDATA[-Tipo de comercio: Restaurante / Hamburguesería / Bar<br><br>-Modalidad: Salón / Take away / Delivery<br><br>-Tipo de producto: Productos marca Sintaxis<br><br>-Nivel de cuidados: Cocina mixta con cuidados en contaminación cruzada<br><br>-Horarios de atención:<br>Lunes - 17 a 1 horas<br>Martes - 17 a 1 horas<br>Miércoles - 17 a 1 horas<br>Jueves - 17 a 2 horas<br>Viernes - 17 a 3 horas<br>Sábado - 18 a 3 horas<br>Domingo - Cerrado<br><br>Nombre: ]]></description>
        <styleUrl>#icon-1577-FFEA00-labelson</styleUrl>
        <ExtendedData>
          <Data name="Nombre">
            <value/>
          </Data>
        </ExtendedData>
        <Point>
          <coordinates>
            -58.3970819,-34.5947729,0
          </coordinates>
        </Point>
      </Placemark>
      <Placemark>
        <name>Ocaña Bar</name>
        <description><![CDATA[-Tipo de comercio: Restaurante<br><br>-Modalidad: Salón / Take away<br><br>-Tipo de producto: Productos marca Celivianda<br><br>-Nivel de cuidados: Cocina mixta con cuidados en contaminación cruzada<br><br>-Horarios de atención:<br>Lunes - 9 a 1 horas<br>Martes - 9 a 1 horas<br>Miércoles - 9 a 2.30 horas<br>Jueves - 9 a 3 horas<br>Viernes - 9 a 5 horas<br>Sábado - 9 a 5 horas<br>Domingo - 9 a 1 horas<br><br>Nombre: ]]></description>
        <styleUrl>#icon-1577-FFEA00-labelson</styleUrl>
        <ExtendedData>
          <Data name="Nombre">
            <value/>
          </Data>
        </ExtendedData>
        <Point>
          <coordinates>
            -58.4962203,-34.6009407,0
          </coordinates>
        </Point>
      </Placemark>
      <Placemark>
        <name>Ocaña Bar Caballito</name>
        <description><![CDATA[-Tipo de comercio: Restaurante <br><br>-Modalidad: Salón / Take away <br><br>-Tipo de producto: Productos marca Celivianda <br><br>-Nivel de cuidados: Cocina mixta con cuidados en contaminación cruzada<br><br>Comentario del lugar: "Para evitar la contaminación cruzada contamos con un horno eléctrico únicamente para los productos sin TACC". <br><br>-Horarios de atención:<br>Lunes - 9 a 1 horas<br>Martes - 9 a 1 horas<br>Miércoles - 9 a 2 horas<br>Jueves - 9 a 2 horas<br>Viernes - 9 a 5 horas<br>Sábado - 9 a 5 horas<br>Domingo - 9 a 1 horas<br><br>Nombre: ]]></description>
        <styleUrl>#icon-1577-FFEA00-labelson</styleUrl>
        <ExtendedData>
          <Data name="Nombre">
            <value/>
          </Data>
        </ExtendedData>
        <Point>
          <coordinates>
            -58.4279401,-34.6250589,0
          </coordinates>
        </Point>
      </Placemark>
      <Placemark>
        <name><![CDATA[OL'DAYS - Coffee & Kitchen Madero]]></name>
        <description><![CDATA[-Tipo de comercio: Cafetería<br><br>-Modalidad: Salón / Take away / Delivery<br><br>-Tipo de producto: Elaboración propia <br><br>-Materia prima: Certificada sin TACC<br><br>-Nivel de cuidados: Cocina mixta con cuidados en contaminación cruzada<br><br>-Horarios de atención:<br>Lunes - 8 a 21.30 horas<br>Martes - 8 a 21.30 horas<br>Miércoles - 8 a 21.30 horas<br>Jueves - 8 a 21.30 horas<br>Viernes - 8 a 21.30 horas<br>Sábado - 8 a 21.30 horas<br>Domingo - 8 a 21.30 horas<br>Feriados - 8 a 21.30 horas<br><br>Nombre: ]]></description>
        <styleUrl>#icon-1577-FFEA00-labelson</styleUrl>
        <ExtendedData>
          <Data name="Nombre">
            <value/>
          </Data>
        </ExtendedData>
        <Point>
          <coordinates>
            -58.3632584,-34.6112006,0
          </coordinates>
        </Point>
      </Placemark>
      <Placemark>
        <name><![CDATA[Olivia Empanadas & Pizzas
]]></name>
        <description><![CDATA[-Tipo de comercio: Venta de empanadas y pizzas<br><br>-Tipo de producto: No son de elaboración propia <br><br>-Nivel de cuidados: Se venden cerrados al vacío y congelados. El cliente los hornea en su casa.<br><br>-Modalidad: Envío por app / Take away / Tienda online<br><br>-Horarios de atención:<br>Lunes - 11.30 a 15.15 y 19.30 a 23.15 horas<br>Martes - 11.30 a 15.15 y 19.30 a 23.15 horas<br>Miércoles - 11.30 a 15.15 y 19.30 a 23.15 horas<br>Jueves - 11.30 a 15.15 y 19.30 a 23.15 horas<br>Viernes - 11.30 a 15.15 y 19.30 a 23.15 horas<br>Sábado - 11.30 a 15.15 y 19.30 a 23.15 horas<br>Domingo - 19.30 a 23.15 horas<br>Feriados - 19.30 a 23.15 horas<br><br>Instagram: @oliviarecoleta<br><br>Nombre: ]]></description>
        <styleUrl>#icon-1578-E65100-labelson</styleUrl>
        <ExtendedData>
          <Data name="Nombre">
            <value/>
          </Data>
        </ExtendedData>
        <Point>
          <coordinates>
            -58.4039161,-34.5952533,0
          </coordinates>
        </Point>
      </Placemark>
      <Placemark>
        <name>Otero Café</name>
        <description><![CDATA[Tipo de comercio: Cafetería<br><br>-Modalidad: Salón<br><br>-Tipo de producto: Elaboración propia<br><br>-Nivel de cuidados: Cocina mixta con cuidados en contaminación cruzada<br> <br>-Horarios de atención:<br>Lunes - 7.30 a 20.30 horas<br>Martes - 7.30 a 20.30 horas<br>Miércoles - 7.30 a 20.30 horas<br>Jueves - 7.30 a 20.30 horas<br>Viernes - 7.30 a 20.30 horas<br>Sábado - 7.30 a 20.30 horas<br>Domingo - 7.30 a 20.30 horas<br><br>Nombre: ]]></description>
        <styleUrl>#icon-1577-FFEA00-labelson</styleUrl>
        <ExtendedData>
          <Data name="Nombre">
            <value/>
          </Data>
        </ExtendedData>
        <Point>
          <coordinates>
            -58.4387407,-34.6285757,0
          </coordinates>
        </Point>
      </Placemark>
      <Placemark>
        <name>Otero Café</name>
        <description><![CDATA[Tipo de comercio: Cafetería<br><br>-Modalidad: Salón<br><br>-Tipo de producto: Elaboración propia<br><br>-Nivel de cuidados: Cocina mixta con cuidados en contaminación cruzada<br><br>-Horarios de atención:<br>Lunes - 7.30 a 20.30 horas<br>Martes - 7.30 a 20.30 horas<br>Miércoles - 7.30 a 20.30 horas<br>Jueves - 7.30 a 20.30 horas<br>Viernes - 7.30 a 20.30 horas<br>Sábado - 7.30 a 20.30 horas<br>Domingo - 7.30 a 20.30 horas<br><br>Nombre: ]]></description>
        <styleUrl>#icon-1577-FFEA00-labelson</styleUrl>
        <ExtendedData>
          <Data name="Nombre">
            <value/>
          </Data>
        </ExtendedData>
        <Point>
          <coordinates>
            -58.434104,-34.620163,0
          </coordinates>
        </Point>
      </Placemark>
      <Placemark>
        <name><![CDATA[Pablos Restó & Pastelería]]></name>
        <description><![CDATA[-Tipo de comercio: Restaurante<br><br>-Modalidad: Salón<br><br>-Tipo de producto: Elaboración propia<br><br>-Materia prima: Certificada sin TACC<br><br>-Nivel de cuidados: Cocina mixta con cuidados en contaminación cruzada<br><br>Comentario del lugar: Las recetas sin TACC se elaboran en cocinas libres de gluten y se montan en la única cocina que posee el local con todas las precauciones de manipulación requeridas. <br><br>-Horarios de atención:<br>Lunes - 8.30 a 0 horas<br>Martes - 8.30 a 0 horas<br>Miércoles - 8.30 a 0 horas<br>Jueves - 8.30 a 0 horas<br>Viernes - 8.30 a 1 horas<br>Sábado - 8.30 a 2 horas<br>Domingo - 9 a 0 horas<br><br>Nombre: ]]></description>
        <styleUrl>#icon-1577-FFEA00-labelson</styleUrl>
        <ExtendedData>
          <Data name="Nombre">
            <value/>
          </Data>
        </ExtendedData>
        <Point>
          <coordinates>
            -58.512268,-34.600637,0
          </coordinates>
        </Point>
      </Placemark>
      <Placemark>
        <name>Pain du jour Almagro</name>
        <description><![CDATA[--Tipo de comercio: Restaurante / Cafetería / Panadería<br><br>-Modalidad: Salón / Take away<br><br>-Tipo de producto: Elaboración propia<br><br>-Materia prima: Certificada sin TACC<br><br>-Nivel de cuidados: Cocina 100% libre de gluten<br><br>-Horarios de atención:<br>Lunes - 8 a 20 horas<br>Martes - 8 a 20 horas<br>Miércoles - 8 a 20 horas<br>Jueves - 8 a 20 horas<br>Viernes - 8 a 20 horas<br>Sábados - 8 a 20 horas<br>Domingos - 8 a 20 horas<br><br>Nombre: ]]></description>
        <styleUrl>#icon-1577-FFEA00-labelson</styleUrl>
        <ExtendedData>
          <Data name="Nombre">
            <value/>
          </Data>
        </ExtendedData>
        <Point>
          <coordinates>
            -58.4287538,-34.6025492,0
          </coordinates>
        </Point>
      </Placemark>
      <Placemark>
        <name>Pain du jour Belgrano</name>
        <description><![CDATA[-Tipo de comercio: Restaurante / Cafetería / Panadería<br><br>-Modalidad: Salón / Take away<br><br>-Tipo de producto: Elaboración propia<br><br>-Materia prima: Certificada sin TACC<br><br>-Nivel de cuidados: Cocina 100% libre de gluten<br><br>-Horarios de atención:<br>Lunes - 7.30 A 20.30 horas<br>Martes - 7.30 A 20.30 horas<br>Miércoles - 7.30 A 20.30 horas<br>Jueves - 7.30 A 20.30 horas<br>Viernes - 7.30 A 20.30 horas<br>Sábados - 7.30 A 20.30 horas<br>Domingos - 7.30 A 20.30 horas<br><br>Nombre: ]]></description>
        <styleUrl>#icon-1577-FFEA00-labelson</styleUrl>
        <ExtendedData>
          <Data name="Nombre">
            <value/>
          </Data>
        </ExtendedData>
        <Point>
          <coordinates>
            -58.4523026,-34.5607259,0
          </coordinates>
        </Point>
      </Placemark>
      <Placemark>
        <name>Pain du jour Congreso</name>
        <description><![CDATA[-Tipo de comercio: Restaurante / Cafetería / Panadería<br><br>-Modalidad: Take away<br><br>-Tipo de producto: Elaboración propia<br><br>-Materia prima: Certificada sin TACC<br><br>-Nivel de cuidados: Cocina 100% libre de gluten<br><br>-Horarios de atención:<br>Lunes - 7.30 A 20.30 horas<br>Martes - 7.30 A 20.30 horas<br>Miércoles - 7.30 A 20.30 horas<br>Jueves - 7.30 A 20.30 horas<br>Viernes - 7.30 A 20.30 horas<br>Sábados - 7.30 A 20.30 horas<br>Domingos - 7.30 A 20.30 horas<br><br>Nombre: ]]></description>
        <styleUrl>#icon-1578-E65100-labelson</styleUrl>
        <ExtendedData>
          <Data name="Nombre">
            <value/>
          </Data>
        </ExtendedData>
        <Point>
          <coordinates>
            -58.3906543,-34.6091408,0
          </coordinates>
        </Point>
      </Placemark>
      <Placemark>
        <name>Pain Du Jour Microcentro</name>
        <description><![CDATA[-Tipo de comercio: Restaurante / Cafetería / Panadería<br><br>-Modalidad: Salón / Take away<br><br>-Tipo de producto: Elaboración propia<br><br>-Materia prima: Certificada sin TACC<br><br>-Nivel de cuidados: Cocina 100% libre de gluten<br><br>-Horarios de atención:<br>Lunes - 7.30 A 20.30 horas<br>Martes - 7.30 A 20.30 horas<br>Miércoles - 7.30 A 20.30 horas<br>Jueves - 7.30 A 20.30 horas<br>Viernes - 7.30 A 20.30 horas<br>Sábados - 7.30 A 20.30 horas<br>Domingos - 7.30 A 20.30 horas<br><br>Nombre: ]]></description>
        <styleUrl>#icon-1577-FFEA00-labelson</styleUrl>
        <ExtendedData>
          <Data name="Nombre">
            <value/>
          </Data>
        </ExtendedData>
        <Point>
          <coordinates>
            -58.375759,-34.5988499,0
          </coordinates>
        </Point>
      </Placemark>
      <Placemark>
        <name>Pain du jour Monserrat</name>
        <description><![CDATA[-Tipo de comercio: Restaurante / Cafetería / Panadería<br><br>-Modalidad: Salón / Take away<br><br>-Tipo de producto: Elaboración propia<br><br>-Materia prima: Certificada sin TACC<br><br>-Nivel de cuidados: Cocina 100% libre de gluten<br><br>-Horarios de atención:<br>Lunes - 7.30 A 20.30 horas<br>Martes - 7.30 A 20.30 horas<br>Miércoles - 7.30 A 20.30 horas<br>Jueves - 7.30 A 20.30 horas<br>Viernes - 7.30 A 20.30 horas<br>Sábados - 7.30 A 20.30 horas<br>Domingos - 7.30 A 20.30 horas<br><br>Nombre: ]]></description>
        <styleUrl>#icon-1577-FFEA00-labelson</styleUrl>
        <ExtendedData>
          <Data name="Nombre">
            <value/>
          </Data>
        </ExtendedData>
        <Point>
          <coordinates>
            -58.3845263,-34.6131418,0
          </coordinates>
        </Point>
      </Placemark>
      <Placemark>
        <name>Pain du jour Palermo</name>
        <description><![CDATA[-Tipo de comercio: Restaurante / Cafetería / Panadería<br><br>-Modalidad: Salón / Take away<br><br>-Tipo de producto: Elaboración propia<br><br>-Materia prima: Certificada sin TACC<br><br>-Nivel de cuidados: Cocina 100% libre de gluten<br><br>-Horarios de atención:<br>Lunes - 7.30 A 20.30 horas<br>Martes - 7.30 A 20.30 horas<br>Miércoles - 7.30 A 20.30 horas<br>Jueves - 7.30 A 20.30 horas<br>Viernes - 7.30 A 20.30 horas<br>Sábados - 7.30 A 20.30 horas<br>Domingos - 7.30 A 20.30 horas<br><br>Nombre: ]]></description>
        <styleUrl>#icon-1577-FFEA00-labelson</styleUrl>
        <ExtendedData>
          <Data name="Nombre">
            <value/>
          </Data>
        </ExtendedData>
        <Point>
          <coordinates>
            -58.4135422,-34.5933453,0
          </coordinates>
        </Point>
      </Placemark>
      <Placemark>
        <name>Pain du jour Recoleta</name>
        <description><![CDATA[-Tipo de comercio: Restaurante / Cafetería / Panadería<br><br>-Modalidad: Salón / Take away<br><br>-Tipo de producto: Elaboración propia<br><br>-Materia prima: Certificada sin TACC<br><br>-Nivel de cuidados: Cocina 100% libre de gluten<br><br>-Horarios de atención:<br>Lunes - 7.30 A 20.30 horas<br>Martes - 7.30 A 20.30 horas<br>Miércoles - 7.30 A 20.30 horas<br>Jueves - 7.30 A 20.30 horas<br>Viernes - 7.30 A 20.30 horas<br>Sábados - 7.30 A 20.30 horas<br>Domingos - 7.30 A 20.30 horas<br><br>Nombre: ]]></description>
        <styleUrl>#icon-1577-FFEA00-labelson</styleUrl>
        <ExtendedData>
          <Data name="Nombre">
            <value/>
          </Data>
        </ExtendedData>
        <Point>
          <coordinates>
            -58.3877549,-34.5916528,0
          </coordinates>
        </Point>
      </Placemark>
      <Placemark>
        <name>Pain du jour Saavedra</name>
        <description><![CDATA[-Tipo de comercio: Restaurante / Cafetería / Panadería<br><br>-Modalidad: Salón / Take away<br><br>-Tipo de producto: Elaboración propia<br><br>-Materia prima: Certificada sin TACC<br><br>-Nivel de cuidados: Cocina 100% libre de gluten<br><br>-Horarios de atención:<br>Lunes - 7.30 A 20.30 horas<br>Martes - 7.30 A 20.30 horas<br>Miércoles - 7.30 A 20.30 horas<br>Jueves - 7.30 A 20.30 horas<br>Viernes - 7.30 A 20.30 horas<br>Sábados - 7.30 A 20.30 horas<br>Domingos - 7.30 A 20.30 horas<br><br>Nombre: ]]></description>
        <styleUrl>#icon-1577-FFEA00-labelson</styleUrl>
        <ExtendedData>
          <Data name="Nombre">
            <value/>
          </Data>
        </ExtendedData>
        <Point>
          <coordinates>
            -58.4805532,-34.5522949,0
          </coordinates>
        </Point>
      </Placemark>
      <Placemark>
        <name><![CDATA[Parecchio Pizza & Ristorantino]]></name>
        <description><![CDATA[-Tipo de comercio: Restaurante<br><br>-Modalidad: Salón / Take away / Delivery<br><br>-Tipo de producto: Elaboración propia <br><br>-Materia prima: Certificada sin TACC<br><br>-Nivel de cuidados: Cocina mixta con cuidados en contaminación cruzada<br><br>-Horarios de atención:<br>Lunes - 9 a 0 horas<br>Martes - 9 a 0 horas<br>Miércoles - 9 a 0 horas<br>Jueves - 9 a 0 horas<br>Viernes - 9 a 0 horas<br>Sábado - 9 a 1 horas<br>Domingo - 9 a 0 horas<br><br>Nombre: ]]></description>
        <styleUrl>#icon-1577-FFEA00-labelson</styleUrl>
        <ExtendedData>
          <Data name="Nombre">
            <value/>
          </Data>
        </ExtendedData>
        <Point>
          <coordinates>
            -58.428806,-34.616226,0
          </coordinates>
        </Point>
      </Placemark>
      <Placemark>
        <name>Pauline Boulangerie 1964 Devoto</name>
        <description><![CDATA[-Tipo de comercio: Cafetería / Panadería<br><br>-Modalidad: Salón / Take away / Delivery <br><br>-Tipo de producto: Productos marca Sintaxis<br><br>-Nivel de cuidados: Cocina mixta con cuidados en contaminación cruzada<br><br>-Horarios de atención:<br>Lunes - 7.30 a 21 horas<br>Martes - 7.30 a 21 horas<br>Miércoles - 7.30 a 21 horas<br>Jueves - 7.30 a 21 horas<br>Viernes - 7.30 a 21 horas<br>Sábado - 7.30 a 21 horas<br>Domingo - 7.30 a 21 horas<br><br>Nombre: ]]></description>
        <styleUrl>#icon-1577-FFEA00-labelson</styleUrl>
        <ExtendedData>
          <Data name="Nombre">
            <value/>
          </Data>
        </ExtendedData>
        <Point>
          <coordinates>
            -58.5137243,-34.6015636,0
          </coordinates>
        </Point>
      </Placemark>
      <Placemark>
        <name>Pérez-H</name>
        <description><![CDATA[-Tipo de comercio: Hamburguesería<br><br>-Modalidad: Salón / Take away / Delivery<br><br>-Tipo de producto: Elaboración propia (pan sin TACC de proveedor externo)<br><br>-Nivel de cuidados: Cocina mixta con cuidados para evitar la contaminación cruzada (consultar por las papas fritas).<br><br>-Horarios de atención:<br>Lunes - 11 a 0 horas<br>Martes - 11 a 0 horas<br>Miércoles - 11 a 0 horas<br>Jueves - 11 a 0 horas<br>Viernes - 11 a 5 horas<br>Sábado - 11 a 5 horas<br>Domingo y feriado - 11 a 1 horas<br><br>Nombre: ]]></description>
        <styleUrl>#icon-1577-FFEA00-labelson</styleUrl>
        <ExtendedData>
          <Data name="Nombre">
            <value/>
          </Data>
        </ExtendedData>
        <Point>
          <coordinates>
            -58.4355136,-34.5846504,0
          </coordinates>
        </Point>
      </Placemark>
      <Placemark>
        <name>Perez-H</name>
        <description><![CDATA[-Tipo de comercio: Hamburguesería<br><br>-Modalidad: Salón / Take away / Delivery<br><br>-Tipo de producto: Elaboración propia (pan sin TACC de proveedor externo)<br><br>-Nivel de cuidados: Cocina mixta con cuidados para evitar la contaminación cruzada (consultar por las papas fritas).<br><br>-Horarios de atención:<br>Lunes - 11 a 0 horas<br>Martes - 11 a 0 horas<br>Miércoles - 11 a 0 horas<br>Jueves - 11 a 0 horas<br>Viernes - 11 a 1 horas<br>Sábado - 11 a 1 horas<br>Domingo y feriado - 11 a 0 horas<br><br>Nombre: ]]></description>
        <styleUrl>#icon-1577-FFEA00-labelson</styleUrl>
        <ExtendedData>
          <Data name="Nombre">
            <value/>
          </Data>
        </ExtendedData>
        <Point>
          <coordinates>
            -58.371973,-34.612879,0
          </coordinates>
        </Point>
      </Placemark>
      <Placemark>
        <name>Perez-H Colegiales</name>
        <description><![CDATA[-Tipo de comercio: Hamburguesería<br><br>-Modalidad: Salón / Take away / Delivery<br><br>-Tipo de producto: Elaboración propia (pan sin TACC de proveedor externo)<br><br>-Nivel de cuidados: Cocina mixta con cuidados para evitar la contaminación cruzada (consultar por las papas fritas).<br><br>-Horarios de atención:<br>Lunes - 11 a 0 horas<br>Martes - 11 a 0 horas<br>Miércoles - 11 a 0 horas<br>Jueves - 11 a 0 horas<br>Viernes - 11 a 2 horas<br>Sábado - 11 a 2 horas<br>Domingo y feriado - 11 a 0 horas<br><br>Nombre: ]]></description>
        <styleUrl>#icon-1577-FFEA00-labelson</styleUrl>
        <ExtendedData>
          <Data name="Nombre">
            <value/>
          </Data>
        </ExtendedData>
        <Point>
          <coordinates>
            -58.4601498,-34.5751277,0
          </coordinates>
        </Point>
      </Placemark>
      <Placemark>
        <name>Pérez-H Microcentro</name>
        <description><![CDATA[-Tipo de comercio: Hamburguesería<br><br>-Modalidad: Salón / Take away / Delivery<br><br>-Tipo de producto: Elaboración propia (pan sin TACC de proveedor externo)<br><br>-Nivel de cuidados: Cocina mixta con cuidados para evitar la contaminación cruzada (consultar por las papas fritas).<br><br>-Horarios de atención:<br>Lunes - 11 a 0 horas<br>Martes - 11 a 0 horas<br>Miércoles - 11 a 0 horas<br>Jueves - 11 a 0 horas<br>Viernes - 11 a 1 horas<br>Sábado - 11 a 1 horas<br>Domingo y feriado - 11 a 0 horas<br><br>Nombre: ]]></description>
        <styleUrl>#icon-1577-FFEA00-labelson</styleUrl>
        <ExtendedData>
          <Data name="Nombre">
            <value/>
          </Data>
        </ExtendedData>
        <Point>
          <coordinates>
            -58.3768039,-34.6009691,0
          </coordinates>
        </Point>
      </Placemark>
      <Placemark>
        <name>Piacere Sin Tacc Villa del Parque</name>
        <description><![CDATA[-Tipo de comercio: Despacho<br><br>-Modalidad: Take away <br><br>-Tipo de producto: Elaboración propia <br><br>-Materia prima: Certificada sin TACC <br> <br>-Nivel de cuidados: Cocina 100% libre de gluten <br><br>-Horarios de atención:<br>Lunes - 9.30 a 20.30 horas<br>Martes - 9.30 a 20.30 horas<br>Miércoles - 9.30 a 20.30 horas<br>Jueves - 9.30 a 20.30 horas<br>Viernes - 9.30 a 20.30 horas<br>Sábado - 9.30 a 20.30 horas<br>Domingo - 9.30 a 13.30 y de 16.30 a 20.30 horas<br><br>Nombre: ]]></description>
        <styleUrl>#icon-1578-E65100-labelson</styleUrl>
        <ExtendedData>
          <Data name="Nombre">
            <value/>
          </Data>
        </ExtendedData>
        <Point>
          <coordinates>
            -58.4913927,-34.6058462,0
          </coordinates>
        </Point>
      </Placemark>
      <Placemark>
        <name>Pirlo Horno Club</name>
        <description><![CDATA[-Tipo de comercio: Pizzeria<br><br>-Modalidad: Salón / Take away / Delivery <br><br>-Tipo de producto: Productos marca Albertina<br><br>-Nivel de cuidados: Cocina mixta con cuidados en contaminación cruzada<br><br>-Horarios de atención:<br>Lunes - Cerrado<br>Martes - 17 a 0 horas<br>Miércoles - 17 a 0 horas<br>Jueves - 17 a 0 horas<br>Viernes - 17 a 0 horas<br>Sábado - 17 a 0 horas<br>Domingo - 19 a 23.30 horas<br><br>Nombre: ]]></description>
        <styleUrl>#icon-1577-FFEA00-labelson</styleUrl>
        <ExtendedData>
          <Data name="Nombre">
            <value/>
          </Data>
        </ExtendedData>
        <Point>
          <coordinates>
            -58.5019633,-34.6452555,0
          </coordinates>
        </Point>
      </Placemark>
      <Placemark>
        <name>Pizza Vegana Belgrano / Núñez</name>
        <description><![CDATA[-Tipo de comercio: Pizzeria<br><br>-Modalidad: Take away / Delivery <br><br>-Tipo de producto: Elaboración propia <br><br>-Materia prima: Certificada sin TACC<br><br>-Nivel de cuidados: Cocina 100% libre de gluten<br><br>Comentario del lugar: "En nuestras cocinas no hay traza cruzada porque no se consume ni ingresa gluten y nuestros equipamientos son nuevos al momento de la inauguración de cada sucursal. Tomamos todas las precauciones del caso pero no podemos evitar que clientes ingresen a nuestro local y eso provoque contaminación aérea, por eso, elegirnos, está a criterio de ustedes". <br><br>-Horarios de atención:<br>Lunes - 19.30 a 23.30 horas<br>Martes - 19.30 a 23.30 horas<br>Miércoles - 19.30 a 23.30 horas<br>Jueves - 19.30 a 23.30 horas<br>Viernes - 19.30 a 23.30 horas<br>Sábado - 19.30 a 23.30 horas<br>Domingo - 19.30 a 23.30 horas<br><br>Nombre: ]]></description>
        <styleUrl>#icon-1577-FFEA00-labelson</styleUrl>
        <ExtendedData>
          <Data name="Nombre">
            <value/>
          </Data>
        </ExtendedData>
        <Point>
          <coordinates>
            -58.4679976,-34.5555358,0
          </coordinates>
        </Point>
      </Placemark>
      <Placemark>
        <name>Pizza Vegana San Telmo</name>
        <description><![CDATA[-Tipo de comercio: Pizzeria<br><br>-Modalidad: Take away / Delivery <br><br>-Tipo de producto: Elaboración propia <br><br>-Materia prima: Certificada sin TACC<br><br>-Nivel de cuidados: Cocina 100% libre de gluten<br><br>Comentario del lugar: "En nuestras cocinas no hay traza cruzada porque no se consume ni ingresa gluten y nuestros equipamientos son nuevos al momento de la inauguración de cada sucursal. Tomamos todas las precauciones del caso pero no podemos evitar que clientes ingresen a nuestro local y eso provoque contaminación aérea, por eso, elegirnos, está a criterio de ustedes".<br><br>-Horarios de atención:<br>Lunes - 19 a 23 horas<br>Martes - 19 a 23 horas<br>Miércoles - 19 a 23 horas<br>Jueves - 19 a 23 horas<br>Viernes - 19 a 23 horas<br>Sábado - 19 a 23 horas<br>Domingo - 19 a 23 horas<br><br>Nombre: ]]></description>
        <styleUrl>#icon-1577-FFEA00-labelson</styleUrl>
        <ExtendedData>
          <Data name="Nombre">
            <value/>
          </Data>
        </ExtendedData>
        <Point>
          <coordinates>
            -58.3786651,-34.6163793,0
          </coordinates>
        </Point>
      </Placemark>
      <Placemark>
        <name>Pizza Vegana Villa Devoto</name>
        <description><![CDATA[-Tipo de comercio: Pizzeria<br><br>-Modalidad: Take away / Delivery <br><br>-Tipo de producto: Elaboración propia <br><br>-Materia prima: Certificada sin TACC<br><br>-Nivel de cuidados: Cocina 100% libre de gluten<br><br>Comentario del lugar: "En nuestras cocinas no hay traza cruzada porque no se consume ni ingresa gluten y nuestros equipamientos son nuevos al momento de la inauguración de cada sucursal. Tomamos todas las precauciones del caso pero no podemos evitar que clientes ingresen a nuestro local y eso provoque contaminación aérea, por eso, elegirnos, está a criterio de ustedes".<br><br>-Horarios de atención:<br>Lunes - Cerrado<br>Martes - 19 a 23 horas<br>Miércoles - 19 a 23 horas<br>Jueves - 19 a 23 horas<br>Viernes - 19 a 23 horas<br>Sábado - 19 a 23 horas<br>Domingo - 19 a 23 horas<br><br>Nombre: ]]></description>
        <styleUrl>#icon-1577-FFEA00-labelson</styleUrl>
        <ExtendedData>
          <Data name="Nombre">
            <value/>
          </Data>
        </ExtendedData>
        <Point>
          <coordinates>
            -58.5069805,-34.592912,0
          </coordinates>
        </Point>
      </Placemark>
      <Placemark>
        <name>Pizzeria La Tentacion</name>
        <description><![CDATA[-Tipo de comercio: Restaurante<br><br>-Modalidad: Take away / Delivery<br><br>-Tipo de producto: Elaboración propia<br><br>-Nivel de cuidados: Cocina 100% libre de gluten<br><br>-Horarios de atención:<br>Lunes - 18 a 0 horas<br>Martes - 18 a 0 horas<br>Miércoles - 18 a 0 horas<br>Jueves - 18 a 0 horas<br>Viernes - 18 a 0 horas<br>Sábado - 18 a 0 horas<br>Domingo - 18 a 0 horas<br><br>Nombre: ]]></description>
        <styleUrl>#icon-1577-FFEA00-labelson</styleUrl>
        <ExtendedData>
          <Data name="Nombre">
            <value/>
          </Data>
        </ExtendedData>
        <Point>
          <coordinates>
            -58.3713485,-34.5990716,0
          </coordinates>
        </Point>
      </Placemark>
      <Placemark>
        <name>Puerto Cristal</name>
        <description><![CDATA[-Tipo de comercio: Restaurante<br><br>-Modalidad: Salón<br><br>-Tipo de producto: Elaboración propia <br><br>-Materia prima: Certificada sin TACC<br><br>-Nivel de cuidados: Cocina mixta con cuidados en contaminación cruzada<br><br>-Horarios de atención:<br>Lunes - 12 a 2 horas<br>Martes - 12 a 2 horas<br>Miércoles - 12 a 2 horas<br>Jueves - 12 a 2 horas<br>Viernes - 12 a 3 horas<br>Sábado - 12 a 3 horas<br>Domingo - 12 a 2 horas<br><br>Nombre: ]]></description>
        <styleUrl>#icon-1577-FFEA00-labelson</styleUrl>
        <ExtendedData>
          <Data name="Nombre">
            <value/>
          </Data>
        </ExtendedData>
        <Point>
          <coordinates>
            -58.3662052,-34.6102154,0
          </coordinates>
        </Point>
      </Placemark>
      <Placemark>
        <name>Puerto Dulce Cuba</name>
        <description><![CDATA[-Tipo de comercio: Despacho<br><br>-Modalidad: Take away<br><br>-Tipo de producto: Elaboración propia<br><br>-Materia prima: Certificada sin TACC<br><br>-Nivel de cuidados: Cocina 100% libre de gluten<br><br>-Horarios de atención:<br>Lunes - Cerrado<br>Martes - 9 a 19 horas<br>Miércoles - 9 a 19 horas<br>Jueves - 9 a 19 horas<br>Viernes - 9 a 19 horas<br>Sábado - 9 a 19 horas<br>Domingo - 10 a 14 horas<br><br>Nombre: ]]></description>
        <styleUrl>#icon-1577-FFEA00-labelson</styleUrl>
        <ExtendedData>
          <Data name="Nombre">
            <value/>
          </Data>
        </ExtendedData>
        <Point>
          <coordinates>
            -58.457911,-34.5574594,0
          </coordinates>
        </Point>
      </Placemark>
      <Placemark>
        <name>Puerto Dulce Matienzo</name>
        <description><![CDATA[-Tipo de comercio: Despacho<br><br>-Modalidad: Take away<br><br>-Tipo de producto: Elaboración propia<br><br>-Materia prima: Certificada sin TACC<br><br>-Nivel de cuidados: Cocina 100% libre de gluten<br><br>-Horarios de atención:<br>Lunes - Cerrado<br>Martes - 9.30 a 18 horas<br>Miércoles - 9.30 a 18 horas<br>Jueves - 9.30 a 18 horas<br>Viernes - 9.30 a 18 horas<br>Sábado - 9.30 a 18 horas<br>Domingo - 10 a 13 horas<br><br>Nombre: ]]></description>
        <styleUrl>#icon-1577-FFEA00-labelson</styleUrl>
        <ExtendedData>
          <Data name="Nombre">
            <value/>
          </Data>
        </ExtendedData>
        <Point>
          <coordinates>
            -58.4326831,-34.5668298,0
          </coordinates>
        </Point>
      </Placemark>
      <Placemark>
        <name>Raslok</name>
        <description><![CDATA[-Tipo de comercio: Cafetería<br><br>-Modalidad: Salón<br><br>-Tipo de producto: Elaboración propia<br><br>-Materia prima: Certificada sin TACC / Productos sin gluten de origen pero no certificados <br><br>-Nivel de cuidados: Cocina 100% libre de gluten<br><br>-Horarios de atención:<br>Lunes - 9 a 21 horas<br>Martes - 9 a 21 horas<br>Miércoles - 9 a 21 horas<br>Jueves - 9 a 0 horas<br>Viernes - 9 a 0 horas<br>Sábado - 9 a 21 horas<br>Domingo - Cerrado<br>Feriados - 11 a 18 horas<br><br>Nombre: ]]></description>
        <styleUrl>#icon-1577-FFEA00-labelson</styleUrl>
        <ExtendedData>
          <Data name="Nombre">
            <value/>
          </Data>
        </ExtendedData>
        <Point>
          <coordinates>
            -58.4343479,-34.6282295,0
          </coordinates>
        </Point>
      </Placemark>
      <Placemark>
        <name><![CDATA[Rica & Celi Gluten Free]]></name>
        <description><![CDATA[-Tipo de comercio: Despacho<br><br>-Modalidad: Take away / Delivery<br><br>-Tipo de producto: Elaboración propia<br><br>-Materia prima: Certificada sin TACC<br><br>-Nivel de cuidados: Cocina 100% libre de gluten <br><br>-Horarios de atención:<br>Lunes - 17 a 23 horas<br>Martes - 17 a 23 horas<br>Miércoles - 17 a  23 horas<br>Jueves - 17 a 23 horas<br>Viernes - 17 a 23 horas<br>Sábado - 17 a 23 horas<br>Domingo - Cerrado<br><br>Nombre: ]]></description>
        <styleUrl>#icon-1578-E65100-labelson</styleUrl>
        <ExtendedData>
          <Data name="Nombre">
            <value/>
          </Data>
        </ExtendedData>
        <Point>
          <coordinates>
            -58.4047086,-34.5964897,0
          </coordinates>
        </Point>
      </Placemark>
      <Placemark>
        <name>Rochino</name>
        <description><![CDATA[-Tipo de comercio: Fábrica de pastas<br><br>-Modalidad: Take away / Delivery<br><br>-Tipo de producto: Elaboración propia<br><br>-Materia prima: Certificada sin TACC<br><br>-Nivel de cuidados: Cocina 100% libre de gluten<br><br>-Horarios de atención:<br>Lunes - 10 a 21 horas<br>Martes - 10 a 21 horas<br>Miércoles - 10 a 21 horas<br>Jueves - 10 a 21 horas<br>Viernes - 10 a 21 horas<br>Sábado - 10 a 21 horas<br>Domingo - 10 a 21 horas<br><br>Nombre: ]]></description>
        <styleUrl>#icon-1578-E65100-labelson</styleUrl>
        <ExtendedData>
          <Data name="Nombre">
            <value/>
          </Data>
        </ExtendedData>
        <Point>
          <coordinates>
            -58.4034702,-34.5747293,0
          </coordinates>
        </Point>
      </Placemark>
      <Placemark>
        <name>Rochino</name>
        <description><![CDATA[-Tipo de comercio: Fábrica de pastas<br><br>-Modalidad: Take away / Delivery<br><br>-Tipo de producto: Elaboración propia<br><br>-Materia prima: Certificada sin TACC<br><br>-Nivel de cuidados: Cocina 100% libre de gluten<br><br>-Horarios de atención:<br>Lunes - 10 a 21 horas<br>Martes - 10 a 21 horas<br>Miércoles - 10 a 21 horas<br>Jueves - 10 a 21 horas<br>Viernes - 10 a 21 horas<br>Sábado - 10 a 21 horas<br>Domingo - 10 a 21 horas<br><br>Nombre: ]]></description>
        <styleUrl>#icon-1578-E65100-labelson</styleUrl>
        <ExtendedData>
          <Data name="Nombre">
            <value/>
          </Data>
        </ExtendedData>
        <Point>
          <coordinates>
            -58.3877135,-34.5927106,0
          </coordinates>
        </Point>
      </Placemark>
      <Placemark>
        <name>Rochino</name>
        <description><![CDATA[-Tipo de comercio: Fábrica de pastas <br><br>-Modalidad: Take away / Delivery <br><br>-Tipo de producto: Elaboración propia<br><br>-Materia prima: Certificada sin TACC <br> <br>-Nivel de cuidados: Cocina 100% libre de gluten <br><br>-Horarios de atención:<br>Lunes - 10 a 21 horas<br>Martes - 10 a 21 horas<br>Miércoles - 10 a 21 horas<br>Jueves - 10 a 21 horas<br>Viernes - 10 a 21 horas<br>Sábado - 10 a 21 horas<br>Domingo - 10 a 21 horas<br><br>Nombre: ]]></description>
        <styleUrl>#icon-1578-E65100-labelson</styleUrl>
        <ExtendedData>
          <Data name="Nombre">
            <value/>
          </Data>
        </ExtendedData>
        <Point>
          <coordinates>
            -58.442711,-34.5625717,0
          </coordinates>
        </Point>
      </Placemark>
      <Placemark>
        <name>Rochino Belgrano</name>
        <description><![CDATA[-Tipo de comercio: Fábrica de pastas<br><br>-Modalidad: Take away / Delivery<br><br>-Tipo de producto: Elaboración propia<br><br>-Materia prima: Certificada sin TACC<br><br>-Nivel de cuidados: Cocina 100% libre de gluten<br><br>-Horarios de atención:<br>Lunes - 10 a 14 y de 16 a 20 horas<br>Martes - 10 a 14 y de 16 a 20 horas<br>Miércoles - 10 a 14 y de 16 a 20 horas<br>Jueves - 10 a 14 y de 16 a 20 horas<br>Viernes - 10 a 14 y de 16 a 20 horas<br>Sábado - 10 a 14 y de 16 a 20 horas<br>Domingo - 10 a 14 horas<br><br>Nombre: ]]></description>
        <styleUrl>#icon-1578-E65100-labelson</styleUrl>
        <ExtendedData>
          <Data name="Nombre">
            <value/>
          </Data>
        </ExtendedData>
        <Point>
          <coordinates>
            -58.4557648,-34.5559273,0
          </coordinates>
        </Point>
      </Placemark>
      <Placemark>
        <name>Rochino Pastas Caballito</name>
        <description><![CDATA[-Tipo de comercio: Fábrica de pastas<br><br>-Modalidad: Take away / Delivery<br><br>-Tipo de producto: Elaboración propia<br><br>-Materia prima: Certificada sin TACC<br><br>-Nivel de cuidados: Cocina 100% libre de gluten<br><br>-Horarios de atención:<br>Lunes - 10 a 21 horas<br>Martes - 10 a 21 horas<br>Miércoles - 10 a 21 horas<br>Jueves - 10 a 21 horas<br>Viernes - 10 a 21 horas<br>Sábado - 10 a 21 horas<br>Domingo - 10 a 21 horas<br><br>Nombre: ]]></description>
        <styleUrl>#icon-1578-E65100-labelson</styleUrl>
        <ExtendedData>
          <Data name="Nombre">
            <value/>
          </Data>
        </ExtendedData>
        <Point>
          <coordinates>
            -58.4314282,-34.6201304,0
          </coordinates>
        </Point>
      </Placemark>
      <Placemark>
        <name>Rochino Hollywood</name>
        <description><![CDATA[-Tipo de comercio: Fábrica de pastas<br><br>-Modalidad: Take away / Delivery<br><br>-Tipo de producto: Elaboración propia<br><br>-Materia prima: Certificada sin TACC<br><br>-Nivel de cuidados: Cocina 100% libre de gluten<br><br>-Horarios de atención:<br>Lunes - 10 a 21 horas<br>Martes - 10 a 21 horas<br>Miércoles - 10 a 21 horas<br>Jueves - 10 a 21 horas<br>Viernes - 10 a 21 horas<br>Sábado - 10 a 21 horas<br>Domingo - 10 a 21 horas<br><br>Nombre: ]]></description>
        <styleUrl>#icon-1578-E65100-labelson</styleUrl>
        <ExtendedData>
          <Data name="Nombre">
            <value/>
          </Data>
        </ExtendedData>
        <Point>
          <coordinates>
            -58.4349741,-34.5791873,0
          </coordinates>
        </Point>
      </Placemark>
      <Placemark>
        <name>Rochino Palermo Chico</name>
        <description><![CDATA[-Tipo de comercio: Fábrica de pastas<br><br>-Modalidad: Take away / Delivery<br><br>-Tipo de producto: Elaboración propia<br><br>-Materia prima: Certificada sin TACC<br><br>-Nivel de cuidados: Cocina 100% libre de gluten<br><br>-Horarios de atención:<br>Lunes - 10 a 21 horas<br>Martes - 10 a 21 horas<br>Miércoles - 10 a 21 horas<br>Jueves - 10 a 21 horas<br>Viernes - 10 a 21 horas<br>Sábado - 10 a 21 horas<br>Domingo - 10 a 21 horas<br><br>Nombre: ]]></description>
        <styleUrl>#icon-1578-E65100-labelson</styleUrl>
        <ExtendedData>
          <Data name="Nombre">
            <value/>
          </Data>
        </ExtendedData>
        <Point>
          <coordinates>
            -58.4082942,-34.5791558,0
          </coordinates>
        </Point>
      </Placemark>
      <Placemark>
        <name><![CDATA[Rochino Pastas & Pizzas]]></name>
        <description><![CDATA[-Tipo de comercio: Fábrica de pastas<br><br>-Modalidad: Take away / Delivery<br><br>-Tipo de producto: Elaboración propia<br><br>-Materia prima: Certificada sin TACC<br><br>-Nivel de cuidados: Cocina 100% libre de gluten<br><br>-Horarios de atención:<br>Lunes - 10 a 21 horas<br>Martes - 10 a 21 horas<br>Miércoles - 10 a 21 horas<br>Jueves - 10 a 21 horas<br>Viernes - 10 a 21 horas<br>Sábado - 10 a 21 horas<br>Domingo - 10 a 21 horas<br><br>Nombre: ]]></description>
        <styleUrl>#icon-1578-E65100-labelson</styleUrl>
        <ExtendedData>
          <Data name="Nombre">
            <value/>
          </Data>
        </ExtendedData>
        <Point>
          <coordinates>
            -58.4137791,-34.5890658,0
          </coordinates>
        </Point>
      </Placemark>
      <Placemark>
        <name>Rochino Pastas y Pizzas</name>
        <description><![CDATA[-Tipo de comercio: Fábrica de pastas<br><br>-Modalidad: Take away / Delivery<br><br>-Tipo de producto: Elaboración propia<br><br>-Materia prima: Certificada sin TACC<br><br>-Nivel de cuidados: Cocina 100% libre de gluten<br><br>-Horarios de atención:<br>Lunes - 10 a 21 horas<br>Martes - 10 a 21 horas<br>Miércoles - 10 a 21 horas<br>Jueves - 10 a 21 horas<br>Viernes - 10 a 21 horas<br>Sábado - 10 a 21 horas<br>Domingo - 10 a 21 horas<br><br>Nombre: ]]></description>
        <styleUrl>#icon-1578-E65100-labelson</styleUrl>
        <ExtendedData>
          <Data name="Nombre">
            <value/>
          </Data>
        </ExtendedData>
        <Point>
          <coordinates>
            -58.399121,-34.5870035,0
          </coordinates>
        </Point>
      </Placemark>
      <Placemark>
        <name><![CDATA[Rochino Pastas & Pizzas]]></name>
        <description><![CDATA[-Tipo de comercio: Fábrica de pastas<br><br>-Modalidad: Take away / Delivery<br><br>-Tipo de producto: Elaboración propia<br><br>-Materia prima: Certificada sin TACC<br><br>-Nivel de cuidados: Cocina 100% libre de gluten<br><br>-Horarios de atención:<br>Lunes - 10 a 21 horas<br>Martes - 10 a 21 horas<br>Miércoles - 10 a 21 horas<br>Jueves - 10 a 21 horas<br>Viernes - 10 a 21 horas<br>Sábado - 10 a 21 horas<br>Domingo - 10 a 21 horas<br><br>Nombre: ]]></description>
        <styleUrl>#icon-1578-E65100-labelson</styleUrl>
        <ExtendedData>
          <Data name="Nombre">
            <value/>
          </Data>
        </ExtendedData>
        <Point>
          <coordinates>
            -58.396843,-34.5921595,0
          </coordinates>
        </Point>
      </Placemark>
      <Placemark>
        <name><![CDATA[Rochino Pastas & Pizzas]]></name>
        <description><![CDATA[-Tipo de comercio: Fábrica de pastas <br><br>-Modalidad: Take away / Delivery <br><br>-Tipo de producto: Elaboración propia<br><br>-Materia prima: Certificada sin TACC <br> <br>-Nivel de cuidados: Cocina 100% libre de gluten <br><br>-Horarios de atención:<br>Lunes - 10 a 21 horas<br>Martes - 10 a 21 horas<br>Miércoles - 10 a 21 horas<br>Jueves - 10 a 21 horas<br>Viernes - 10 a 21 horas<br>Sábado - 10 a 21 horas<br>Domingo - 10 a 21 horas<br><br>Nombre: ]]></description>
        <styleUrl>#icon-1578-E65100-labelson</styleUrl>
        <ExtendedData>
          <Data name="Nombre">
            <value/>
          </Data>
        </ExtendedData>
        <Point>
          <coordinates>
            -58.4643072,-34.5616175,0
          </coordinates>
        </Point>
      </Placemark>
      <Placemark>
        <name><![CDATA[Rochino Pastas & Pizzas (CERRADO)]]></name>
        <description><![CDATA[-Tipo de comercio: Fábrica de pastas<br><br>-Modalidad: Take away / Delivery<br><br>-Tipo de producto: Elaboración propia<br><br>-Materia prima: Certificada sin TACC<br><br>-Nivel de cuidados: Cocina 100% libre de gluten<br><br>-Horarios de atención:<br>Lunes - 10 a 21 horas<br>Martes - 10 a 21 horas<br>Miércoles - 10 a 21 horas<br>Jueves - 10 a 21 horas<br>Viernes - 10 a 21 horas<br>Sábado - 10 a 21 horas<br>Domingo - 10 a 21 horas<br><br>Nombre: ]]></description>
        <styleUrl>#icon-1578-E65100-labelson</styleUrl>
        <ExtendedData>
          <Data name="Nombre">
            <value/>
          </Data>
        </ExtendedData>
        <Point>
          <coordinates>
            -58.4317376,-34.6257835,0
          </coordinates>
        </Point>
      </Placemark>
      <Placemark>
        <name><![CDATA[Rochino Pastas & Pizzas]]></name>
        <description><![CDATA[-Tipo de comercio: Fábrica de pastas<br><br>-Modalidad: Take away / Delivery<br><br>-Tipo de producto: Elaboración propia<br><br>-Materia prima: Certificada sin TACC<br><br>-Nivel de cuidados: Cocina 100% libre de gluten<br><br>-Horarios de atención:<br>Lunes - 10 a 21 horas<br>Martes - 10 a 21 horas<br>Miércoles - 10 a 21 horas<br>Jueves - 10 a 21 horas<br>Viernes - 10 a 21 horas<br>Sábado - 10 a 21 horas<br>Domingo - 10 a 21 horas<br><br>Nombre: ]]></description>
        <styleUrl>#icon-1578-E65100-labelson</styleUrl>
        <ExtendedData>
          <Data name="Nombre">
            <value/>
          </Data>
        </ExtendedData>
        <Point>
          <coordinates>
            -58.4195226,-34.5737152,0
          </coordinates>
        </Point>
      </Placemark>
      <Placemark>
        <name>Rochino Villa Urquiza</name>
        <description><![CDATA[-Tipo de comercio: Fábrica de pastas<br><br>-Modalidad: Take away / Delivery<br><br>-Tipo de producto: Elaboración propia<br><br>-Materia prima: Certificada sin TACC<br><br>-Nivel de cuidados: Cocina 100% libre de gluten<br><br>-Horarios de atención:<br>Lunes - 10 a 20.30 horas<br>Martes - 10 a 20.30 horas<br>Miércoles - 10 a 20.30 horas<br>Jueves - 10 a 20.30 horas<br>Viernes - 10 a 20.30 horas<br>Sábado - 10 a 21 horas<br>Domingo - 10 a 20.30 horas<br><br>Nombre: ]]></description>
        <styleUrl>#icon-1578-E65100-labelson</styleUrl>
        <ExtendedData>
          <Data name="Nombre">
            <value/>
          </Data>
        </ExtendedData>
        <Point>
          <coordinates>
            -58.4841193,-34.5767327,0
          </coordinates>
        </Point>
      </Placemark>
      <Placemark>
        <name>Ronconcon | Cocina Latina</name>
        <description><![CDATA[-Tipo de comercio: Restaurante<br><br>-Modalidad: Salón / Delivery<br><br>-Tipo de producto: Elaboración propia<br><br>-Materia prima: Certificada sin TACC<br><br>-Nivel de cuidados: Cocina mixta con cuidados en contaminación cruzada<br><br>-Horarios de atención:<br>Lunes - 19 a 0 horas<br>Martes - 19 a 0 horas<br>Miércoles - 19 a 0 horas<br>Jueves - 19 a 0 horas<br>Viernes - 19 a 0 horas<br>Sábado - 19 a 0 horas<br>Domingo - 19 a 0 horas<br><br>Nombre: ]]></description>
        <styleUrl>#icon-1577-FFEA00-labelson</styleUrl>
        <ExtendedData>
          <Data name="Nombre">
            <value/>
          </Data>
        </ExtendedData>
        <Point>
          <coordinates>
            -58.4335264,-34.6233399,0
          </coordinates>
        </Point>
      </Placemark>
      <Placemark>
        <name>Ronconcon Mercado Soho</name>
        <description><![CDATA[-Tipo de comercio: Restaurante<br><br>-Modalidad: Mercado gastronómico<br><br>-Tipo de producto: Elaboración propia<br><br>-Materia prima: Certificada sin TACC<br><br>-Nivel de cuidados: Cocina mixta con cuidados en contaminación cruzada<br><br>-Horarios de atención:<br>Lunes - Cerrado<br>Martes - desde las 12.30 horas<br>Miércoles - desde las 12.30 horas<br>Jueves - desde las 12.30 horas<br>Viernes - desde las 12.30 horas<br>Sábado - desde las 12.30 horas<br>Domingo - desde las 12.30 horas<br><br>Nombre: ]]></description>
        <styleUrl>#icon-1577-FFEA00-labelson</styleUrl>
        <ExtendedData>
          <Data name="Nombre">
            <value/>
          </Data>
        </ExtendedData>
        <Point>
          <coordinates>
            -58.4267951,-34.5888671,0
          </coordinates>
        </Point>
      </Placemark>
      <Placemark>
        <name>Rosé Restaurant Bar</name>
        <description><![CDATA[-Tipo de comercio: Restaurante <br><br>-Modalidad: Salón<br><br>-Tipo de producto: Elaboración propia<br><br>-Materia prima: Certificada sin TACC<br><br>-Nivel de cuidados:  Cocina mixta con cuidados en contaminación cruzada <br><br>-Horarios de atención:<br>Lunes - 19 a 1 horas<br>Martes - 19 a 1 horas<br>Miércoles - 19 a 1 horas<br>Jueves - 19 a 1 horas<br>Viernes - 19 a 1 horas<br>Sábado - 19 a 1 horas<br>Domingo - Cerrado<br><br>Nombre: ]]></description>
        <styleUrl>#icon-1577-FFEA00-labelson</styleUrl>
        <ExtendedData>
          <Data name="Nombre">
            <value/>
          </Data>
        </ExtendedData>
        <Point>
          <coordinates>
            -58.4362676,-34.6209332,0
          </coordinates>
        </Point>
      </Placemark>
      <Placemark>
        <name><![CDATA[Sansa café & Brunch]]></name>
        <description><![CDATA[-Tipo de comercio: Cafetería<br><br>-Modalidad: Salón / Delivery<br><br>-Tipo de producto: Productos de proveedor externo<br><br>-Materia prima: Certificada sin TACC<br><br>-Nivel de cuidados: Cocina mixta con cuidados en contaminación cruzada<br><br>-Horarios de atención:<br>Lunes - 8 a 20 horas<br>Martes - 8 a 20 horas<br>Miércoles - 8 a 20 horas<br>Jueves - 8 a 20 horas<br>Viernes - 8 a 20 horas<br>Sábado - 8.30 a 20.30 horas<br>Domingo - 8.30 a 20 horas<br>Feriados - 8.30 a 20 horas<br><br>Nombre: ]]></description>
        <styleUrl>#icon-1577-FFEA00-labelson</styleUrl>
        <ExtendedData>
          <Data name="Nombre">
            <value/>
          </Data>
        </ExtendedData>
        <Point>
          <coordinates>
            -58.4948579,-34.6047991,0
          </coordinates>
        </Point>
      </Placemark>
      <Placemark>
        <name>Santoro Café</name>
        <description><![CDATA[-Tipo de comercio: Cafetería<br><br>-Modalidad: Salón<br><br>-Tipo de producto: Productos de proveedor externo<br><br>-Nivel de cuidados: Cocina mixta con cuidados en contaminación cruzada<br><br>-Horarios de atención:<br>Lunes - Cerrado<br>Martes - 8 a 20 horas<br>Miércoles - 8 a 20 horas<br>Jueves - 8 a 20 horas<br>Viernes - 8 a 20 horas<br>Sábado - 9 a 20 horas<br>Domingo - 9 a 20 horas<br><br>Nombre: ]]></description>
        <styleUrl>#icon-1577-FFEA00-labelson</styleUrl>
        <ExtendedData>
          <Data name="Nombre">
            <value/>
          </Data>
        </ExtendedData>
        <Point>
          <coordinates>
            -58.4704865,-34.5734686,0
          </coordinates>
        </Point>
      </Placemark>
      <Placemark>
        <name>Selena</name>
        <description><![CDATA[-Tipo de comercio: Restaurante<br><br>-Modalidad: Salón <br><br>-Tipo de producto: Elaboración propia <br><br>-Materia prima: Certificada sin TACC<br><br>-Nivel de cuidados: Cocina mixta con cuidados en contaminación cruzada<br><br>-Horarios de atención:<br>Lunes - 8 a 20 horas<br>Martes - 8 a 0 horas<br>Miércoles - 8 a 0 horas<br>Jueves - 8 a 0 horas<br>Viernes - 8 a 0 horas<br>Sábado - 8 a 0 horas<br>Domingo - 8 a 20 horas<br><br>Nombre: ]]></description>
        <styleUrl>#icon-1577-FFEA00-labelson</styleUrl>
        <ExtendedData>
          <Data name="Nombre">
            <value/>
          </Data>
        </ExtendedData>
        <Point>
          <coordinates>
            -58.4194159,-34.5939791,0
          </coordinates>
        </Point>
      </Placemark>
      <Placemark>
        <name>Sijuju Café</name>
        <description><![CDATA[-Tipo de comercio: Cafetería<br><br>-Modalidad: Salón / Take away<br><br>-Tipo de producto: Elaboración propia<br><br>-Materia prima: Certificada sin TACC<br><br>-Nivel de cuidados: Cocina mixta con cuidados en contaminación cruzada<br><br>Comentario del lugar: "Los únicos productos con gluten que se venden en el local son pan y medialunas. Tanto los productos con gluten como los sin gluten se elaboran en cocinas separadas y en el local se manipulan con todos los cuidados pertinentes para evitar la contaminación cruzada".<br>  <br>-Horarios de atención:<br>Lunes - 8 a 20 horas<br>Martes - 8 a 20 horas<br>Miércoles - 8 a 20 horas<br>Jueves - 8 a 20 horas<br>Viernes - 8 a 20 horas<br>Sábado - 9 a 20 horas<br>Domingo - Cerrado<br><br>Nombre: ]]></description>
        <styleUrl>#icon-1577-FFEA00-labelson</styleUrl>
        <ExtendedData>
          <Data name="Nombre">
            <value/>
          </Data>
        </ExtendedData>
        <Point>
          <coordinates>
            -58.4290196,-34.6154523,0
          </coordinates>
        </Point>
      </Placemark>
      <Placemark>
        <name>Singlutería</name>
        <description><![CDATA[-Tipo de comercio: Cafetería / Comidas caseras<br><br>-Modalidad: Take away / Delivery propio / Envío por app / Tienda online<br><br>-Tipo de producto: Elaboración propia<br><br>-Materia prima: Certificada sin gluten<br><br>-Cocina: Cocina 100% libre de gluten<br><br>-Horarios de atención:<br>Lunes - 9 a 19 horas<br>Martes - 9 a 19 horas<br>Miércoles - 9 a 19 horas<br>Jueves - 9 a 19 horas<br>Viernes - 9 a 19 horas<br>Sábado - Cerrado<br>Domingo - Cerrado<br><br>Instagram: @singluteria.monserrat<br><br>Nombre: ]]></description>
        <styleUrl>#icon-1578-E65100-labelson</styleUrl>
        <ExtendedData>
          <Data name="Nombre">
            <value/>
          </Data>
        </ExtendedData>
        <Point>
          <coordinates>
            -58.3775065,-34.611942,0
          </coordinates>
        </Point>
      </Placemark>
      <Placemark>
        <name>Sintaxis Palermo</name>
        <description><![CDATA[-Tipo de comercio: Restaurante / Cafetería / Pastelería<br><br>-Modalidad: Salón / Take away / Envío por app / Tienda on line<br><br>-Tipo de producto: Elaboración propia<br><br>-Materia prima: Certificada sin TACC<br><br>-Nivel de cuidados: Cocina 100% libre de gluten<br><br>-Horarios de atención:<br>Lunes - Cerrado<br>Martes - 10 a 23 horas<br>Miércoles - 10 a 23 horas<br>Jueves - 10 a 23 horas<br>Viernes - 10 a 23 horas<br>Sábado - 10 a 23 horas<br>Domingo - 10 a 20 horas<br><br>Nombre: ]]></description>
        <styleUrl>#icon-1577-FFEA00-labelson</styleUrl>
        <ExtendedData>
          <Data name="Nombre">
            <value/>
          </Data>
        </ExtendedData>
        <Point>
          <coordinates>
            -58.4274666,-34.586277,0
          </coordinates>
        </Point>
      </Placemark>
      <Placemark>
        <name>Sintaxis Villa Urquiza</name>
        <description><![CDATA[-Tipo de comercio: Restaurante / Cafetería / Pastelería<br><br>-Modalidad: Salón / Take away / Envío por app / Tienda on line<br><br>-Tipo de producto: Elaboración propia<br><br>-Materia prima: Certificada sin TACC<br><br>-Nivel de cuidados: Cocina 100% libre de gluten<br><br>-Horarios de atención:<br>Lunes - Cerrado<br>Martes - 10 a 19 horas<br>Miércoles - 10 a 19 horas<br>Jueves - 10 a 19 horas<br>Viernes - 10 a 23 horas<br>Sábado - 10 a 23 horas<br>Domingo - 10 a 19 horas<br><br>Nombre: ]]></description>
        <styleUrl>#icon-1577-FFEA00-labelson</styleUrl>
        <ExtendedData>
          <Data name="Nombre">
            <value/>
          </Data>
        </ExtendedData>
        <Point>
          <coordinates>
            -58.4863307,-34.5775374,0
          </coordinates>
        </Point>
      </Placemark>
      <Placemark>
        <name>Some girls cafe</name>
        <description><![CDATA[-Tipo de comercio: Cafetería / Panadería<br><br>-Tipo de producto: Elaboración propia <br><br>-Materia prima: Certificada sin gluten<br><br>-Cocina: Cocina 100% libre de gluten (en la que se elaboran los productos, el local ofrece alimentos con gluten también)<br><br>-Modalidad: Consumo en salón / Take away<br><br>Comentario del lugar: Somos una cafetería que cuenta con un espacio, equipo y vajilla exclusivo libre de gluten. Los productos se elaboran en una cocina aparte con las medidas y los cuidado correspondientes. <br><br>-Horarios de atención:<br>Lunes - 8 a 16 horas<br>Martes - 8 a 16 horas<br>Miércoles - 8 a 16 horas<br>Jueves - 8 a 16 horas<br>Viernes - 8 a 16 horas<br>Sábado - Cerrado<br>Domingo - Cerrado<br><br>Instagram: @somegirlscafe<br><br>Nombre: ]]></description>
        <styleUrl>#icon-1577-FFEA00-labelson</styleUrl>
        <ExtendedData>
          <Data name="Nombre">
            <value/>
          </Data>
        </ExtendedData>
        <Point>
          <coordinates>
            -58.4361549,-34.5904888,0
          </coordinates>
        </Point>
      </Placemark>
      <Placemark>
        <name>SOMOS ASADO</name>
        <description><![CDATA[-Tipo de comercio: Restaurante / Parilla <br><br>-Modalidad: Salón<br><br>-Tipo de producto: Elaboración propia<br><br>-Materia prima: Algunos certificados sin gluten y otros no<br><br>-Cocina: Cocina mixta con cuidados en contaminación cruzada<br><br>-Horarios de atención:<br>Lunes - Cerrado<br>Martes - Cerrado<br>Miércoles - 20 a 23 horas<br>Jueves - 20 a 23 horas<br>Viernes - 20 a 23 horas<br>Sábado - 20 a 23 horas<br>Domingo - Cerrado<br><br>Página web y/o redes sociales: https://wokiapp.com/reservas/somos-asado<br><br>Nombre: ]]></description>
        <styleUrl>#icon-1577-FFEA00-labelson</styleUrl>
        <ExtendedData>
          <Data name="Nombre">
            <value/>
          </Data>
        </ExtendedData>
        <Point>
          <coordinates>
            -58.434889,-34.5975891,0
          </coordinates>
        </Point>
      </Placemark>
      <Placemark>
        <name>TaccOff</name>
        <description><![CDATA[-Tipo de comercio: Restaurante / Cafetería<br><br>-Modalidad: Salón / Take away / Delivery<br><br>-Tipo de producto: Elaboración propia<br><br>-Materia prima: Certificada sin TACC<br><br>-Nivel de cuidados: Cocina 100% libre de gluten<br><br>-Horarios de atención:<br>Lunes - 9 a 21 horas<br>Martes - 9 a 21 horas<br>Miércoles - 9 a 23.30 horas<br>Jueves - 9 a 23.30 horas<br>Viernes - 9 a 23.30 horas<br>Sábado - 9 a 23.30 horas<br>Domingo - 9 a 23.30 horas<br><br>Nombre: ]]></description>
        <styleUrl>#icon-1577-FFEA00-labelson</styleUrl>
        <ExtendedData>
          <Data name="Nombre">
            <value/>
          </Data>
        </ExtendedData>
        <Point>
          <coordinates>
            -58.4371113,-34.5785529,0
          </coordinates>
        </Point>
      </Placemark>
      <Placemark>
        <name>Taccout</name>
        <description><![CDATA[-Tipo de comercio: Restaurante<br><br>-Modalidad: Salón / Take away<br><br>-Tipo de producto: Elaboración propia<br><br>-Nivel de cuidados: Cocina 100% libre de gluten<br><br>-Horarios de atención:<br>Lunes - Cerrado<br>Martes - 12.45 a 23.45 horas<br>Miércoles - 12.45 a 23.45 horas<br>Jueves - 12.45 a 23.45 horas<br>Viernes - 12.45 a 23.45 horas<br>Sábado - 12.45 a 23.45 horas<br>Domingo - 12.45 a 23.45 horas<br><br>Nombre: ]]></description>
        <styleUrl>#icon-1577-FFEA00-labelson</styleUrl>
        <ExtendedData>
          <Data name="Nombre">
            <value/>
          </Data>
        </ExtendedData>
        <Point>
          <coordinates>
            -58.4308227,-34.5721384,0
          </coordinates>
        </Point>
      </Placemark>
      <Placemark>
        <name>Taco God</name>
        <description><![CDATA[-Tipo de comercio: Taquería <br><br>-Modalidad: Salón / Take away / Delivery<br><br>-Tipo de producto: Elaboración propia<br><br>-Nivel de cuidados:  Cocina mixta con cuidados en contaminación cruzada <br><br>-Horarios de atención:<br>Lunes - 9 a 0.30 horas<br>Martes - 9 a 0.30 horas<br>Miércoles - 9 a 0.30 horas<br>Jueves - 9 a 0.30 horas<br>Viernes - 9 a 1.30 horas<br>Sábado - 12 a 1.30 horas<br>Domingo - Cerrado<br><br>Nombre: ]]></description>
        <styleUrl>#icon-1577-FFEA00-labelson</styleUrl>
        <ExtendedData>
          <Data name="Nombre">
            <value/>
          </Data>
        </ExtendedData>
        <Point>
          <coordinates>
            -58.4509799,-34.5809362,0
          </coordinates>
        </Point>
      </Placemark>
      <Placemark>
        <name>TeAdoro García</name>
        <description><![CDATA[-Tipo de comercio: Restaurante / Despacho / Sandwichería / Cafetería / Panadería / Pizzeria<br><br>-Modalidad: Salón / Take away<br><br>-Tipo de producto: Elaboración propia<br><br>-Materia prima: Certificada sin TACC<br><br>-Nivel de cuidados: Cocina 100% libre de gluten<br><br>-Horarios de atención:<br>Lunes - 15.30 a 20 horas<br>Martes - 15.30 a 20 horas<br>Miércoles - 15.30 a 20 horas<br>Jueves - 15.30 a 20 horas<br>Viernes - 15.30 a 20 horas<br>Sábado - 15.30 a 20 horas<br>Domingo - Cerrado<br><br>Nombre: ]]></description>
        <styleUrl>#icon-1577-FFEA00-labelson</styleUrl>
        <ExtendedData>
          <Data name="Nombre">
            <value/>
          </Data>
        </ExtendedData>
        <Point>
          <coordinates>
            -58.4488351,-34.5744354,0
          </coordinates>
        </Point>
      </Placemark>
      <Placemark>
        <name>The burger company</name>
        <description><![CDATA[-Tipo de comercio: Hamburguesería<br><br>-Modalidad: Salón / Take away / Delivery<br><br>-Tipo de producto: Elaboración propia (pan sin TACC de proveedor externo)<br><br>-Nivel de cuidados: Cocina mixta con cuidados en contaminación cruzada<br><br>-Horarios de atención:<br>Lunes - 12 a 0 horas<br>Martes - 12 a 0 horas<br>Miércoles - 12 a 0 horas<br>Jueves -12 a 0 horas<br>Viernes -12 a 0 horas<br>Sábado -12 a 0 horas<br>Domingo -12 a 0 horas<br><br>Nombre: ]]></description>
        <styleUrl>#icon-1577-FFEA00-labelson</styleUrl>
        <ExtendedData>
          <Data name="Nombre">
            <value/>
          </Data>
        </ExtendedData>
        <Point>
          <coordinates>
            -58.4274134,-34.5905059,0
          </coordinates>
        </Point>
      </Placemark>
      <Placemark>
        <name>The Coffee Store</name>
        <description><![CDATA[-Tipo de comercio: Cafetería<br><br>-Modalidad: Salón / Take away<br><br>-Tipo de producto: Productos marca La Delfina<br><br>-Nivel de cuidados: Cocina mixta con cuidados en contaminación cruzada<br><br>-Horarios de atención:<br>Lunes - 8 a 21 horas<br>Martes - 8 a 21 horas<br>Miércoles - 8 a 21 horas<br>Jueves - 8 a 21 horas<br>Viernes - 8 a 21 horas<br>Sábado - 8 a 21 horas<br>Domingo - 8 a 21 horas<br><br>Nombre: ]]></description>
        <styleUrl>#icon-1577-FFEA00-labelson</styleUrl>
        <ExtendedData>
          <Data name="Nombre">
            <value/>
          </Data>
        </ExtendedData>
        <Point>
          <coordinates>
            -58.450594,-34.6279961,0
          </coordinates>
        </Point>
      </Placemark>
      <Placemark>
        <name>The Coffee Store</name>
        <description><![CDATA[-Tipo de comercio: Cafetería<br><br>-Modalidad: Salón / Take away<br><br>-Tipo de producto: Productos marca La Delfina<br><br>-Nivel de cuidados: Cocina mixta con cuidados en contaminación cruzada<br><br>-Horarios de atención:<br>Lunes - 7 a 21 horas<br>Martes - 7 a 21 horas<br>Miércoles - 7 a 21 horas<br>Jueves - 7 a 21 horas<br>Viernes - 7 a 21 horas<br>Sábado - 8 a 21 horas<br>Domingo - 9 a 21 horas<br><br>Nombre: ]]></description>
        <styleUrl>#icon-1577-FFEA00-labelson</styleUrl>
        <ExtendedData>
          <Data name="Nombre">
            <value/>
          </Data>
        </ExtendedData>
        <Point>
          <coordinates>
            -58.4272519,-34.6151122,0
          </coordinates>
        </Point>
      </Placemark>
      <Placemark>
        <name>The Coffee Store</name>
        <description><![CDATA[-Tipo de comercio: Cafetería<br><br>-Modalidad: Salón / Take away<br><br>-Tipo de producto: Productos marca La Delfina<br><br>-Nivel de cuidados: Cocina mixta con cuidados en contaminación cruzada<br><br>-Horarios de atención:<br>Lunes - 9.30 a 20 horas<br>Martes - 9.30 a 20 horas<br>Miércoles - 9.30 a 20 horas<br>Jueves - 9.30 a 20 horas<br>Viernes - 9.30 a 20 horas<br>Sábado - 9.30 a 20 horas<br>Domingo - Cerrado<br><br>Nombre: ]]></description>
        <styleUrl>#icon-1577-FFEA00-labelson</styleUrl>
        <ExtendedData>
          <Data name="Nombre">
            <value/>
          </Data>
        </ExtendedData>
        <Point>
          <coordinates>
            -58.4170434,-34.5845845,0
          </coordinates>
        </Point>
      </Placemark>
      <Placemark>
        <name>The Coffee store</name>
        <description><![CDATA[-Tipo de comercio: Cafetería<br><br>-Modalidad: Salón / Take away<br><br>-Tipo de producto: Productos marca La Delfina<br><br>-Nivel de cuidados: Cocina mixta con cuidados en contaminación cruzada<br><br>-Horarios de atención:<br>Lunes - 7.30 a 20.30 horas<br>Martes - 7.30 a 20.30 horas<br>Miércoles - 7.30 a 20.30 horas<br>Jueves - 7.30 a 20.30 horas<br>Viernes - 7.30 a 20.30 horas<br>Sábado - 8.30 a 20.30 horas<br>Domingo - 8.30 a 20 horas<br><br>Nombre: ]]></description>
        <styleUrl>#icon-1577-FFEA00-labelson</styleUrl>
        <ExtendedData>
          <Data name="Nombre">
            <value/>
          </Data>
        </ExtendedData>
        <Point>
          <coordinates>
            -58.4640479,-34.6042386,0
          </coordinates>
        </Point>
      </Placemark>
      <Placemark>
        <name>The Coffee Store</name>
        <description><![CDATA[-Tipo de comercio: Cafetería<br><br>-Modalidad: Salón / Take away<br><br>-Tipo de producto: Productos marca La Delfina<br><br>-Nivel de cuidados: Cocina mixta con cuidados en contaminación cruzada<br><br>-Horarios de atención:<br>Lunes - 7.30 a 20.30 horas<br>Martes - 7.30 a 20.30 horas<br>Miércoles - 7.30 a 20.30 horas<br>Jueves - 7.30 a 20.30 horas<br>Viernes - 7.30 a 20.30 horas<br>Sábado - 8 a 20.30 horas<br>Domingo - 9 a 20.30 horas<br><br>Nombre: ]]></description>
        <styleUrl>#icon-1577-FFEA00-labelson</styleUrl>
        <ExtendedData>
          <Data name="Nombre">
            <value/>
          </Data>
        </ExtendedData>
        <Point>
          <coordinates>
            -58.4125413,-34.5842282,0
          </coordinates>
        </Point>
      </Placemark>
      <Placemark>
        <name>The Coffee Store</name>
        <description><![CDATA[-Tipo de comercio: Cafetería<br><br>-Modalidad: Salón / Take away<br><br>-Tipo de producto: Productos marca La Delfina<br><br>-Nivel de cuidados: Cocina mixta con cuidados en contaminación cruzada<br><br>-Horarios de atención:<br>Lunes - 7.30 a 20 horas<br>Martes - 7.30 a 20 horas<br>Miércoles - 7.30 a 20 horas<br>Jueves - 7.30 a 20 horas<br>Viernes - 7.30 a 20 horas<br>Sábado - 8.30 a 20 horas<br>Domingo - 8.30 a 20 horas<br><br>Nombre: ]]></description>
        <styleUrl>#icon-1577-FFEA00-labelson</styleUrl>
        <ExtendedData>
          <Data name="Nombre">
            <value/>
          </Data>
        </ExtendedData>
        <Point>
          <coordinates>
            -58.4737377,-34.5625995,0
          </coordinates>
        </Point>
      </Placemark>
      <Placemark>
        <name>The Coffee Store</name>
        <description><![CDATA[-Tipo de comercio: Cafetería<br><br>-Modalidad: Salón / Take away<br><br>-Tipo de producto: Productos marca La Delfina<br><br>-Nivel de cuidados: Cocina mixta con cuidados en contaminación cruzada<br><br>-Horarios de atención:<br>Lunes - 7 a 20.30 horas<br>Martes - 7 a 20.30 horas<br>Miércoles - 7 a 20.30 horas<br>Jueves - 7 a 20.30 horas<br>Viernes - 7 a 20.30 horas<br>Sábado - 8 a 20 horas<br>Domingo - 8 a 20 horas<br><br>Nombre: ]]></description>
        <styleUrl>#icon-1577-FFEA00-labelson</styleUrl>
        <ExtendedData>
          <Data name="Nombre">
            <value/>
          </Data>
        </ExtendedData>
        <Point>
          <coordinates>
            -58.3900063,-34.5996409,0
          </coordinates>
        </Point>
      </Placemark>
      <Placemark>
        <name>The Coffee Store</name>
        <description><![CDATA[-Tipo de comercio: Cafetería<br><br>-Modalidad: Salón / Take away<br><br>-Tipo de producto: Productos marca La Delfina<br><br>-Nivel de cuidados: Cocina mixta con cuidados en contaminación cruzada<br><br>-Horarios de atención:<br>Lunes - 7 a 20 horas<br>Martes - 7 a 20 horas<br>Miércoles - 7 a 20 horas<br>Jueves - 7 a 20 horas<br>Viernes - 7 a 20 horas<br>Sábado - 8.30 a 19 horas<br>Domingo - 8.30 a 19 horas<br><br>Nombre: ]]></description>
        <styleUrl>#icon-1577-FFEA00-labelson</styleUrl>
        <ExtendedData>
          <Data name="Nombre">
            <value/>
          </Data>
        </ExtendedData>
        <Point>
          <coordinates>
            -58.3881077,-34.6018307,0
          </coordinates>
        </Point>
      </Placemark>
      <Placemark>
        <name>The Coffee Store</name>
        <description><![CDATA[-Tipo de comercio: Cafetería<br><br>-Modalidad: Salón / Take away<br><br>-Tipo de producto: Productos marca La Delfina<br><br>-Nivel de cuidados: Cocina mixta con cuidados en contaminación cruzada<br><br>-Horarios de atención:<br>Lunes - 7 a 20.30 horas<br>Martes - 7 a 20.30 horas<br>Miércoles - 7 a 20.30 horas<br>Jueves - 7 a 20.30 horas<br>Viernes - 7 a 20.30 horas<br>Sábado - 7 a 20.30 horas<br>Domingo - 7 a 20.30 horas<br><br>Nombre: ]]></description>
        <styleUrl>#icon-1577-FFEA00-labelson</styleUrl>
        <ExtendedData>
          <Data name="Nombre">
            <value/>
          </Data>
        </ExtendedData>
        <Point>
          <coordinates>
            -58.4770018,-34.6216921,0
          </coordinates>
        </Point>
      </Placemark>
      <Placemark>
        <name>The Coffee Store</name>
        <description><![CDATA[-Tipo de comercio: Cafetería<br><br>-Modalidad: Salón / Take away<br><br>-Tipo de producto: Productos marca La Delfina<br><br>-Nivel de cuidados: Cocina mixta con cuidados en contaminación cruzada<br><br>-Horarios de atención:<br>Lunes - 8 a 21 horas<br>Martes - 8 a 21 horas<br>Miércoles - 8 a 21 horas<br>Jueves - 8 a 21 horas<br>Viernes - 8 a 21 horas<br>Sábado - 8 a 21 horas<br>Domingo - 8 a 21 horas<br><br>Nombre: ]]></description>
        <styleUrl>#icon-1577-FFEA00-labelson</styleUrl>
        <ExtendedData>
          <Data name="Nombre">
            <value/>
          </Data>
        </ExtendedData>
        <Point>
          <coordinates>
            -58.4193944,-34.5882015,0
          </coordinates>
        </Point>
      </Placemark>
      <Placemark>
        <name>The Coffee Store</name>
        <description><![CDATA[-Tipo de comercio: Cafetería<br><br>-Modalidad: Salón / Take away<br><br>-Tipo de producto: Productos marca La Delfina<br><br>-Nivel de cuidados: Cocina mixta con cuidados en contaminación cruzada<br><br>-Horarios de atención:<br>Lunes - 8 a 20 horas<br>Martes - 8 a 20 horas<br>Miércoles - 8 a 20 horas<br>Jueves - 8 a 20 horas<br>Viernes - 8 a 20 horas<br>Sábado - 8 a 20 horas<br>Domingo - 15 a 20 horas<br><br>Nombre: ]]></description>
        <styleUrl>#icon-1577-FFEA00-labelson</styleUrl>
        <ExtendedData>
          <Data name="Nombre">
            <value/>
          </Data>
        </ExtendedData>
        <Point>
          <coordinates>
            -58.5026414,-34.617977,0
          </coordinates>
        </Point>
      </Placemark>
      <Placemark>
        <name>The Coffee Store</name>
        <description><![CDATA[-Tipo de comercio: Cafetería<br><br>-Modalidad: Salón / Take away<br><br>-Tipo de producto: Productos marca La Delfina<br><br>-Nivel de cuidados: Cocina mixta con cuidados en contaminación cruzada<br><br>-Horarios de atención:<br>Lunes - 7 a 20.30 horas<br>Martes - 7 a 20.30 horas<br>Miércoles - 7 a 20.30 horas<br>Jueves - 7 a 20.30 horas<br>Viernes - 7 a 20.30 horas<br>Sábado - 8.30 a 20 horas<br>Domingo - 8.30 a 20 horas<br><br>Nombre: ]]></description>
        <styleUrl>#icon-1577-FFEA00-labelson</styleUrl>
        <ExtendedData>
          <Data name="Nombre">
            <value/>
          </Data>
        </ExtendedData>
        <Point>
          <coordinates>
            -58.4529427,-34.5596621,0
          </coordinates>
        </Point>
      </Placemark>
      <Placemark>
        <name>The Coffee Store</name>
        <description><![CDATA[-Tipo de comercio: Cafetería<br><br>-Modalidad: Salón / Take away<br><br>-Tipo de producto: Productos marca La Delfina<br><br>-Nivel de cuidados: Cocina mixta con cuidados en contaminación cruzada<br><br>-Horarios de atención:<br>Lunes - 7 a 20.30 horas<br>Martes - 7 a 20.30 horas<br>Miércoles - 7 a 20.30 horas<br>Jueves - 7 a 20.30 horas<br>Viernes - 7 a 20.30 horas<br>Sábado - 8 a 19.45 horas<br>Domingo - 8 a 19.45 horas<br><br>Nombre: ]]></description>
        <styleUrl>#icon-1577-FFEA00-labelson</styleUrl>
        <ExtendedData>
          <Data name="Nombre">
            <value/>
          </Data>
        </ExtendedData>
        <Point>
          <coordinates>
            -58.4062456,-34.5811414,0
          </coordinates>
        </Point>
      </Placemark>
      <Placemark>
        <name>The Coffee Store</name>
        <description><![CDATA[-Tipo de comercio: Cafetería<br><br>-Modalidad: Salón / Take away<br><br>-Tipo de producto: Productos marca La Delfina<br><br>-Nivel de cuidados: Cocina mixta con cuidados en contaminación cruzada<br><br>-Horarios de atención:<br>Lunes - 8 a 20 horas<br>Martes - 8 a 20 horas<br>Miércoles - 8 a 20 horas<br>Jueves - 8 a 20 horas<br>Viernes - 8 a 20 horas<br>Sábado - 9.30 a 14.30 horas<br>Domingo - Cerrado<br><br>Nombre: ]]></description>
        <styleUrl>#icon-1577-FFEA00-labelson</styleUrl>
        <ExtendedData>
          <Data name="Nombre">
            <value/>
          </Data>
        </ExtendedData>
        <Point>
          <coordinates>
            -58.3857485,-34.5974216,0
          </coordinates>
        </Point>
      </Placemark>
      <Placemark>
        <name>The Coffee Store Caballito</name>
        <description><![CDATA[-Tipo de comercio: Cafetería<br><br>-Modalidad: Salón / Take away<br><br>-Tipo de producto: Productos marca La Delfina<br><br>-Nivel de cuidados: Cocina mixta con cuidados en contaminación cruzada<br><br>-Horarios de atención:<br>Lunes - 8 a 20 horas<br>Martes - 8 a 20 horas<br>Miércoles - 8 a 20 horas<br>Jueves - 8 a 20 horas<br>Viernes - 8 a 20 horas<br>Sábado - 8 a 20 horas<br>Domingo - 9 a 20 horas<br><br>Nombre: ]]></description>
        <styleUrl>#icon-1577-FFEA00-labelson</styleUrl>
        <ExtendedData>
          <Data name="Nombre">
            <value/>
          </Data>
        </ExtendedData>
        <Point>
          <coordinates>
            -58.436022,-34.61322,0
          </coordinates>
        </Point>
      </Placemark>
      <Placemark>
        <name>The Coffee Store - Corrientes y Callao</name>
        <description><![CDATA[-Tipo de comercio: Cafetería<br><br>-Modalidad: Salón / Take away<br><br>-Tipo de producto: Productos marca La Delfina<br><br>-Nivel de cuidados: Cocina mixta con cuidados en contaminación cruzada<br><br>-Horarios de atención:<br>Lunes - 7.30 a 21 horas<br>Martes - 7.30 a 21 horas<br>Miércoles - 7.30 a 21 horas<br>Jueves - 7.30 a 21 horas<br>Viernes - 7.30 a 21 horas<br>Sábado - 7.30 a 22 horas<br>Domingo - 12 a 21.30 horas<br><br>Nombre: ]]></description>
        <styleUrl>#icon-1577-FFEA00-labelson</styleUrl>
        <ExtendedData>
          <Data name="Nombre">
            <value/>
          </Data>
        </ExtendedData>
        <Point>
          <coordinates>
            -58.3928343,-34.6043189,0
          </coordinates>
        </Point>
      </Placemark>
      <Placemark>
        <name>The Coffee Store Migueletes</name>
        <description><![CDATA[-Tipo de comercio: Cafetería<br><br>-Modalidad: Salón / Take away<br><br>-Tipo de producto: Productos marca La Delfina<br><br>-Nivel de cuidados: Cocina mixta con cuidados en contaminación cruzada<br><br>-Horarios de atención:<br>Lunes - 7.30 a 20 horas<br>Martes - 7.30 a 20 horas<br>Miércoles - 7.30 a 20 horas<br>Jueves - 7.30 a 20 horas<br>Viernes - 7.30 a 20 horas<br>Sábado - 8.30 a 20 horas<br>Domingo - Cerrado<br><br>Nombre: ]]></description>
        <styleUrl>#icon-1577-FFEA00-labelson</styleUrl>
        <ExtendedData>
          <Data name="Nombre">
            <value/>
          </Data>
        </ExtendedData>
        <Point>
          <coordinates>
            -58.4388499,-34.5638598,0
          </coordinates>
        </Point>
      </Placemark>
      <Placemark>
        <name>The Coffee Store Núñez</name>
        <description><![CDATA[-Tipo de comercio: Cafetería<br><br>-Modalidad: Salón / Take away<br><br>-Tipo de producto: Productos marca La Delfina<br><br>-Nivel de cuidados: Cocina mixta con cuidados en contaminación cruzada<br><br>-Horarios de atención:<br>Lunes - 8 a 20 horas<br>Martes - 8 a 20 horas<br>Miércoles - 8 a 20 horas<br>Jueves - 8 a 20 horas<br>Viernes - 8 a 20 horas<br>Sábado - 8.30 a 20 horas<br>Domingo - 8.30 a 20 horas<br><br>Nombre: ]]></description>
        <styleUrl>#icon-1577-FFEA00-labelson</styleUrl>
        <ExtendedData>
          <Data name="Nombre">
            <value/>
          </Data>
        </ExtendedData>
        <Point>
          <coordinates>
            -58.4533986,-34.5520601,0
          </coordinates>
        </Point>
      </Placemark>
      <Placemark>
        <name>The Coffee Store Plaza Almagro</name>
        <description><![CDATA[-Tipo de comercio: Cafetería<br><br>-Modalidad: Salón / Take away<br><br>-Tipo de producto: Productos marca La Delfina<br><br>-Nivel de cuidados: Cocina mixta con cuidados en contaminación cruzada<br><br>-Horarios de atención:<br>Lunes - 7 a 20.30 horas<br>Martes - 7 a 20.30 horas<br>Miércoles - 7 a 20.30 horas<br>Jueves - 7 a 20.30 horas<br>Viernes - 7 a 20.30 horas<br>Sábado - 9 a 20.30 horas<br>Domingo - 9 a 20.30 horas<br><br>Nombre: ]]></description>
        <styleUrl>#icon-1577-FFEA00-labelson</styleUrl>
        <ExtendedData>
          <Data name="Nombre">
            <value/>
          </Data>
        </ExtendedData>
        <Point>
          <coordinates>
            -58.4199863,-34.6059022,0
          </coordinates>
        </Point>
      </Placemark>
      <Placemark>
        <name>The Coffee Store Plaza Irlanda</name>
        <description><![CDATA[-Tipo de comercio: Cafetería<br><br>-Modalidad: Salón / Take away<br><br>-Tipo de producto: Productos marca La Delfina<br><br>-Nivel de cuidados: Cocina mixta con cuidados en contaminación cruzada<br><br>-Horarios de atención:<br>Lunes - 8 a 20 horas<br>Martes - 8 a 20 horas<br>Miércoles - 8 a 20 horas<br>Jueves - 8 a 20 horas<br>Viernes - 8 a 20.30 horas<br>Sábado - 8 a 20.30 horas<br>Domingo - 9 a 20.30 horas<br><br>Nombre: ]]></description>
        <styleUrl>#icon-1577-FFEA00-labelson</styleUrl>
        <ExtendedData>
          <Data name="Nombre">
            <value/>
          </Data>
        </ExtendedData>
        <Point>
          <coordinates>
            -58.4651054,-34.6170746,0
          </coordinates>
        </Point>
      </Placemark>
      <Placemark>
        <name>The Coffee Store Recoleta</name>
        <description><![CDATA[-Tipo de comercio: Cafetería<br><br>-Modalidad: Salón / Take away<br><br>-Tipo de producto: Productos marca La Delfina<br><br>-Nivel de cuidados: Cocina mixta con cuidados en contaminación cruzada<br><br>-Horarios de atención:<br>Lunes - 7.30 a 21.30 horas<br>Martes - 7.30 a 21.30 horas<br>Miércoles - 7.30 a 21.30 horas<br>Jueves - 7.30 a 21.30 horas<br>Viernes - 7.30 a 21.30 horas<br>Sábado - 8 a 21.30 horas<br>Domingo - 10.30 a 20.30 horas<br><br>Nombre: ]]></description>
        <styleUrl>#icon-1577-FFEA00-labelson</styleUrl>
        <ExtendedData>
          <Data name="Nombre">
            <value/>
          </Data>
        </ExtendedData>
        <Point>
          <coordinates>
            -58.393374,-34.5978012,0
          </coordinates>
        </Point>
      </Placemark>
      <Placemark>
        <name>The Coffee Store Urquiza</name>
        <description><![CDATA[-Tipo de comercio: Cafetería<br><br>-Modalidad: Salón / Take away<br><br>-Tipo de producto: Productos marca La Delfina<br><br>-Nivel de cuidados: Cocina mixta con cuidados en contaminación cruzada<br><br>-Horarios de atención:<br>Lunes - 7.30 a 20.30 horas<br>Martes - 7.30 a 20.30 horas<br>Miércoles - 7.30 a 20.30 horas<br>Jueves - 7.30 a 20.30 horas<br>Viernes - 7.30 a 20.30 horas<br>Sábado - 8.30 a 20.30 horas<br>Domingo - 8.30 a 20.30 horas<br><br>Nombre: ]]></description>
        <styleUrl>#icon-1577-FFEA00-labelson</styleUrl>
        <ExtendedData>
          <Data name="Nombre">
            <value/>
          </Data>
        </ExtendedData>
        <Point>
          <coordinates>
            -58.4746758,-34.58177,0
          </coordinates>
        </Point>
      </Placemark>
      <Placemark>
        <name>Tienda de Café</name>
        <description><![CDATA[-Tipo de comercio: Cafetería<br><br>-Modalidad: Salón / Take away / Envío por app<br><br>-Tipo de producto: Productos marca Sintaxis y Ozganic<br><br>Cocina: "Se calientan en un tostador único para productos celiacos, situado mayormente en la barra de los locales, de fácil visibilidad para el cliente y sin contacto con alimentos y/o utensilios contaminados".<br><br>-Nivel de cuidados: Se calienta en horno de uso exclusivo para alimentos sin gluten / Se sirve cerrado como lo envía el proveedor / Se manipula con todos los cuidados posibles para evitar contaminación cruzada<br><br>-Horarios de atención:<br>Lunes - 7.30 a 21 horas<br>Martes - 7.30 a 21 horas<br>Miércoles - 7.30 a 21 horas<br>Jueves - 7.30 a 21 horas<br>Viernes - 7.30 a 22 horas<br>Sábado - 8 a 21 horas<br>Domingo - 8 a 21 horas<br><br>Nombre: ]]></description>
        <styleUrl>#icon-1577-FFEA00-labelson</styleUrl>
        <ExtendedData>
          <Data name="Nombre">
            <value/>
          </Data>
        </ExtendedData>
        <Point>
          <coordinates>
            -58.4136313,-34.5835195,0
          </coordinates>
        </Point>
      </Placemark>
      <Placemark>
        <name>Tienda de Café</name>
        <description><![CDATA[-Tipo de comercio: Cafetería<br><br>-Modalidad: Salón / Take away / Envío por app<br><br>-Tipo de producto: Productos marca Sintaxis y Ozganic<br><br>Cocina: "Se calientan en un tostador único para productos celiacos, situado mayormente en la barra de los locales, de fácil visibilidad para el cliente y sin contacto con alimentos y/o utensilios contaminados".<br><br>-Nivel de cuidados: Se calienta en horno de uso exclusivo para alimentos sin gluten / Se sirve cerrado como lo envía el proveedor / Se manipula con todos los cuidados posibles para evitar contaminación cruzada<br><br>-Horarios de atención:<br>Lunes - 8 a 21 horas<br>Martes - 8 a 21 horas<br>Miércoles - 8 a 21 horas<br>Jueves - 8 a 21 horas<br>Viernes - 8 a 22 horas<br>Sábado - 8 a 21 horas<br>Domingo - Cerrado<br><br>Nombre: ]]></description>
        <styleUrl>#icon-1577-FFEA00-labelson</styleUrl>
        <ExtendedData>
          <Data name="Nombre">
            <value/>
          </Data>
        </ExtendedData>
        <Point>
          <coordinates>
            -58.3998,-34.5919621,0
          </coordinates>
        </Point>
      </Placemark>
      <Placemark>
        <name>Tienda de Café</name>
        <description><![CDATA[-Tipo de comercio: Cafetería<br><br>-Modalidad: Salón / Take away / Envío por app<br><br>-Tipo de producto: Productos marca Sintaxis y Ozganic<br><br>Cocina: "Se calientan en un tostador único para productos celiacos, situado mayormente en la barra de los locales, de fácil visibilidad para el cliente y sin contacto con alimentos y/o utensilios contaminados".<br><br>-Nivel de cuidados: Se calienta en horno de uso exclusivo para alimentos sin gluten / Se sirve cerrado como lo envía el proveedor / Se manipula con todos los cuidados posibles para evitar contaminación cruzada<br><br>-Horarios de atención:<br>Lunes - 8 a 18 horas<br>Martes - 8 a 18 horas<br>Miércoles - 8 a 18 horas<br>Jueves - 8 a 18 horas<br>Viernes - 8 a 18 horas<br>Sábado - Cerrado<br>Domingo - Cerrado<br><br>Nombre: ]]></description>
        <styleUrl>#icon-1577-FFEA00-labelson</styleUrl>
        <ExtendedData>
          <Data name="Nombre">
            <value/>
          </Data>
        </ExtendedData>
        <Point>
          <coordinates>
            -58.3777006,-34.6086312,0
          </coordinates>
        </Point>
      </Placemark>
      <Placemark>
        <name>Tienda De Café</name>
        <description><![CDATA[-Tipo de comercio: Cafetería<br><br>-Modalidad: Salón<br><br>-Tipo de producto: Productos marca Sintaxis<br><br>-Nivel de cuidados: Cocina mixta con cuidados en contaminación cruzada<br><br>-Horarios de atención:<br>Lunes - 8 a 20.30 horas<br>Martes - 8 a 20.30 horas<br>Miércoles - 8 a 20.30 horas<br>Jueves - 8 a 20.30 horas<br>Viernes - 8 a 20.30 horas<br>Sábado - 8 a 20.30 horas<br>Domingo - Cerrado<br><br>Nombre: ]]></description>
        <styleUrl>#icon-1577-FFEA00-labelson</styleUrl>
        <ExtendedData>
          <Data name="Nombre">
            <value/>
          </Data>
        </ExtendedData>
        <Point>
          <coordinates>
            -58.4409719,-34.6209223,0
          </coordinates>
        </Point>
      </Placemark>
      <Placemark>
        <name>Tienda de Café</name>
        <description><![CDATA[-Tipo de comercio: Cafetería<br><br>-Modalidad: Salón<br><br>-Tipo de producto: Productos marca Sintaxis<br><br>-Nivel de cuidados: Cocina mixta con cuidados en contaminación cruzada<br><br>-Horarios de atención:<br>Lunes - 8 a 20 horas<br>Martes - 8 a 20 horas<br>Miércoles - 8 a 20 horas<br>Jueves - 8 a 20 horas<br>Viernes - 8 a 20 horas<br>Sábado - 8 a 20 horas<br>Domingo - 8 a 20 horas<br><br>Nombre: ]]></description>
        <styleUrl>#icon-1577-FFEA00-labelson</styleUrl>
        <ExtendedData>
          <Data name="Nombre">
            <value/>
          </Data>
        </ExtendedData>
        <Point>
          <coordinates>
            -58.4793342,-34.5791677,0
          </coordinates>
        </Point>
      </Placemark>
      <Placemark>
        <name>Tienda de Café</name>
        <description><![CDATA[-Tipo de comercio: Cafetería<br><br>-Modalidad: Salón / Take away / Envío por app<br><br>-Tipo de producto: Productos marca Sintaxis y Ozganic<br><br>Cocina: "Se calientan en un tostador único para productos celiacos, situado mayormente en la barra de los locales, de fácil visibilidad para el cliente y sin contacto con alimentos y/o utensilios contaminados".<br><br>-Nivel de cuidados: Se calienta en horno de uso exclusivo para alimentos sin gluten / Se sirve cerrado como lo envía el proveedor / Se manipula con todos los cuidados posibles para evitar contaminación cruzada<br><br>-Horarios de atención:<br>Lunes - 7.30 a 21 horas<br>Martes - 7.30 a 21 horas<br>Miércoles - 7.30 a 21 horas<br>Jueves - 7.30 a 21 horas<br>Viernes - 7.30 a 21 horas<br>Sábado - 8 a 21 horas<br>Domingo - 8 a 21 horas<br><br>Nombre: ]]></description>
        <styleUrl>#icon-1577-FFEA00-labelson</styleUrl>
        <ExtendedData>
          <Data name="Nombre">
            <value/>
          </Data>
        </ExtendedData>
        <Point>
          <coordinates>
            -58.4735979,-34.5441719,0
          </coordinates>
        </Point>
      </Placemark>
      <Placemark>
        <name>Tienda De Café</name>
        <description><![CDATA[-Tipo de comercio: Cafetería<br><br>-Modalidad: Salón / Take away / Envío por app<br><br>-Tipo de producto: Productos marca Sintaxis y Ozganic<br><br>Cocina: "Se calientan en un tostador único para productos celiacos, situado mayormente en la barra de los locales, de fácil visibilidad para el cliente y sin contacto con alimentos y/o utensilios contaminados".<br><br>-Nivel de cuidados: Se calienta en horno de uso exclusivo para alimentos sin gluten / Se sirve cerrado como lo envía el proveedor / Se manipula con todos los cuidados posibles para evitar contaminación cruzada<br><br>-Horarios de atención:<br>Lunes - 7 a 21 horas<br>Martes - 7 a 21 horas<br>Miércoles - 7 a 21 horas<br>Jueves - 7 a 21 horas<br>Viernes - 7 a 21 horas<br>Sábado - 7 a 21 horas<br>Domingo - Cerrado<br><br>Nombre: ]]></description>
        <styleUrl>#icon-1577-FFEA00-labelson</styleUrl>
        <ExtendedData>
          <Data name="Nombre">
            <value/>
          </Data>
        </ExtendedData>
        <Point>
          <coordinates>
            -58.4038301,-34.5982442,0
          </coordinates>
        </Point>
      </Placemark>
      <Placemark>
        <name>Tienda de Café</name>
        <description><![CDATA[-Tipo de comercio: Cafetería<br><br>-Modalidad: Salón / Take away / Envío por app<br><br>-Tipo de producto: Productos marca Sintaxis y Ozganic<br><br>Cocina: "Se calientan en un tostador único para productos celiacos, situado mayormente en la barra de los locales, de fácil visibilidad para el cliente y sin contacto con alimentos y/o utensilios contaminados".<br><br>-Nivel de cuidados: Se calienta en horno de uso exclusivo para alimentos sin gluten / Se sirve cerrado como lo envía el proveedor / Se manipula con todos los cuidados posibles para evitar contaminación cruzada<br><br>-Horarios de atención:<br>Lunes - 7 a 20 horas<br>Martes - 7 a 20 horas<br>Miércoles - 7 a 20 horas<br>Jueves - 7 a 20 horas<br>Viernes - 7 a 20 horas<br>Sábado - 8 a 20 horas<br>Domingo - Cerrado<br><br>Nombre: ]]></description>
        <styleUrl>#icon-1577-FFEA00-labelson</styleUrl>
        <ExtendedData>
          <Data name="Nombre">
            <value/>
          </Data>
        </ExtendedData>
        <Point>
          <coordinates>
            -58.3872434,-34.5969246,0
          </coordinates>
        </Point>
      </Placemark>
      <Placemark>
        <name>Tienda De Café</name>
        <description><![CDATA[-Tipo de comercio: Cafetería<br><br>-Modalidad: Salón / Take away / Envío por app<br><br>-Tipo de producto: Productos marca Sintaxis y Ozganic<br><br>Cocina: "Se calientan en un tostador único para productos celiacos, situado mayormente en la barra de los locales, de fácil visibilidad para el cliente y sin contacto con alimentos y/o utensilios contaminados".<br><br>-Nivel de cuidados: Se calienta en horno de uso exclusivo para alimentos sin gluten / Se sirve cerrado como lo envía el proveedor / Se manipula con todos los cuidados posibles para evitar contaminación cruzada<br><br>-Horarios de atención:<br>Lunes - 7.30 a 21 horas<br>Martes - 7.30 a 21 horas<br>Miércoles - 7.30 a 21 horas<br>Jueves - 7.30 a 21 horas<br>Viernes - 7.30 a 21 horas<br>Sábado - 8.30 a 21 horas<br>Domingo - 9 a 21 horas<br><br>Nombre: ]]></description>
        <styleUrl>#icon-1577-FFEA00-labelson</styleUrl>
        <ExtendedData>
          <Data name="Nombre">
            <value/>
          </Data>
        </ExtendedData>
        <Point>
          <coordinates>
            -58.4457928,-34.6069251,0
          </coordinates>
        </Point>
      </Placemark>
      <Placemark>
        <name>Tienda de Café</name>
        <description><![CDATA[-Tipo de comercio: Cafetería<br><br>-Modalidad: Salón / Take away / Envío por app<br><br>-Tipo de producto: Productos marca Sintaxis y Ozganic<br><br>Cocina: "Se calientan en un tostador único para productos celiacos, situado mayormente en la barra de los locales, de fácil visibilidad para el cliente y sin contacto con alimentos y/o utensilios contaminados".<br><br>-Nivel de cuidados: Se calienta en horno de uso exclusivo para alimentos sin gluten / Se sirve cerrado como lo envía el proveedor / Se manipula con todos los cuidados posibles para evitar contaminación cruzada<br><br>-Horarios de atención:<br>Lunes - 7.30 a 21 horas<br>Martes - 7.30 a 21 horas<br>Miércoles - 7.30 a 21 horas<br>Jueves - 7.30 a 21 horas<br>Viernes - 7.30 a 21 horas<br>Sábado - 7.30 a 21 horas<br>Domingo - 7.30 a 21 horas<br><br>Nombre: ]]></description>
        <styleUrl>#icon-1577-FFEA00-labelson</styleUrl>
        <ExtendedData>
          <Data name="Nombre">
            <value/>
          </Data>
        </ExtendedData>
        <Point>
          <coordinates>
            -58.4523217,-34.6294917,0
          </coordinates>
        </Point>
      </Placemark>
      <Placemark>
        <name>Tienda de Café</name>
        <description><![CDATA[-Tipo de comercio: Cafetería<br><br>-Modalidad: Salón / Take away / Envío por app<br><br>-Tipo de producto: Productos marca Sintaxis y Ozganic<br><br>Cocina: "Se calientan en un tostador único para productos celiacos, situado mayormente en la barra de los locales, de fácil visibilidad para el cliente y sin contacto con alimentos y/o utensilios contaminados".<br><br>-Nivel de cuidados: Se calienta en horno de uso exclusivo para alimentos sin gluten / Se sirve cerrado como lo envía el proveedor / Se manipula con todos los cuidados posibles para evitar contaminación cruzada<br><br>-Horarios de atención:<br>Lunes - 7.30 a 20.30 horas<br>Martes - 7.30 a 20.30 horas<br>Miércoles - 7.30 a 20.30 horas<br>Jueves - 7.30 a 20.30 horas<br>Viernes - 7.30 a 20.30 horas<br>Sábado - 7.30 a 20.30 horas<br>Domingo - 8 a 20 horas<br><br>Nombre: ]]></description>
        <styleUrl>#icon-1577-FFEA00-labelson</styleUrl>
        <ExtendedData>
          <Data name="Nombre">
            <value/>
          </Data>
        </ExtendedData>
        <Point>
          <coordinates>
            -58.45193,-34.582398,0
          </coordinates>
        </Point>
      </Placemark>
      <Placemark>
        <name>Tienda de Café</name>
        <description><![CDATA[-Tipo de comercio: Cafetería<br><br>-Modalidad: Salón / Take away / Envío por app<br><br>-Tipo de producto: Productos marca Sintaxis y Ozganic<br><br>Cocina: "Se calientan en un tostador único para productos celiacos, situado mayormente en la barra de los locales, de fácil visibilidad para el cliente y sin contacto con alimentos y/o utensilios contaminados".<br><br>-Nivel de cuidados: Se calienta en horno de uso exclusivo para alimentos sin gluten / Se sirve cerrado como lo envía el proveedor / Se manipula con todos los cuidados posibles para evitar contaminación cruzada<br><br>-Horarios de atención:<br>Lunes - 8 a 21 horas<br>Martes - 8 a 21 horas<br>Miércoles - 8 a 21 horas<br>Jueves - 8 a 21 horas<br>Viernes - 8 a 21 horas<br>Sábado - 8.30 a 21 horas<br>Domingo - 9 a 21 horas<br><br>Nombre: ]]></description>
        <styleUrl>#icon-1577-FFEA00-labelson</styleUrl>
        <ExtendedData>
          <Data name="Nombre">
            <value/>
          </Data>
        </ExtendedData>
        <Point>
          <coordinates>
            -58.4416418,-34.6267227,0
          </coordinates>
        </Point>
      </Placemark>
      <Placemark>
        <name>Tienda de Café</name>
        <description><![CDATA[-Tipo de comercio: Cafetería<br><br>-Modalidad: Salón / Take away / Envío por app<br><br>-Tipo de producto: Productos marca Sintaxis y Ozganic<br><br>Cocina: "Se calientan en un tostador único para productos celiacos, situado mayormente en la barra de los locales, de fácil visibilidad para el cliente y sin contacto con alimentos y/o utensilios contaminados".<br><br>-Nivel de cuidados: Se calienta en horno de uso exclusivo para alimentos sin gluten / Se sirve cerrado como lo envía el proveedor / Se manipula con todos los cuidados posibles para evitar contaminación cruzada<br><br>-Horarios de atención:<br>Lunes - 7.30 a 21 horas<br>Martes - 7.30 a 21 horas<br>Miércoles - 7.30 a 21 horas<br>Jueves - 7.30 a 21 horas<br>Viernes - 7.30 a 21 horas<br>Sábado - 7.30 a 21 horas<br>Domingo - 9 a 21 horas<br><br>Nombre: ]]></description>
        <styleUrl>#icon-1577-FFEA00-labelson</styleUrl>
        <ExtendedData>
          <Data name="Nombre">
            <value/>
          </Data>
        </ExtendedData>
        <Point>
          <coordinates>
            -58.4596432,-34.5730093,0
          </coordinates>
        </Point>
      </Placemark>
      <Placemark>
        <name>Tienda de cafe</name>
        <description><![CDATA[-Tipo de comercio: Cafetería<br><br>-Modalidad: Salón / Take away / Envío por app<br><br>-Tipo de producto: Productos marca Sintaxis y Ozganic<br><br>Cocina: "Se calientan en un tostador único para productos celiacos, situado mayormente en la barra de los locales, de fácil visibilidad para el cliente y sin contacto con alimentos y/o utensilios contaminados".<br><br>-Nivel de cuidados: Se calienta en horno de uso exclusivo para alimentos sin gluten / Se sirve cerrado como lo envía el proveedor / Se manipula con todos los cuidados posibles para evitar contaminación cruzada<br><br>-Horarios de atención:<br>Lunes - 7 a 22 horas<br>Martes - 7 a 22 horas<br>Miércoles - 7 a 22 horas<br>Jueves - 7 a 22 horas<br>Viernes - 7 a 22.30 horas<br>Sábado - 7 a 22.30 horas<br>Domingo - 8 a 22 horas<br><br>Nombre: ]]></description>
        <styleUrl>#icon-1577-FFEA00-labelson</styleUrl>
        <ExtendedData>
          <Data name="Nombre">
            <value/>
          </Data>
        </ExtendedData>
        <Point>
          <coordinates>
            -58.3935766,-34.5961123,0
          </coordinates>
        </Point>
      </Placemark>
      <Placemark>
        <name>Tienda de Café</name>
        <description><![CDATA[-Tipo de comercio: Cafetería<br><br>-Modalidad: Salón / Take away / Envío por app<br><br>-Tipo de producto: Productos marca Sintaxis y Ozganic<br><br>Cocina: "Se calientan en un tostador único para productos celiacos, situado mayormente en la barra de los locales, de fácil visibilidad para el cliente y sin contacto con alimentos y/o utensilios contaminados".<br><br>-Nivel de cuidados: Se calienta en horno de uso exclusivo para alimentos sin gluten / Se sirve cerrado como lo envía el proveedor / Se manipula con todos los cuidados posibles para evitar contaminación cruzada<br><br>-Horarios de atención:<br>Lunes - 7.30 a 19.30 horas<br>Martes - 7.30 a 19.30 horas<br>Miércoles - 7.30 a 19.30 horas<br>Jueves - 7.30 a 19.30 horas<br>Viernes - 7.30 a 19.30 horas<br>Sábado - 8 a 19.30 horas<br>Domingo - Cerrado<br><br>Nombre: ]]></description>
        <styleUrl>#icon-1577-FFEA00-labelson</styleUrl>
        <ExtendedData>
          <Data name="Nombre">
            <value/>
          </Data>
        </ExtendedData>
        <Point>
          <coordinates>
            -58.3807105,-34.6043888,0
          </coordinates>
        </Point>
      </Placemark>
      <Placemark>
        <name>Tienda de Café</name>
        <description><![CDATA[-Tipo de comercio: Cafetería<br><br>-Modalidad: Salón / Take away / Envío por app<br><br>-Tipo de producto: Productos marca Sintaxis y Ozganic<br><br>Cocina: "Se calientan en un tostador único para productos celiacos, situado mayormente en la barra de los locales, de fácil visibilidad para el cliente y sin contacto con alimentos y/o utensilios contaminados".<br><br>-Nivel de cuidados: Se calienta en horno de uso exclusivo para alimentos sin gluten / Se sirve cerrado como lo envía el proveedor / Se manipula con todos los cuidados posibles para evitar contaminación cruzada<br><br>-Horarios de atención:<br>Lunes - 7 a 21 horas<br>Martes - 7 a 21 horas<br>Miércoles - 7 a 21 horas<br>Jueves - 7 a 21 horas<br>Viernes - 7 a 21 horas<br>Sábado - 7 a 21 horas<br>Domingo - 7 a 21 horas<br><br>Nombre: ]]></description>
        <styleUrl>#icon-1577-FFEA00-labelson</styleUrl>
        <ExtendedData>
          <Data name="Nombre">
            <value/>
          </Data>
        </ExtendedData>
        <Point>
          <coordinates>
            -58.4343348,-34.6191411,0
          </coordinates>
        </Point>
      </Placemark>
      <Placemark>
        <name>Tienda de café</name>
        <description><![CDATA[-Tipo de comercio: Cafetería<br><br>-Modalidad: Salón / Take away / Envío por app<br><br>-Tipo de producto: Productos marca Sintaxis y Ozganic<br><br>Cocina: "Se calientan en un tostador único para productos celiacos, situado mayormente en la barra de los locales, de fácil visibilidad para el cliente y sin contacto con alimentos y/o utensilios contaminados".<br><br>-Nivel de cuidados: Se calienta en horno de uso exclusivo para alimentos sin gluten / Se sirve cerrado como lo envía el proveedor / Se manipula con todos los cuidados posibles para evitar contaminación cruzada<br><br>-Horarios de atención:<br>Lunes - 8 a 1 horas<br>Martes - 8 a 1 horas<br>Miércoles - 8 a 1 horas<br>Jueves - 8 a 1 horas<br>Viernes - 8 a 1 horas<br>Sábado - 8 a 2 horas<br>Domingo - 8 a 1 horas<br><br>Nombre: ]]></description>
        <styleUrl>#icon-1577-FFEA00-labelson</styleUrl>
        <ExtendedData>
          <Data name="Nombre">
            <value/>
          </Data>
        </ExtendedData>
        <Point>
          <coordinates>
            -58.3890563,-34.604024,0
          </coordinates>
        </Point>
      </Placemark>
      <Placemark>
        <name>Tienda De Cafe</name>
        <description><![CDATA[-Tipo de comercio: Cafetería<br><br>-Modalidad: Salón / Take away / Envío por app<br><br>-Tipo de producto: Productos marca Sintaxis y Ozganic<br><br>Cocina: "Se calientan en un tostador único para productos celiacos, situado mayormente en la barra de los locales, de fácil visibilidad para el cliente y sin contacto con alimentos y/o utensilios contaminados".<br><br>-Nivel de cuidados: Se calienta en horno de uso exclusivo para alimentos sin gluten / Se sirve cerrado como lo envía el proveedor / Se manipula con todos los cuidados posibles para evitar contaminación cruzada<br><br>-Horarios de atención:<br>Lunes - 7.30 a 21 horas<br>Martes - 7.30 a 21 horas<br>Miércoles - 7.30 a 21 horas<br>Jueves - 7.30 a 21 horas<br>Viernes - 7.30 a 22 horas<br>Sábado - 7.30 a 21 horas<br>Domingo - 8.30 a 21 horas<br><br>Nombre: ]]></description>
        <styleUrl>#icon-1577-FFEA00-labelson</styleUrl>
        <ExtendedData>
          <Data name="Nombre">
            <value/>
          </Data>
        </ExtendedData>
        <Point>
          <coordinates>
            -58.4523577,-34.5592723,0
          </coordinates>
        </Point>
      </Placemark>
      <Placemark>
        <name>Tienda de Café</name>
        <description><![CDATA[-Tipo de comercio: Cafetería<br><br>-Modalidad: Salón / Take away / Envío por app<br><br>-Tipo de producto: Productos marca Sintaxis y Ozganic<br><br>Cocina: "Se calientan en un tostador único para productos celiacos, situado mayormente en la barra de los locales, de fácil visibilidad para el cliente y sin contacto con alimentos y/o utensilios contaminados".<br><br>-Nivel de cuidados: Se calienta en horno de uso exclusivo para alimentos sin gluten / Se sirve cerrado como lo envía el proveedor / Se manipula con todos los cuidados posibles para evitar contaminación cruzada<br><br>-Horarios de atención:<br>Lunes - 8 a 22 horas<br>Martes - 8 a 22 horas<br>Miércoles - 8 a 22 horas<br>Jueves - 8 a 22 horas<br>Viernes - 8 a 22 horas<br>Sábado - 8 a 22 horas<br>Domingo - 8 a 22 horas<br><br>Nombre: ]]></description>
        <styleUrl>#icon-1577-FFEA00-labelson</styleUrl>
        <ExtendedData>
          <Data name="Nombre">
            <value/>
          </Data>
        </ExtendedData>
        <Point>
          <coordinates>
            -58.4589416,-34.6707211,0
          </coordinates>
        </Point>
      </Placemark>
      <Placemark>
        <name>Tienda de cafe</name>
        <description><![CDATA[-Tipo de comercio: Cafetería<br><br>-Modalidad: Salón / Take away / Envío por app<br><br>-Tipo de producto: Productos marca Sintaxis y Ozganic<br><br>Cocina: "Se calientan en un tostador único para productos celiacos, situado mayormente en la barra de los locales, de fácil visibilidad para el cliente y sin contacto con alimentos y/o utensilios contaminados".<br><br>-Nivel de cuidados: Se calienta en horno de uso exclusivo para alimentos sin gluten / Se sirve cerrado como lo envía el proveedor / Se manipula con todos los cuidados posibles para evitar contaminación cruzada<br><br>-Horarios de atención:<br>Lunes - 7 a 21 horas<br>Martes - 7 a 21 horas<br>Miércoles - 7 a 21 horas<br>Jueves - 7 a 21 horas<br>Viernes - 7 a 21 horas<br>Sábado - 7 a 21 horas<br>Domingo - 8 a 21 horas<br><br>Nombre: ]]></description>
        <styleUrl>#icon-1577-FFEA00-labelson</styleUrl>
        <ExtendedData>
          <Data name="Nombre">
            <value/>
          </Data>
        </ExtendedData>
        <Point>
          <coordinates>
            -58.4568593,-34.6319959,0
          </coordinates>
        </Point>
      </Placemark>
      <Placemark>
        <name>Tienda de Café</name>
        <description><![CDATA[-Tipo de comercio: Cafetería<br><br>-Modalidad: Salón / Take away / Envío por app<br><br>-Tipo de producto: Productos marca Sintaxis y Ozganic<br><br>Cocina: "Se calientan en un tostador único para productos celiacos, situado mayormente en la barra de los locales, de fácil visibilidad para el cliente y sin contacto con alimentos y/o utensilios contaminados".<br><br>-Nivel de cuidados: Se calienta en horno de uso exclusivo para alimentos sin gluten / Se sirve cerrado como lo envía el proveedor / Se manipula con todos los cuidados posibles para evitar contaminación cruzada<br><br>-Horarios de atención:<br>Lunes - 7.30 a 21 horas<br>Martes - 7.30 a 21 horas<br>Miércoles - 7.30 a 21 horas<br>Jueves - 7.30 a 21 horas<br>Viernes - 7.30 a 21 horas<br>Sábado - 8 a 21 horas<br>Domingo - 8 a 21 horas<br><br>Nombre: ]]></description>
        <styleUrl>#icon-1577-FFEA00-labelson</styleUrl>
        <ExtendedData>
          <Data name="Nombre">
            <value/>
          </Data>
        </ExtendedData>
        <Point>
          <coordinates>
            -58.4923236,-34.5550129,0
          </coordinates>
        </Point>
      </Placemark>
      <Placemark>
        <name>Tienda de café</name>
        <description><![CDATA[-Tipo de comercio: Cafetería<br><br>-Modalidad: Salón / Take away / Envío por app<br><br>-Tipo de producto: Productos marca Sintaxis y Ozganic<br><br>Cocina: "Se calientan en un tostador único para productos celiacos, situado mayormente en la barra de los locales, de fácil visibilidad para el cliente y sin contacto con alimentos y/o utensilios contaminados".<br><br>-Nivel de cuidados: Se calienta en horno de uso exclusivo para alimentos sin gluten / Se sirve cerrado como lo envía el proveedor / Se manipula con todos los cuidados posibles para evitar contaminación cruzada<br><br>-Horarios de atención:<br>Lunes - 7.30 a 21 horas<br>Martes - 7.30 a 21 horas<br>Miércoles - 7.30 a 21 horas<br>Jueves - 7.30 a 21 horas<br>Viernes - 7.30 a 21 horas<br>Sábado - 7.30 a 21 horas<br>Domingo - 7.30 a 21 horas<br><br>Nombre: ]]></description>
        <styleUrl>#icon-1577-FFEA00-labelson</styleUrl>
        <ExtendedData>
          <Data name="Nombre">
            <value/>
          </Data>
        </ExtendedData>
        <Point>
          <coordinates>
            -58.4893823,-34.5691516,0
          </coordinates>
        </Point>
      </Placemark>
      <Placemark>
        <name>Tienda de café</name>
        <description><![CDATA[-Tipo de comercio: Cafetería<br><br>-Modalidad: Salón<br><br>-Tipo de producto: Productos marca Sintaxis<br><br>-Nivel de cuidados: Cocina mixta con cuidados en contaminación cruzada<br><br>-Horarios de atención:<br>Lunes - 8 a 22 horas<br>Martes - 8 a 22 horas<br>Miércoles - 8 a 22 horas<br>Jueves - 8 a 22 horas<br>Viernes - 8 a 22 horas<br>Sábado - 8 a 22 horas<br>Domingo - 8 a 22 horas<br><br>Nombre: ]]></description>
        <styleUrl>#icon-1577-FFEA00-labelson</styleUrl>
        <ExtendedData>
          <Data name="Nombre">
            <value/>
          </Data>
        </ExtendedData>
        <Point>
          <coordinates>
            -58.4579418,-34.6746836,0
          </coordinates>
        </Point>
      </Placemark>
      <Placemark>
        <name>Tienda de Café</name>
        <description><![CDATA[-Tipo de comercio: Cafetería<br><br>-Modalidad: Salón / Take away / Envío por app<br><br>-Tipo de producto: Productos marca Sintaxis y Ozganic<br><br>Cocina: "Se calientan en un tostador único para productos celiacos, situado mayormente en la barra de los locales, de fácil visibilidad para el cliente y sin contacto con alimentos y/o utensilios contaminados".<br><br>-Nivel de cuidados: Se calienta en horno de uso exclusivo para alimentos sin gluten / Se sirve cerrado como lo envía el proveedor / Se manipula con todos los cuidados posibles para evitar contaminación cruzada<br><br>-Horarios de atención:<br>Lunes - 7.30 a 21 horas<br>Martes - 7.30 a 21 horas<br>Miércoles - 7.30 a 21 horas<br>Jueves - 7.30 a 21 horas<br>Viernes - 7.30 a 21 horas<br>Sábado - 7.30 a 21 horas<br>Domingo - 7.30 a 21 horas<br><br>Nombre: ]]></description>
        <styleUrl>#icon-1577-FFEA00-labelson</styleUrl>
        <ExtendedData>
          <Data name="Nombre">
            <value/>
          </Data>
        </ExtendedData>
        <Point>
          <coordinates>
            -58.4430299,-34.567769,0
          </coordinates>
        </Point>
      </Placemark>
      <Placemark>
        <name>Tienda de cafe</name>
        <description><![CDATA[-Tipo de comercio: Cafetería<br><br>-Modalidad: Salón / Take away / Envío por app<br><br>-Tipo de producto: Productos marca Sintaxis y Ozganic<br><br>Cocina: "Se calientan en un tostador único para productos celiacos, situado mayormente en la barra de los locales, de fácil visibilidad para el cliente y sin contacto con alimentos y/o utensilios contaminados".<br><br>-Nivel de cuidados: Se calienta en horno de uso exclusivo para alimentos sin gluten / Se sirve cerrado como lo envía el proveedor / Se manipula con todos los cuidados posibles para evitar contaminación cruzada<br><br>-Horarios de atención:<br>Lunes - 7 a 21 horas<br>Martes - 7 a 21 horas<br>Miércoles - 7 a 21 horas<br>Jueves - 7 a 21 horas<br>Viernes - 7 a 21 horas<br>Sábado - 7.30 a 21 horas<br>Domingo - 7.30 a 21 horas<br><br>Nombre: ]]></description>
        <styleUrl>#icon-1577-FFEA00-labelson</styleUrl>
        <ExtendedData>
          <Data name="Nombre">
            <value/>
          </Data>
        </ExtendedData>
        <Point>
          <coordinates>
            -58.3702716,-34.6315814,0
          </coordinates>
        </Point>
      </Placemark>
      <Placemark>
        <name>Tienda de Café</name>
        <description><![CDATA[-Tipo de comercio: Cafetería<br><br>-Modalidad: Salón / Take away / Envío por app<br><br>-Tipo de producto: Productos marca Sintaxis y Ozganic<br><br>Cocina: "Se calientan en un tostador único para productos celiacos, situado mayormente en la barra de los locales, de fácil visibilidad para el cliente y sin contacto con alimentos y/o utensilios contaminados".<br><br>-Nivel de cuidados: Se calienta en horno de uso exclusivo para alimentos sin gluten / Se sirve cerrado como lo envía el proveedor / Se manipula con todos los cuidados posibles para evitar contaminación cruzada<br><br>-Horarios de atención:<br>Lunes - 7 a 21 horas<br>Martes - 7 a 21 horas<br>Miércoles - 7 a 21 horas<br>Jueves - 7 a 21 horas<br>Viernes - 7 a 21 horas<br>Sábado - 7 a 21 horas<br>Domingo - 7 a 21 horas<br><br>Nombre: ]]></description>
        <styleUrl>#icon-1577-FFEA00-labelson</styleUrl>
        <ExtendedData>
          <Data name="Nombre">
            <value/>
          </Data>
        </ExtendedData>
        <Point>
          <coordinates>
            -58.4412151,-34.6089435,0
          </coordinates>
        </Point>
      </Placemark>
      <Placemark>
        <name>Tienda de cafe</name>
        <description><![CDATA[-Tipo de comercio: Cafetería<br><br>-Modalidad: Salón<br><br>-Tipo de producto: Productos marca Sintaxis<br><br>-Nivel de cuidados: Cocina mixta con cuidados en contaminación cruzada<br><br>-Horarios de atención:<br>Lunes - 8 a 20 horas<br>Martes - 8 a 20 horas<br>Miércoles - 8 a 20 horas<br>Jueves - 8 a 20 horas<br>Viernes - 8 a 20 horas<br>Sábado - 8 a 20 horas<br>Domingo - Cerrado<br><br>Nombre: ]]></description>
        <styleUrl>#icon-1577-FFEA00-labelson</styleUrl>
        <ExtendedData>
          <Data name="Nombre">
            <value/>
          </Data>
        </ExtendedData>
        <Point>
          <coordinates>
            -58.4388499,-34.5638598,0
          </coordinates>
        </Point>
      </Placemark>
      <Placemark>
        <name>Tienda de Café</name>
        <description><![CDATA[-Tipo de comercio: Cafetería<br><br>-Modalidad: Salón / Take away / Envío por app<br><br>-Tipo de producto: Productos marca Sintaxis y Ozganic<br><br>Cocina: "Se calientan en un tostador único para productos celiacos, situado mayormente en la barra de los locales, de fácil visibilidad para el cliente y sin contacto con alimentos y/o utensilios contaminados".<br><br>-Nivel de cuidados: Se calienta en horno de uso exclusivo para alimentos sin gluten / Se sirve cerrado como lo envía el proveedor / Se manipula con todos los cuidados posibles para evitar contaminación cruzada<br><br>-Horarios de atención:<br>Lunes - 8 a 21 horas<br>Martes - 8 a 21 horas<br>Miércoles - 8 a 21 horas<br>Jueves - 8 a 21 horas<br>Viernes - 8 a 21 horas<br>Sábado - 8 a 21 horas<br>Domingo - 8 a 21 horas<br><br>Nombre: ]]></description>
        <styleUrl>#icon-1577-FFEA00-labelson</styleUrl>
        <ExtendedData>
          <Data name="Nombre">
            <value/>
          </Data>
        </ExtendedData>
        <Point>
          <coordinates>
            -58.4086421,-34.6247508,0
          </coordinates>
        </Point>
      </Placemark>
      <Placemark>
        <name>Tienda de Café</name>
        <description><![CDATA[-Tipo de comercio: Cafetería<br><br>-Modalidad: Salón / Take away / Envío por app<br><br>-Tipo de producto: Productos marca Sintaxis y Ozganic<br><br>Cocina: "Se calientan en un tostador único para productos celiacos, situado mayormente en la barra de los locales, de fácil visibilidad para el cliente y sin contacto con alimentos y/o utensilios contaminados".<br><br>-Nivel de cuidados: Se calienta en horno de uso exclusivo para alimentos sin gluten / Se sirve cerrado como lo envía el proveedor / Se manipula con todos los cuidados posibles para evitar contaminación cruzada<br><br>-Horarios de atención:<br>Lunes - 7 a 21 horas<br>Martes - 7 a 21 horas<br>Miércoles - 7 a 21 horas<br>Jueves - 7 a 21 horas<br>Viernes - 7 a 21 horas<br>Sábado - 8 a 21 horas<br>Domingo - 8 a 21 horas<br><br>Nombre: ]]></description>
        <styleUrl>#icon-1577-FFEA00-labelson</styleUrl>
        <ExtendedData>
          <Data name="Nombre">
            <value/>
          </Data>
        </ExtendedData>
        <Point>
          <coordinates>
            -58.4847585,-34.574424,0
          </coordinates>
        </Point>
      </Placemark>
      <Placemark>
        <name>Tienda de Café</name>
        <description><![CDATA[-Tipo de comercio: Cafetería<br><br>-Modalidad: Salón / Take away / Envío por app<br><br>-Tipo de producto: Productos marca Sintaxis y Ozganic<br><br>Cocina: "Se calientan en un tostador único para productos celiacos, situado mayormente en la barra de los locales, de fácil visibilidad para el cliente y sin contacto con alimentos y/o utensilios contaminados".<br><br>-Nivel de cuidados: Se calienta en horno de uso exclusivo para alimentos sin gluten / Se sirve cerrado como lo envía el proveedor / Se manipula con todos los cuidados posibles para evitar contaminación cruzada<br><br>-Horarios de atención:<br>Lunes - 7 a 21 horas<br>Martes - 7 a 21 horas<br>Miércoles - 7 a 21 horas<br>Jueves - 7 a 21 horas<br>Viernes - 7 a 22 horas<br>Sábado - 7 a 22 horas<br>Domingo - 7 a 21 horas<br><br>Nombre: ]]></description>
        <styleUrl>#icon-1577-FFEA00-labelson</styleUrl>
        <ExtendedData>
          <Data name="Nombre">
            <value/>
          </Data>
        </ExtendedData>
        <Point>
          <coordinates>
            -58.5102506,-34.6232057,0
          </coordinates>
        </Point>
      </Placemark>
      <Placemark>
        <name>Tienda de Café</name>
        <description><![CDATA[-Tipo de comercio: Cafetería<br><br>-Modalidad: Salón / Take away / Envío por app<br><br>-Tipo de producto: Productos marca Sintaxis y Ozganic<br><br>Cocina: "Se calientan en un tostador único para productos celiacos, situado mayormente en la barra de los locales, de fácil visibilidad para el cliente y sin contacto con alimentos y/o utensilios contaminados".<br><br>-Nivel de cuidados: Se calienta en horno de uso exclusivo para alimentos sin gluten / Se sirve cerrado como lo envía el proveedor / Se manipula con todos los cuidados posibles para evitar contaminación cruzada<br><br>-Horarios de atención:<br>Lunes - 8 a 21 horas<br>Martes - 8 a 21 horas<br>Miércoles - 8 a 21 horas<br>Jueves - 8 a 21 horas<br>Viernes - 8 a 21 horas<br>Sábado - 8 a 21 horas<br>Domingo - 8 a 21 horas<br><br>Nombre: ]]></description>
        <styleUrl>#icon-1577-FFEA00-labelson</styleUrl>
        <ExtendedData>
          <Data name="Nombre">
            <value/>
          </Data>
        </ExtendedData>
        <Point>
          <coordinates>
            -58.495382,-34.5822829,0
          </coordinates>
        </Point>
      </Placemark>
      <Placemark>
        <name>Tienda de Café | Calle Mendoza</name>
        <description><![CDATA[-Tipo de comercio: Cafetería<br><br>-Modalidad: Salón / Take away / Envío por app<br><br>-Tipo de producto: Productos marca Sintaxis y Ozganic<br><br>Cocina: "Se calientan en un tostador único para productos celiacos, situado mayormente en la barra de los locales, de fácil visibilidad para el cliente y sin contacto con alimentos y/o utensilios contaminados".<br><br>-Nivel de cuidados: Se calienta en horno de uso exclusivo para alimentos sin gluten / Se sirve cerrado como lo envía el proveedor / Se manipula con todos los cuidados posibles para evitar contaminación cruzada<br><br>-Horarios de atención:<br>Lunes - 7.30 a 21 horas<br>Martes - 7.30 a 21 horas<br>Miércoles - 7.30 a 21 horas<br>Jueves - 7.30 a 21 horas<br>Viernes - 8 a 22 horas<br>Sábado - 7.30 a 22 horas<br>Domingo - 7.30 a 21 horas<br><br>Nombre: ]]></description>
        <styleUrl>#icon-1577-FFEA00-labelson</styleUrl>
        <ExtendedData>
          <Data name="Nombre">
            <value/>
          </Data>
        </ExtendedData>
        <Point>
          <coordinates>
            -58.4564975,-34.560398,0
          </coordinates>
        </Point>
      </Placemark>
      <Placemark>
        <name>Tienda de Café | Chenaut</name>
        <description><![CDATA[-Tipo de comercio: Cafetería<br><br>-Modalidad: Salón / Take away / Envío por app<br><br>-Tipo de producto: Productos marca Sintaxis y Ozganic<br><br>Cocina: "Se calientan en un tostador único para productos celiacos, situado mayormente en la barra de los locales, de fácil visibilidad para el cliente y sin contacto con alimentos y/o utensilios contaminados".<br><br>-Nivel de cuidados: Se calienta en horno de uso exclusivo para alimentos sin gluten / Se sirve cerrado como lo envía el proveedor / Se manipula con todos los cuidados posibles para evitar contaminación cruzada<br><br>-Horarios de atención:<br>Lunes - 7.30 a 22 horas<br>Martes - 7.30 a 22 horas<br>Miércoles - 7.30 a 22 horas<br>Jueves - 7.30 a 22 horas<br>Viernes - 8 a 23 horas<br>Sábado - 8 a 23 horas<br>Domingo - 8 a 22 horas<br><br>Nombre: ]]></description>
        <styleUrl>#icon-1577-FFEA00-labelson</styleUrl>
        <ExtendedData>
          <Data name="Nombre">
            <value/>
          </Data>
        </ExtendedData>
        <Point>
          <coordinates>
            -58.4312329,-34.5705492,0
          </coordinates>
        </Point>
      </Placemark>
      <Placemark>
        <name>Tienda de Cafe LIBERTADOR</name>
        <description><![CDATA[-Tipo de comercio: Cafetería<br><br>-Modalidad: Salón / Take away / Envío por app<br><br>-Tipo de producto: Productos marca Sintaxis y Ozganic<br><br>Cocina: "Se calientan en un tostador único para productos celiacos, situado mayormente en la barra de los locales, de fácil visibilidad para el cliente y sin contacto con alimentos y/o utensilios contaminados".<br><br>-Nivel de cuidados: Se calienta en horno de uso exclusivo para alimentos sin gluten / Se sirve cerrado como lo envía el proveedor / Se manipula con todos los cuidados posibles para evitar contaminación cruzada<br><br>-Horarios de atención:<br>Lunes - 7.45 a 20.45 horas<br>Martes - 7.45 a 20.45 horas<br>Miércoles - 7.45 a 20.45 horas<br>Jueves - 7.45 a 20.45 horas<br>Viernes - 7.45 a 20.45 horas<br>Sábado - 7.45 a 20.45 horas<br>Domingo - 14.30 a 20.30 horas<br><br>Nombre: ]]></description>
        <styleUrl>#icon-1577-FFEA00-labelson</styleUrl>
        <ExtendedData>
          <Data name="Nombre">
            <value/>
          </Data>
        </ExtendedData>
        <Point>
          <coordinates>
            -58.4477297,-34.5569068,0
          </coordinates>
        </Point>
      </Placemark>
      <Placemark>
        <name>Tienda de Café VERSALLES</name>
        <description><![CDATA[-Tipo de comercio: Cafetería<br><br>-Modalidad: Salón / Take away / Envío por app<br><br>-Tipo de producto: Productos marca Sintaxis y Ozganic<br><br>Cocina: "Se calientan en un tostador único para productos celiacos, situado mayormente en la barra de los locales, de fácil visibilidad para el cliente y sin contacto con alimentos y/o utensilios contaminados".<br><br>-Nivel de cuidados: Se calienta en horno de uso exclusivo para alimentos sin gluten / Se sirve cerrado como lo envía el proveedor / Se manipula con todos los cuidados posibles para evitar contaminación cruzada<br><br>-Horarios de atención:<br>Lunes - 8 a 21 horas<br>Martes - 8 a 21 horas<br>Miércoles - 8 a 21 horas<br>Jueves - 8 a 21 horas<br>Viernes - 8 a 21 horas<br>Sábado - 8 a 21 horas<br>Domingo - 8 a 21 horas<br><br>Nombre: ]]></description>
        <styleUrl>#icon-1577-FFEA00-labelson</styleUrl>
        <ExtendedData>
          <Data name="Nombre">
            <value/>
          </Data>
        </ExtendedData>
        <Point>
          <coordinates>
            -58.5230183,-34.6283445,0
          </coordinates>
        </Point>
      </Placemark>
      <Placemark>
        <name>Toller Kaffeë</name>
        <description><![CDATA[-Tipo de comercio: Cafetería<br><br>-Modalidad: Salón<br><br>-Tipo de producto: Productos envasados de Lovely Cakes Sin TACC<br><br>-Nivel de cuidados: Cocina mixta con cuidados en contaminación cruzada<br><br>-Horarios de atención:<br>Lunes - 7 a 0 horas<br>Martes - 7 a 0 horas<br>Miércoles - 7 a 0 horas<br>Jueves - 7 a 0 horas<br>Viernes - 7 a 0 horas<br>Sábado - 7 a 0 horas<br>Domingo - 7 a 0 horas<br>Feriados - 7 a 0 horas<br><br>Nombre: ]]></description>
        <styleUrl>#icon-1577-FFEA00-labelson</styleUrl>
        <ExtendedData>
          <Data name="Nombre">
            <value/>
          </Data>
        </ExtendedData>
        <Point>
          <coordinates>
            -58.4026823,-34.5922223,0
          </coordinates>
        </Point>
      </Placemark>
      <Placemark>
        <name>Tomate Estación de Sabores</name>
        <description><![CDATA[-Tipo de comercio: Restaurante<br><br>-Modalidad: Salón<br><br>-Tipo de producto: Elaboración propia <br><br>-Nivel de cuidados:  Cocina mixta con cuidados en contaminación cruzada<br><br>Comentario del lugar: "Pedimos siempre informar al camarero o encargado al momento de la visita". <br><br>-Horarios de atención:<br>Lunes - Cerrado<br>Martes - 12 a 1 horas<br>Miércoles - 12 a 1 horas<br>Jueves - 12 a 1 horas<br>Viernes - 12 a 1 horas<br>Sábado - 12 a 1 horas<br>Domingo - 12 a 1 horas<br><br>Nombre: ]]></description>
        <styleUrl>#icon-1577-FFEA00-labelson</styleUrl>
        <ExtendedData>
          <Data name="Nombre">
            <value/>
          </Data>
        </ExtendedData>
        <Point>
          <coordinates>
            -58.4269674,-34.5896507,0
          </coordinates>
        </Point>
      </Placemark>
      <Placemark>
        <name>Tomate Estación de Sabores</name>
        <description><![CDATA[-Tipo de comercio: Restaurante<br><br>-Modalidad: Salón<br><br>-Tipo de producto: Elaboración propia <br><br>-Nivel de cuidados: Cocina mixta con cuidados en contaminación cruzada<br><br>Comentario del lugar: "Pedimos siempre informar al camarero o encargado al momento de la visita".<br><br>-Horarios de atención:<br>Lunes - 8.30 a 0 horas<br>Martes - Cerrado<br>Miércoles - 8.30 a 0 horas<br>Jueves - 8.30 a 0 horas<br>Viernes - 8.30 a 0 horas<br>Sábado - 8.30 a 0 horas<br>Domingo - 8.30 a 0 horas<br><br>Nombre: ]]></description>
        <styleUrl>#icon-1577-FFEA00-labelson</styleUrl>
        <ExtendedData>
          <Data name="Nombre">
            <value/>
          </Data>
        </ExtendedData>
        <Point>
          <coordinates>
            -58.4179823,-34.5691264,0
          </coordinates>
        </Point>
      </Placemark>
      <Placemark>
        <name>TRIXIE American Diner</name>
        <description><![CDATA[-Tipo de comercio: Restaurante<br><br>-Modalidad: Salón / Take away<br><br>-Tipo de producto: Elaboración propia<br><br>-Materia prima: Certificada sin TACC<br><br>-Nivel de cuidados: Cocina mixta con cuidados en contaminación cruzada<br><br>-Horarios de atención:<br>Lunes - 9 a 23 horas<br>Martes - 9 a 23 horas<br>Miércoles - 9 a 23 horas<br>Jueves - 9 a 23 horas<br>Viernes - 9 a 0 horas<br>Sábado - 9 a 0horas<br>Domingo - 9 a 23 horas<br>Feriados - 9 a 0 horas<br><br>Nombre: ]]></description>
        <styleUrl>#icon-1577-FFEA00-labelson</styleUrl>
        <ExtendedData>
          <Data name="Nombre">
            <value/>
          </Data>
        </ExtendedData>
        <Point>
          <coordinates>
            -58.3978408,-34.5699088,0
          </coordinates>
        </Point>
      </Placemark>
      <Placemark>
        <name>Usina Cafetera</name>
        <description><![CDATA[-Tipo de comercio: Cafetería<br><br>-Modalidad: Salón<br><br>-Tipo de producto: Elaboración propia<br><br>-Nivel de cuidados: Cocina mixta con cuidados para evitar la contaminación cruzada<br><br>-Horarios de atención:<br>Lunes - 8.30 a 21 horas<br>Martes - 8.30 a 21 horas<br>Miércoles - 8.30 a 21 horas<br>Jueves - 8.30 a 21 horas<br>Viernes - 8.30 a 21 horas<br>Sábado - 8.30 a 21 horas<br>Domingo - 8.30 a 21 horas<br><br>Nombre: ]]></description>
        <styleUrl>#icon-1577-FFEA00-labelson</styleUrl>
        <ExtendedData>
          <Data name="Nombre">
            <value/>
          </Data>
        </ExtendedData>
        <Point>
          <coordinates>
            -58.4037237,-34.5913181,0
          </coordinates>
        </Point>
      </Placemark>
      <Placemark>
        <name>Usina Cafetera</name>
        <description><![CDATA[-Tipo de comercio: Cafetería<br><br>-Modalidad: Salón<br><br>-Tipo de producto: Elaboración propia<br><br>-Nivel de cuidados: Cocina mixta con cuidados para evitar la contaminación cruzada<br><br>-Horarios de atención:<br>Lunes - 8.30 a 21 horas<br>Martes - 8.30 a 21 horas<br>Miércoles - 8.30 a 21 horas<br>Jueves - 8.30 a 21 horas<br>Viernes - 8.30 a 21 horas<br>Sábado - 8.30 a 21 horas<br>Domingo - 8.30 a 21 horas<br><br>Nombre: ]]></description>
        <styleUrl>#icon-1577-FFEA00-labelson</styleUrl>
        <ExtendedData>
          <Data name="Nombre">
            <value/>
          </Data>
        </ExtendedData>
        <Point>
          <coordinates>
            -58.4815332,-34.5772569,0
          </coordinates>
        </Point>
      </Placemark>
      <Placemark>
        <name>Usina Cafetera</name>
        <description><![CDATA[-Tipo de comercio: Cafetería<br><br>-Modalidad: Salón<br><br>-Tipo de producto: Elaboración propia<br><br>-Nivel de cuidados: Cocina mixta con cuidados para evitar la contaminación cruzada<br><br>-Horarios de atención:<br>Lunes - 8.30 a 21 horas<br>Martes - 8.30 a 21 horas<br>Miércoles - 8.30 a 21 horas<br>Jueves - 8.30 a 21 horas<br>Viernes - 8.30 a 21 horas<br>Sábado - 8.30 a 21 horas<br>Domingo - 8.30 a 21 horas<br><br>Nombre: ]]></description>
        <styleUrl>#icon-1577-FFEA00-labelson</styleUrl>
        <ExtendedData>
          <Data name="Nombre">
            <value/>
          </Data>
        </ExtendedData>
        <Point>
          <coordinates>
            -58.4340908,-34.5829931,0
          </coordinates>
        </Point>
      </Placemark>
      <Placemark>
        <name>Usina cafetera</name>
        <description><![CDATA[-Tipo de comercio: Cafetería<br><br>-Modalidad: Salón<br><br>-Tipo de producto: Elaboración propia<br><br>-Nivel de cuidados: Cocina mixta con cuidados para evitar la contaminación cruzada<br><br>-Horarios de atención:<br>Lunes - 8.30 a 21 horas<br>Martes - 8.30 a 21 horas<br>Miércoles - 8.30 a 21 horas<br>Jueves - 8.30 a 21 horas<br>Viernes - 8.30 a 21 horas<br>Sábado - 8.30 a 21 horas<br>Domingo - 8.30 a 21 horas<br><br>Nombre: ]]></description>
        <styleUrl>#icon-1577-FFEA00-labelson</styleUrl>
        <ExtendedData>
          <Data name="Nombre">
            <value/>
          </Data>
        </ExtendedData>
        <Point>
          <coordinates>
            -58.4414862,-34.5969781,0
          </coordinates>
        </Point>
      </Placemark>
      <Placemark>
        <name>Usina cafetera</name>
        <description><![CDATA[-Tipo de comercio: Cafetería<br><br>-Modalidad: Salón<br><br>-Tipo de producto: Elaboración propia<br><br>-Nivel de cuidados: Cocina mixta con cuidados para evitar la contaminación cruzada<br><br>-Horarios de atención:<br>Lunes - 8.30 a 21 horas<br>Martes - 8.30 a 21 horas<br>Miércoles - 8.30 a 21 horas<br>Jueves - 8.30 a 21 horas<br>Viernes - 8.30 a 21 horas<br>Sábado - 8.30 a 21 horas<br>Domingo - 8.30 a 21 horas<br><br>Nombre: ]]></description>
        <styleUrl>#icon-1577-FFEA00-labelson</styleUrl>
        <ExtendedData>
          <Data name="Nombre">
            <value/>
          </Data>
        </ExtendedData>
        <Point>
          <coordinates>
            -58.4607311,-34.5659623,0
          </coordinates>
        </Point>
      </Placemark>
      <Placemark>
        <name>Usina Cafetera CERRADO</name>
        <description><![CDATA[-Tipo de comercio: Cafetería<br><br>-Modalidad: Salón<br><br>-Tipo de producto: Elaboración propia<br><br>-Nivel de cuidados: Cocina mixta con cuidados para evitar la contaminación cruzada<br><br>-Horarios de atención:<br>Lunes - 8.30 a 21 horas<br>Martes - 8.30 a 21 horas<br>Miércoles - 8.30 a 21 horas<br>Jueves - 8.30 a 21 horas<br>Viernes - 8.30 a 21 horas<br>Sábado - 8.30 a 21 horas<br>Domingo - 8.30 a 21 horas<br><br>Nombre: ]]></description>
        <styleUrl>#icon-1577-FFEA00-labelson</styleUrl>
        <ExtendedData>
          <Data name="Nombre">
            <value/>
          </Data>
        </ExtendedData>
        <Point>
          <coordinates>
            -58.434104,-34.626153,0
          </coordinates>
        </Point>
      </Placemark>
      <Placemark>
        <name>Usina Cafetera</name>
        <description><![CDATA[-Tipo de comercio: Cafetería<br><br>-Modalidad: Salón<br><br>-Tipo de producto: Elaboración propia<br><br>-Nivel de cuidados: Cocina mixta con cuidados para evitar la contaminación cruzada<br><br>-Horarios de atención:<br>Lunes - 8.30 a 21 horas<br>Martes - 8.30 a 21 horas<br>Miércoles - 8.30 a 21 horas<br>Jueves - 8.30 a 21 horas<br>Viernes - 8.30 a 21 horas<br>Sábado - 8.30 a 21 horas<br>Domingo - 8.30 a 21 horas<br><br>Nombre: ]]></description>
        <styleUrl>#icon-1577-FFEA00-labelson</styleUrl>
        <ExtendedData>
          <Data name="Nombre">
            <value/>
          </Data>
        </ExtendedData>
        <Point>
          <coordinates>
            -58.4336956,-34.5695289,0
          </coordinates>
        </Point>
      </Placemark>
      <Placemark>
        <name>Valentino Cafe</name>
        <description><![CDATA[-Tipo de comercio: Cafetería<br><br>-Modalidad: Salón <br><br>-Tipo de producto: Productos marca Sintaxis<br><br>-Nivel de cuidados: Cocina mixta con cuidados en contaminación cruzada<br><br>-Horarios de atención:<br>Lunes - 8 a 20.30 horas<br>Martes - 8 a 20.30 horas<br>Miércoles - 8 a 20.30 horas<br>Jueves - 8 a 20.30 horas<br>Viernes - 8 a 20.30 horas<br>Sábado - 8 a 20.30 horas<br>Domingo - 8 a 20.30 horas<br>Feriados - 8 a 20.30 horas<br><br>Nombre: ]]></description>
        <styleUrl>#icon-1577-FFEA00-labelson</styleUrl>
        <ExtendedData>
          <Data name="Nombre">
            <value/>
          </Data>
        </ExtendedData>
        <Point>
          <coordinates>
            -58.5187296,-34.6114923,0
          </coordinates>
        </Point>
      </Placemark>
      <Placemark>
        <name>Valentino caffé</name>
        <description><![CDATA[-Tipo de comercio: Cafetería<br><br>-Modalidad: Salón <br><br>-Tipo de producto: Productos marca Sintaxis<br><br>-Nivel de cuidados: Cocina mixta con cuidados en contaminación cruzada<br><br>-Horarios de atención:<br>Lunes - 8 a 20.30 horas<br>Martes - 8 a 20.30 horas<br>Miércoles - 8 a 20.30 horas<br>Jueves - 8 a 20.30 horas<br>Viernes - 8 a 20.30 horas<br>Sábado - 8 a 20.30 horas<br>Domingo - 8 a 20.30 horas<br>Feriados - 8 a 20.30 horas<br><br>Nombre: ]]></description>
        <styleUrl>#icon-1577-FFEA00-labelson</styleUrl>
        <ExtendedData>
          <Data name="Nombre">
            <value/>
          </Data>
        </ExtendedData>
        <Point>
          <coordinates>
            -58.5128526,-34.6032518,0
          </coordinates>
        </Point>
      </Placemark>
      <Placemark>
        <name>Venekafe Sin Tacc</name>
        <description><![CDATA[-Tipo de comercio: Cafetería / Panadería / Hamburguesería / Pizzeria / Pastelería<br><br>-Modalidad: Consumo en salón / Take away / Envío por app<br><br>-Tipo de producto: Elaboración propia<br><br>-Materia prima: Certificada sin gluten<br><br>-Cocina: Cocina 100% libre de gluten<br><br>-Horarios de atención:<br>Lunes - 9 a 20 horas<br>Martes - 9 a 20 horas<br>Miércoles - 9 a 20 horas<br>Jueves - 9 a 17 horas<br>Viernes - 9 a 20 horas<br>Sábado - 9 a 20 horas<br>Domingo - 9 a 17 horas<br><br>Instagram: @venekafe.ar<br><br>Nombre: ]]></description>
        <styleUrl>#icon-1577-FFEA00-labelson</styleUrl>
        <ExtendedData>
          <Data name="Nombre">
            <value/>
          </Data>
        </ExtendedData>
        <Point>
          <coordinates>
            -58.4062201,-34.5958806,0
          </coordinates>
        </Point>
      </Placemark>
      <Placemark>
        <name><![CDATA[Verde Pistacho- vegano & gluten free]]></name>
        <description><![CDATA[-Tipo de comercio: Cafetería / Panadería / Pastelería<br><br>-Modalidad: Salón / Take away / Envío por app<br><br>-Tipo de producto: Elaboración propia<br><br>-Materia prima: Certificada sin gluten<br><br>-Cocina: Cocina 100% libre de gluten<br><br>-Horarios de atención:<br>Lunes - 12 a 19.30 horas<br>Martes - 12 a 19.30 horas<br>Miércoles - 12 a 19.30 horas<br>Jueves - 12 a 19.30 horas<br>Viernes - 12 a 19.30 horas<br>Sábado - 12 a 19 horas<br>Domingo - Cerrado<br><br>Instagram: @verdepistach0<br><br>Nombre: ]]></description>
        <styleUrl>#icon-1577-FFEA00-labelson</styleUrl>
        <ExtendedData>
          <Data name="Nombre">
            <value/>
          </Data>
        </ExtendedData>
        <Point>
          <coordinates>
            -58.4464217,-34.5908332,0
          </coordinates>
        </Point>
      </Placemark>
      <Placemark>
        <name>Vichenzo Sin Tacc Monserrat</name>
        <description><![CDATA[-Tipo de comercio: Fábrica de pastas / Pastelería / Panadería<br><br>-Modalidad: Take away / Tienda Online<br><br>-Tipo de producto: Elaboración propia<br><br>-Materia prima: Certificada sin TACC<br><br>-Horarios de atención:<br>Lunes - 10 a 19 horas<br>Martes - 10 a 19 horas<br>Miércoles - 10 a 19 horas<br>Jueves - 10 a 19 horas<br>Viernes - 10 a 19 horas<br>Sábado - 10 a 14 horas<br>Domingo - Cerrado<br><br>Nombre: ]]></description>
        <styleUrl>#icon-1578-E65100-labelson</styleUrl>
        <ExtendedData>
          <Data name="Nombre">
            <value/>
          </Data>
        </ExtendedData>
        <Point>
          <coordinates>
            -58.383176,-34.6147207,0
          </coordinates>
        </Point>
      </Placemark>
      <Placemark>
        <name>Viejo Patrón</name>
        <description><![CDATA[-Tipo de comercio: Restaurante<br><br>-Modalidad: Salón / Take away / Delivery <br><br>-Tipo de producto: Elaboración propia<br><br>-Materia prima: Certificada sin TACC <br><br>-Nivel de cuidados: Cocina mixta con cuidados en contaminación cruzada<br><br>-Horarios de atención:<br>Lunes - 12 a 16 y 20 a 1 horas<br>Martes - 12 a 16 y 20 a 1 horas<br>Miércoles - 12 a 16 y 20 a 1 horas<br>Jueves - 12 a 16 y 20 a 1 horas<br>Viernes - 12 a 16 y 20 a 1 horas<br>Sábado - 12 a 16 y 20 a 1 horas<br>Domingo - 12 a 16 y 20 a 1 horas<br><br>Nombre: ]]></description>
        <styleUrl>#icon-1577-FFEA00-labelson</styleUrl>
        <ExtendedData>
          <Data name="Nombre">
            <value/>
          </Data>
        </ExtendedData>
        <Point>
          <coordinates>
            -58.5109197,-34.6441409,0
          </coordinates>
        </Point>
      </Placemark>
      <Placemark>
        <name>Villegas Restó</name>
        <description><![CDATA[-Tipo de comercio: Restaurante<br><br>-Modalidad: Salón / Take away / Delivery<br><br>-Tipo de producto: Elaboración propia<br><br>-Materia prima: Certificada sin TACC<br><br>-Nivel de cuidados: Cocina mixta con cuidados en contaminación cruzada<br><br>-Horarios de atención:<br>Lunes - 12 a 1 horas<br>Martes - 12 a 1 horas<br>Miércoles - 12 a 1 horas<br>Jueves - 12 a 1 horas<br>Viernes - 12 a 1 horas<br>Sábado - 12 a 1 horas<br>Domingo - 12 a 1 horas<br><br>Nombre: ]]></description>
        <styleUrl>#icon-1577-FFEA00-labelson</styleUrl>
        <ExtendedData>
          <Data name="Nombre">
            <value/>
          </Data>
        </ExtendedData>
        <Point>
          <coordinates>
            -58.3662485,-34.6097238,0
          </coordinates>
        </Point>
      </Placemark>
      <Placemark>
        <name>Whoopies</name>
        <description><![CDATA[-Tipo de comercio: Restaurante / Cafetería<br><br>-Modalidad: Salón / Take away / Delivery<br><br>-Tipo de producto: Elaboración propia<br><br>-Materia prima: Certificada sin TACC<br><br>-Nivel de cuidados: Cocina mixta con cuidados en contaminación cruzada<br><br>-Horarios de atención:<br>Lunes - 8.30 a 23.45 horas<br>Martes - 8.30 a 23.45 horas<br>Miércoles - 8.30 a 22 horas<br>Jueves - 8 a 23.45 horas<br>Viernes - 8 a 23.45 horas<br>Sábado - 8 a 23.45 horas<br>Domingo - 8 a 23.45 horas<br><br>Nombre: ]]></description>
        <styleUrl>#icon-1577-FFEA00-labelson</styleUrl>
        <ExtendedData>
          <Data name="Nombre">
            <value/>
          </Data>
        </ExtendedData>
        <Point>
          <coordinates>
            -58.4237798,-34.5830095,0
          </coordinates>
        </Point>
      </Placemark>
      <Placemark>
        <name>Whoopies</name>
        <description><![CDATA[-Tipo de comercio: Restaurante / Cafetería<br><br>-Modalidad: Salón / Take away / Delivery<br><br>-Tipo de producto: Elaboración propia<br><br>-Materia prima: Certificada sin TACC<br><br>-Nivel de cuidados: Cocina mixta con cuidados en contaminación cruzada<br><br>-Horarios de atención:<br>Lunes - 7.30 a 19 horas<br>Martes - 7.30 a 19 horas<br>Miércoles - 7.30 a 19 horas<br>Jueves - 7.30 a 19 horas<br>Viernes - 7.30 a 19 horas<br>Sábado - Cerrado<br>Domingo - Cerrado<br><br>Nombre: ]]></description>
        <styleUrl>#icon-1577-FFEA00-labelson</styleUrl>
        <ExtendedData>
          <Data name="Nombre">
            <value/>
          </Data>
        </ExtendedData>
        <Point>
          <coordinates>
            -58.3957664,-34.6010474,0
          </coordinates>
        </Point>
      </Placemark>
      <Placemark>
        <name>Whoopies</name>
        <description><![CDATA[-Tipo de comercio: Restaurante / Cafetería<br><br>-Modalidad: Salón / Take away / Delivery<br><br>-Tipo de producto: Elaboración propia<br><br>-Materia prima: Certificada sin TACC<br><br>-Nivel de cuidados: Cocina mixta con cuidados en contaminación cruzada<br><br>-Horarios de atención:<br>Lunes - 10 a 20.30 horas<br>Martes - 10 a 20.30 horas<br>Miércoles - 10 a 20.30 horas<br>Jueves - 10 a 20.30 horas<br>Viernes - 10 a 20.30 horas<br>Sábado - 10 a 21 horas<br>Domingo - 12 a 21 horas<br><br>Nombre: ]]></description>
        <styleUrl>#icon-1577-FFEA00-labelson</styleUrl>
        <ExtendedData>
          <Data name="Nombre">
            <value/>
          </Data>
        </ExtendedData>
        <Point>
          <coordinates>
            -58.439769,-34.594921,0
          </coordinates>
        </Point>
      </Placemark>
      <Placemark>
        <name>Whoopies sucursal Malabia</name>
        <description><![CDATA[-Tipo de comercio: Restaurante / Cafetería<br><br>-Modalidad: Salón / Take away / Delivery<br><br>-Tipo de producto: Elaboración propia<br><br>-Materia prima: Certificada sin TACC<br><br>-Nivel de cuidados: Cocina mixta con cuidados en contaminación cruzada<br><br>-Horarios de atención:<br>Lunes - 8.30 a 20 horas<br>Martes - 8.30 a 20 horas<br>Miércoles - 8.30 a 20 horas<br>Jueves - 8.30 a 20 horas<br>Viernes - 8.30 a 20 horas<br>Sábado - 8.30 a 20 horas<br>Domingo - 8.30 a 20 horas<br><br>Nombre: ]]></description>
        <styleUrl>#icon-1577-FFEA00-labelson</styleUrl>
        <ExtendedData>
          <Data name="Nombre">
            <value/>
          </Data>
        </ExtendedData>
        <Point>
          <coordinates>
            -58.4200674,-34.5861045,0
          </coordinates>
        </Point>
      </Placemark>
      <Placemark>
        <name>ZeroGluten Market</name>
        <description><![CDATA[-Tipo de comercio: Panadería<br><br>-Modalidad: Take away<br><br>-Tipo de producto: Elaboración propia<br><br>-Materia prima: Certificada sin TACC<br><br>-Nivel de cuidados: Cocina 100% libre de gluten<br><br>-Horarios de atención:<br>Lunes - 10 a 19 horas<br>Martes - 10 a 19 horas<br>Miércoles - 10 a 19 horas<br>Jueves - 10 a 19 horas<br>Viernes - 10 a 19 horas<br>Sábado - 10 a 18 horas<br>Domingo - Cerrado<br><br>Nombre: ]]></description>
        <styleUrl>#icon-1578-E65100-labelson</styleUrl>
        <ExtendedData>
          <Data name="Nombre">
            <value/>
          </Data>
        </ExtendedData>
        <Point>
          <coordinates>
            -58.436226,-34.6230104,0
          </coordinates>
        </Point>
      </Placemark>
      <Placemark>
        <name>Zero Gluten Pizza</name>
        <description><![CDATA[-Tipo de comercio: Pizzeria<br><br>-Modalidad: Take away / Delivery<br><br>-Tipo de producto: Elaboración propia<br><br>-Materia prima: Certificada sin TACC<br><br>-Nivel de cuidados: Cocina 100% libre de gluten<br><br>-Horarios de atención:<br>Lunes - Cerrado<br>Martes - 20 a 23 horas<br>Miércoles - 20 a 23 horas<br>Jueves - 20 a 23 horas<br>Viernes - 20 a 23 horas<br>Sábado - 20 a 23 horas<br>Domingo - 20 a 23 horas<br><br>Nombre: ]]></description>
        <styleUrl>#icon-1577-FFEA00-labelson</styleUrl>
        <ExtendedData>
          <Data name="Nombre">
            <value/>
          </Data>
        </ExtendedData>
        <Point>
          <coordinates>
            -58.4148254,-34.5848154,0
          </coordinates>
        </Point>
      </Placemark>
      <Placemark>
        <name>ZeroGluten Pizza</name>
        <description><![CDATA[-Tipo de comercio: Pizzeria<br><br>-Modalidad: Take away / Delivery<br><br>-Tipo de producto: Elaboración propia<br><br>-Materia prima: Certificada sin TACC<br><br>-Nivel de cuidados: Cocina 100% libre de gluten<br><br>-Horarios de atención:<br>Lunes - Cerrado<br>Martes - 20 a 23 horas<br>Miércoles - 20 a 23 horas<br>Jueves - 20 a 23 horas<br>Viernes - 20 a 23 horas<br>Sábado - 20 a 23 horas<br>Domingo - 20 a 23 horas<br><br>Nombre: ]]></description>
        <styleUrl>#icon-1577-FFEA00-labelson</styleUrl>
        <ExtendedData>
          <Data name="Nombre">
            <value/>
          </Data>
        </ExtendedData>
        <Point>
          <coordinates>
            -58.4704435,-34.5775054,0
          </coordinates>
        </Point>
      </Placemark>
      <Placemark>
        <name>Zero Gluten Pizza</name>
        <description><![CDATA[-Tipo de comercio: Restaurante / Pizzeria<br><br>-Modalidad: Salón / Take away / Delivery <br><br>-Tipo de producto: Elaboración propia <br><br>-Materia prima: Certificada sin TACC<br><br>-Cocina: Cocina 100% libre de gluten<br><br>-Horarios de atención:<br>Lunes - Cerrado<br>Martes - 12 a 15 y 20 a 23 horas<br>Miércoles - 12 a 15 y 20 a 23 horas<br>Jueves - 12 a 15 y 20 a 23 horas<br>Viernes - 12 a 15 y 20 a 23 horas<br>Sábado - 12 a 15 y 20 a 23 horas<br>Domingo - 20 a 23 horas<br><br>Nombre: ]]></description>
        <styleUrl>#icon-1577-FFEA00-labelson</styleUrl>
        <ExtendedData>
          <Data name="Nombre">
            <value/>
          </Data>
        </ExtendedData>
        <Point>
          <coordinates>
            -58.4304149,-34.6113507,0
          </coordinates>
        </Point>
      </Placemark>
      <Placemark>
        <name>Zeta Café</name>
        <description><![CDATA[-Tipo de comercio: Cafetería<br><br>-En el comercio se venden productos con gluten también<br><br>-Tipo de producto: Productos marca Tout Gluten Free<br><br>-Nivel de cuidados: Se sirve cerrado como lo envía el proveedor<br><br>-Modalidad: Consumo en salón/ Take away<br><br>-Horarios de atención:<br>Lunes - 8 a 20 horas<br>Martes - 8 a 20 horas<br>Miércoles - 8 a 20 horas<br>Jueves - 8 a 20 horas<br>Viernes - 8 a 20 horas<br>Sábado - 9 a 20 horas<br>Domingo - 9 a 20 horas<br>Feriados - 9 a 20 horas<br><br>Instagram: @zeta_cafe_<br><br>Nombre: ]]></description>
        <styleUrl>#icon-1577-FFEA00-labelson</styleUrl>
        <ExtendedData>
          <Data name="Nombre">
            <value/>
          </Data>
        </ExtendedData>
        <Point>
          <coordinates>
            -58.4530178,-34.6284653,0
          </coordinates>
        </Point>
      </Placemark>
    </Folder>
    <Folder>
      <name>Provincia de Buenos Aires</name>
      <Placemark>
        <name>12 Copas</name>
        <description><![CDATA[-Tipo de comercio: Restaurante a puertas cerradas<br><br>-Modalidad: Salón<br><br>-Tipo de producto: Elaboración propia<br><br>-Materia prima: Certificada sin gluten<br><br>-Cocina: Cocina 100% libre de gluten<br><br>-Horarios de atención:<br>Días de apertura publicadas en Instagram. Solo por la noche.<br><br>Instagram: @12copasrestauranteglutenfree <br><br>Descripción: <br>nombre: ]]></description>
        <styleUrl>#icon-1577-FFEA00-labelson</styleUrl>
        <ExtendedData>
          <Data name="Descripción">
            <value/>
          </Data>
          <Data name="nombre">
            <value/>
          </Data>
        </ExtendedData>
        <Point>
          <coordinates>
            -59.1103268,-34.5854306,0
          </coordinates>
        </Point>
      </Placemark>
      <Placemark>
        <name>3Dragones Express</name>
        <description><![CDATA[-Tipo de comercio: Restaurante <br><br>-Modalidad: Take away <br><br>-Tipo de producto: Elaboración propia <br><br>-Materia prima: Certificada sin TACC <br><br>-Nivel de cuidados: Cocina 100% libre de gluten <br><br>-Horarios de atención:<br>Lunes - 10 a 23 horas<br>Martes - 10 a 23 horas<br>Miércoles - 10 a 23 horas<br>Jueves - 10 a 23 horas<br>Viernes - 10 a 23.30 horas<br>Sábado - 10 a 23.30 horas<br>Domingo - 17 a 23 horas<br>Feriados - 17 a 23 horas<br><br>Descripción: <br>nombre: ]]></description>
        <styleUrl>#icon-1578-E65100-labelson</styleUrl>
        <ExtendedData>
          <Data name="Descripción">
            <value/>
          </Data>
          <Data name="nombre">
            <value/>
          </Data>
        </ExtendedData>
        <Point>
          <coordinates>
            -58.3193585,-34.701491,0
          </coordinates>
        </Point>
      </Placemark>
      <Placemark>
        <name>3Dragones Express</name>
        <description><![CDATA[-Tipo de comercio: Restaurante <br><br>-Modalidad: Salón / Take away <br><br>-Tipo de producto: Elaboración propia <br><br>-Materia prima: Certificada sin TACC <br><br>-Nivel de cuidados: Cocina 100% libre de gluten <br><br>-Horarios de atención:<br>Lunes - 10 a 23 horas<br>Martes - 10 a 23 horas<br>Miércoles - 10 a 23 horas<br>Jueves - 10 a 23 horas<br>Viernes - 10 a 23.30 horas<br>Sábado - 10 a 23.30 horas<br>Domingo - 17 a 23 horas<br>Feriados - 17 a 23 horas<br><br>Descripción: <br>nombre: ]]></description>
        <styleUrl>#icon-1577-FFEA00-labelson</styleUrl>
        <ExtendedData>
          <Data name="Descripción">
            <value/>
          </Data>
          <Data name="nombre">
            <value/>
          </Data>
        </ExtendedData>
        <Point>
          <coordinates>
            -58.2830481,-34.7112841,0
          </coordinates>
        </Point>
      </Placemark>
      <Placemark>
        <name>6315 Bistro y Catering Gluten free</name>
        <description><![CDATA[-Tipo de comercio: Restaurante<br><br>-Modalidad: Salón / Take away<br><br>-Tipo de producto: Elaboración propia<br><br>-Materia prima: Certificada sin TACC<br><br>-Nivel de cuidados: Cocina 100% libre de gluten<br><br>Comentario del lugar: "Hacemos catering sin TACC también".<br><br>-Horarios de atención:<br>Lunes - 8 a 19.30 horas<br>Martes - 8 a 19.30 horas<br>Miércoles - 8 a 19.30 horas<br>Jueves - 8 a 19.30 horas<br>Viernes - 8 a 19.30 horas<br>Sábado - 8 a 19.30 horas<br>Domingo - Cerrado<br><br>Descripción: <br>nombre: ]]></description>
        <styleUrl>#icon-1577-FFEA00-labelson</styleUrl>
        <ExtendedData>
          <Data name="Descripción">
            <value/>
          </Data>
          <Data name="nombre">
            <value/>
          </Data>
        </ExtendedData>
        <Point>
          <coordinates>
            -58.8658824,-34.6050164,0
          </coordinates>
        </Point>
      </Placemark>
      <Placemark>
        <name><![CDATA[Alaia Sin Tacc-Tienda & Café]]></name>
        <description><![CDATA[-Tipo de comercio: Cafetería<br><br>-Modalidad: Salón / Take away<br><br>-Tipo de producto: Elaboración propia <br><br>-Materia prima: Certificada sin TACC<br><br>-Nivel de cuidados: Cocina 100% libre de gluten<br><br>-Horarios de atención:<br>Lunes - Cerrado<br>Martes - 10 a 18 horas<br>Miércoles - 10 a 18 horas<br>Jueves - 10 a 18 horas<br>Viernes - 10 a 18 horas<br>Sábado - 11 a 19 horas<br>Domingo - Cerrado<br><br>Descripción: <br>nombre: ]]></description>
        <styleUrl>#icon-1577-FFEA00-labelson</styleUrl>
        <ExtendedData>
          <Data name="Descripción">
            <value/>
          </Data>
          <Data name="nombre">
            <value/>
          </Data>
        </ExtendedData>
        <Point>
          <coordinates>
            -58.6234049,-34.6515453,0
          </coordinates>
        </Point>
      </Placemark>
      <Placemark>
        <name>Almacen de Pizzas</name>
        <description><![CDATA[-Tipo de comercio: Pizzería<br><br>-Modalidad: Salón / Take away / Delivery<br><br>-Tipo de producto: Productos marca Glufreez; en sucursal se les agregan los ingredientes y se cocinan<br><br>-Nivel de cuidados: Cocina mixta con cuidados para evitar la contaminación cruzada<br><br>-Horarios de atención:<br>Lunes - 10 a 0 horas<br>Martes - 10 a 0 horas<br>Miércoles - 10 a 0 horas<br>Jueves - 10 a 0 horas<br>Viernes - 10 a 0 horas<br>Sábado - 10 a 0 horas<br>Domingo - 10 a 0 horas<br><br>Descripción: <br>nombre: ]]></description>
        <styleUrl>#icon-1577-FFEA00-labelson</styleUrl>
        <ExtendedData>
          <Data name="Descripción">
            <value/>
          </Data>
          <Data name="nombre">
            <value/>
          </Data>
        </ExtendedData>
        <Point>
          <coordinates>
            -58.524078,-34.506696,0
          </coordinates>
        </Point>
      </Placemark>
      <Placemark>
        <name>Almacén de Pizzas</name>
        <description><![CDATA[-Tipo de comercio: Pizzería<br><br>-Modalidad: Salón / Take away / Delivery<br><br>-Tipo de producto: Productos marca Glufreez; en sucursal se les agregan los ingredientes y se cocinan<br><br>-Nivel de cuidados: Cocina mixta con cuidados para evitar la contaminación cruzada<br><br>-Horarios de atención:<br>Lunes - 9 a 0 horas<br>Martes - 9 a 0 horas<br>Miércoles - 9 a 0 horas<br>Jueves - 9 a 0 horas<br>Viernes - 9 a 1 horas<br>Sábado - 9 a 1 horas<br>Domingo - 9 a 0 horas<br><br>Descripción: <br>nombre: Almacén de Pizzas - Nordelta]]></description>
        <styleUrl>#icon-1577-FFEA00-labelson</styleUrl>
        <ExtendedData>
          <Data name="Descripción">
            <value/>
          </Data>
          <Data name="nombre">
            <value>Almacén de Pizzas - Nordelta</value>
          </Data>
        </ExtendedData>
        <Point>
          <coordinates>
            -58.6536238,-34.3994708,0
          </coordinates>
        </Point>
      </Placemark>
      <Placemark>
        <name>Almacén de Pizzas </name>
        <description><![CDATA[-Tipo de comercio: Pizzería<br><br>-Modalidad: Salón / Take away / Delivery<br><br>-Tipo de producto: Productos marca Glufreez; en sucursal se les agregan los ingredientes y se cocinan<br><br>-Nivel de cuidados: Cocina mixta con cuidados para evitar la contaminación cruzada<br><br>-Horarios de atención:<br>Lunes - 9 a 0 horas<br>Martes - 9 a 0 horas<br>Miércoles - 9 a 0 horas<br>Jueves - 9 a 0 horas<br>Viernes - 11 a 1 horas<br>Sábado - 11 a 1 horas<br>Domingo - 9 a 0 horas<br><br>Descripción: <br>nombre: ]]></description>
        <styleUrl>#icon-1577-FFEA00-labelson</styleUrl>
        <ExtendedData>
          <Data name="Descripción">
            <value/>
          </Data>
          <Data name="nombre">
            <value/>
          </Data>
        </ExtendedData>
        <Point>
          <coordinates>
            -58.8738871,-34.4425567,0
          </coordinates>
        </Point>
      </Placemark>
      <Placemark>
        <name>Almacén de Pizzas</name>
        <description><![CDATA[-Tipo de comercio: Pizzería<br><br>-Modalidad: Salón / Take away / Delivery<br><br>-Tipo de producto: Productos marca Glufreez; en sucursal se les agregan los ingredientes y se cocinan<br><br>-Nivel de cuidados: Cocina mixta con cuidados para evitar la contaminación cruzada<br><br>-Horarios de atención:<br>Lunes - 10 a 0 horas<br>Martes - 10 a 0 horas<br>Miércoles - 10 a 0 horas<br>Jueves - 10 a 0 horas<br>Viernes - 10 a 1 horas<br>Sábado - 10 a 1 horas<br>Domingo - 10 a 0 horas<br><br>Descripción: <br>nombre: ]]></description>
        <styleUrl>#icon-1577-FFEA00-labelson</styleUrl>
        <ExtendedData>
          <Data name="Descripción">
            <value/>
          </Data>
          <Data name="nombre">
            <value/>
          </Data>
        </ExtendedData>
        <Point>
          <coordinates>
            -58.726871,-34.4521109,0
          </coordinates>
        </Point>
      </Placemark>
      <Placemark>
        <name>Almacén de Pizzas - Al Rio</name>
        <description><![CDATA[-Tipo de comercio: Pizzería<br><br>-Modalidad: Salón / Take away / Delivery<br><br>-Tipo de producto: Productos marca Glufreez; en sucursal se les agregan los ingredientes y se cocinan<br><br>-Nivel de cuidados: Cocina mixta con cuidados para evitar la contaminación cruzada<br><br>-Horarios de atención:<br>Lunes - 9 a 0 horas<br>Martes - 9 a 0 horas<br>Miércoles - 9 a 0 horas<br>Jueves - 9 a 0 horas<br>Viernes - 9 a 1 horas<br>Sábado - 9 a 1 horas<br>Domingo - 9 a 0 horas<br><br>Descripción: <br>nombre: ]]></description>
        <styleUrl>#icon-1577-FFEA00-labelson</styleUrl>
        <ExtendedData>
          <Data name="Descripción">
            <value/>
          </Data>
          <Data name="nombre">
            <value/>
          </Data>
        </ExtendedData>
        <Point>
          <coordinates>
            -58.4675575,-34.5335934,0
          </coordinates>
        </Point>
      </Placemark>
      <Placemark>
        <name>Almacen de Pizzas - Parque Leloir</name>
        <description><![CDATA[-Tipo de comercio: Pizzería<br><br>-Modalidad: Salón / Take away / Delivery<br><br>-Tipo de producto: Productos marca Glufreez; en sucursal se les agregan los ingredientes y se cocinan<br><br>-Nivel de cuidados: Cocina mixta con cuidados para evitar la contaminación cruzada<br><br>-Horarios de atención:<br>Lunes - 11 a 0.30 horas<br>Martes - 11 a 0.30 horas<br>Miércoles - 11 a 0.30 horas<br>Jueves - 11 a 0.30 horas<br>Viernes - 10 a 1.30 horas<br>Sábado - 10 a 1.30 horas<br>Domingo - 11 a 0.30 horas<br><br>Descripción: <br>nombre: ]]></description>
        <styleUrl>#icon-1577-FFEA00-labelson</styleUrl>
        <ExtendedData>
          <Data name="Descripción">
            <value/>
          </Data>
          <Data name="nombre">
            <value/>
          </Data>
        </ExtendedData>
        <Point>
          <coordinates>
            -58.6945715,-34.626374,0
          </coordinates>
        </Point>
      </Placemark>
      <Placemark>
        <name>Almacén de Pizzas Terrazas de Mayo</name>
        <description><![CDATA[-Tipo de comercio: Pizzería<br><br>-Modalidad: Salón / Take away / Delivery<br><br>-Tipo de producto: Productos marca Glufreez; en sucursal se les agregan los ingredientes y se cocinan<br><br>-Nivel de cuidados: Cocina mixta con cuidados para evitar la contaminación cruzada<br><br>-Horarios de atención:<br>Lunes - 10 a 23.30 horas<br>Martes - 10 a 23.30 horas<br>Miércoles - 10 a 23.30 horas<br>Jueves - 10 a 23.30 horas<br>Viernes - 10 a 1 horas<br>Sábado - 10 a 1 horas<br>Domingo - 10 a 23.30 horas<br><br>Descripción: <br>nombre: ]]></description>
        <styleUrl>#icon-1577-FFEA00-labelson</styleUrl>
        <ExtendedData>
          <Data name="Descripción">
            <value/>
          </Data>
          <Data name="nombre">
            <value/>
          </Data>
        </ExtendedData>
        <Point>
          <coordinates>
            -58.7036775,-34.5311876,0
          </coordinates>
        </Point>
      </Placemark>
      <Placemark>
        <name>Annaba Cafe</name>
        <description><![CDATA[-Tipo de comercio: Cafetería<br><br>-Modalidad: Salón / Take away / Delivery <br><br>-Tipo de producto: Productos marca Lovely Cakes Sin TACC<br><br>-Materia prima: Certificada sin TACC <br><br>-Nivel de cuidados: Cocina mixta con cuidados en contaminación cruzada<br><br>-Horarios de atención:<br>Lunes - 7.30 a 20 horas<br>Martes - 7.30 a 20 horas<br>Miércoles - 7.30 a 20 horas<br>Jueves - 7.30 a 20 horas<br>Viernes - 7.30 a 20 horas<br>Sábado - 7.30 a 20 horas<br>Domingo - Cerrado<br><br>Descripción: <br>nombre: ]]></description>
        <styleUrl>#icon-1577-FFEA00-labelson</styleUrl>
        <ExtendedData>
          <Data name="Descripción">
            <value/>
          </Data>
          <Data name="nombre">
            <value/>
          </Data>
        </ExtendedData>
        <Point>
          <coordinates>
            -58.3615739,-34.6645842,0
          </coordinates>
        </Point>
      </Placemark>
      <Placemark>
        <name>ArteSanas</name>
        <description><![CDATA[-Tipo de comercio: Restaurante<br><br>-Tipo de producto: Elaboración propia <br><br>-Materia prima: Certificada sin gluten<br><br>-Cocina: Cocina 100% libre de gluten<br><br>-Modalidad: Consumo en salón / Delivery propio / Envío por app / Take away<br><br>-Horarios de atención:<br>Lunes - Cerrado<br>Martes - 11 a 14.30 y 18 a 23.30 horas<br>Miércoles - 11 a 14.30 y 18 a 23.30 horas<br>Jueves - 11 a 14.30 y 18 a 23.30 horas<br>Viernes - 11 a 14.30 y 18 a 23.30 horas<br>Sábado - 13 a 23.30 horas<br>Domingo - 19 a 23 horas<br><br>Instagram: @alimentosartesanas<br><br>Descripción: <br>nombre: ]]></description>
        <styleUrl>#icon-1577-FFEA00-labelson</styleUrl>
        <ExtendedData>
          <Data name="Descripción">
            <value/>
          </Data>
          <Data name="nombre">
            <value/>
          </Data>
        </ExtendedData>
        <Point>
          <coordinates>
            -58.5631556,-34.5991982,0
          </coordinates>
        </Point>
      </Placemark>
      <Placemark>
        <name>Artes y Delicias- Exclusivo sin tacc. Apto para todos</name>
        <description><![CDATA[-Tipo de comercio: Despacho / Almacén<br><br>-Tipo de producto: Elaboración propia<br><br>-Materia prima: Certificada sin gluten<br><br>-Cocina: Cocina 100% libre de gluten<br><br>-Modalidad: Delivery propio / Envío por app / Take away / Tienda online<br><br>-Horarios de atención:<br>Lunes - Cerrado<br>Martes - 10.30 a 13.30 y 17 a 23 horas<br>Miércoles - 10.30 a 13.30 y 17 a 23 horas<br>Jueves - 10.30 a 13.30 y 17 a 23 horas<br>Viernes - 10.30 a 13.30 y 17 a 23 horas<br>Sábado - 10.30 a 13.30 y 17 a 23 horas<br>Domingo - Cerrado<br><br>Instagram: @artesydelicias<br><br>Descripción: <br>nombre: ]]></description>
        <styleUrl>#icon-1578-E65100-labelson</styleUrl>
        <ExtendedData>
          <Data name="Descripción">
            <value/>
          </Data>
          <Data name="nombre">
            <value/>
          </Data>
        </ExtendedData>
        <Point>
          <coordinates>
            -58.5693591,-34.6381704,0
          </coordinates>
        </Point>
      </Placemark>
      <Placemark>
        <name>Athor Bar</name>
        <description><![CDATA[-Tipo de comercio: Bar / Restaurante<br><br>-Modalidad: Salón / Delivery<br><br>-Tipo de producto: Elaboración propia<br><br>-Materia prima: Certificada sin TACC<br><br>-Nivel de cuidados: Cocina 100% libre de gluten (donde se elaboran los alimentos, sin embargo también venden con gluten que se elaboran en otra cocina).<br><br>-Horarios de atención:<br>Lunes - 17 a 1 horas<br>Martes - 17 a 1 horas<br>Miércoles - 17 a 1 horas<br>Jueves - 17 a 1 horas<br>Viernes - 17 a 4.30 horas (cocina hasta las 2)<br>Sábado - 17 a 4.30 horas (cocina hasta las 2)<br>Domingo - 17 a 1 horas<br><br>Descripción: <br>nombre: ]]></description>
        <styleUrl>#icon-1577-FFEA00-labelson</styleUrl>
        <ExtendedData>
          <Data name="Descripción">
            <value/>
          </Data>
          <Data name="nombre">
            <value/>
          </Data>
        </ExtendedData>
        <Point>
          <coordinates>
            -58.5137879,-34.5311081,0
          </coordinates>
        </Point>
      </Placemark>
      <Placemark>
        <name>BABIA</name>
        <description><![CDATA[-Tipo de comercio: Centro Cultural<br><br>-Tipo de producto: Elaboración propia<br><br>-Materia prima: Certificada sin gluten<br><br>-Cocina: Cocina 100% libre de gluten<br><br>-Modalidad: Consumo en salón<br><br>-Horarios de atención:<br>La barra de nuestro Centro Cultural está abierta durante los horarios de eventos. En nuestras redes se va actualizando la información semana a semana.<br><br>Instagram: @vivoenbabia<br><br>Descripción: <br>nombre: ]]></description>
        <styleUrl>#icon-1577-FFEA00-labelson</styleUrl>
        <ExtendedData>
          <Data name="Descripción">
            <value/>
          </Data>
          <Data name="nombre">
            <value/>
          </Data>
        </ExtendedData>
        <Point>
          <coordinates>
            -58.3953706,-34.7206272,0
          </coordinates>
        </Point>
      </Placemark>
      <Placemark>
        <name>Bierhaus El Viejo Castillo</name>
        <description><![CDATA[-Tipo de comercio: Restaurante<br><br>-Modalidad: Salón / Take Away<br><br>-Tipo de producto: Elaboración propia<br><br>-Materia prima: Certificada sin TACC<br><br>-Nivel de cuidados: Cocina mixta con cuidados en contaminación cruzada<br><br>-Horarios de atención:<br>Lunes - Cerrado<br>Martes - Cerrado<br>Miércoles - desde las 20 horas<br>Jueves - desde las 20 horas<br>Viernes - desde las 20 horas<br>Sábado - desde las 20 horas<br>Domingo - Cerrado<br><br>Descripción: <br>nombre: ]]></description>
        <styleUrl>#icon-1577-FFEA00-labelson</styleUrl>
        <ExtendedData>
          <Data name="Descripción">
            <value/>
          </Data>
          <Data name="nombre">
            <value/>
          </Data>
        </ExtendedData>
        <Point>
          <coordinates>
            -58.5642937,-34.5411704,0
          </coordinates>
        </Point>
      </Placemark>
      <Placemark>
        <name>Big Pons Lanus</name>
        <description><![CDATA[-Tipo de comercio: Hamburguesería<br><br>-En el comercio se venden productos con gluten también<br><br><br>-Tipo de producto: Elaboración propia<br><br>-Materia prima: Certificada sin gluten<br><br>-Cocina: Cocina mixta con cuidados en contaminación cruzada<br><br>-Cuidados para evitar la CC: Utensilios exclusivos para la cocción de los alimentos sin gluten / Personal con conocimiento en la manipulación de estos alimentos<br><br>-Modalidad: Consumo en salón / Envío por app / Take away<br><br>-Horarios de atención:<br>Lunes - 12 a 0 horas<br>Martes - 12 a 0 horas<br>Miércoles - 12 a 0 horas<br>Jueves - 12 a 0 horas<br>Viernes - 12 a 0 horas<br>Sábado - 12 a 0 horas<br>Domingo - 12 a 0 horas<br><br>Instagram: @big.pons<br><br>Descripción: <br>nombre: ]]></description>
        <styleUrl>#icon-1577-FFEA00-labelson</styleUrl>
        <ExtendedData>
          <Data name="Descripción">
            <value/>
          </Data>
          <Data name="nombre">
            <value/>
          </Data>
        </ExtendedData>
        <Point>
          <coordinates>
            -58.3934484,-34.7012186,0
          </coordinates>
        </Point>
      </Placemark>
      <Placemark>
        <name>Big Pons Lomitas</name>
        <description><![CDATA[-Tipo de comercio: Hamburguesería<br><br>-En el comercio se venden productos con gluten también<br><br><br>-Tipo de producto: Elaboración propia<br><br>-Materia prima: Certificada sin gluten<br><br>-Cocina: Cocina mixta con cuidados en contaminación cruzada<br><br>-Cuidados para evitar la CC: Utensilios exclusivos para la cocción de los alimentos sin gluten / Personal con conocimiento en la manipulación de estos alimentos<br><br>-Modalidad: Consumo en salón / Envío por app / Take away<br><br>-Horarios de atención:<br>Lunes - 12 a 0 horas<br>Martes - 12 a 0 horas<br>Miércoles - 12 a 0 horas<br>Jueves - 12 a 0 horas<br>Viernes - 12 a 0 horas<br>Sábado - 12 a 0 horas<br>Domingo - 12 a 0 horas<br><br>Instagram: @big.pons<br><br>Descripción: <br>nombre: ]]></description>
        <styleUrl>#icon-1577-FFEA00-labelson</styleUrl>
        <ExtendedData>
          <Data name="Descripción">
            <value/>
          </Data>
          <Data name="nombre">
            <value/>
          </Data>
        </ExtendedData>
        <Point>
          <coordinates>
            -58.4022772,-34.7660167,0
          </coordinates>
        </Point>
      </Placemark>
      <Placemark>
        <name>Big Pons Nordelta</name>
        <description><![CDATA[-Tipo de comercio: Hamburguesería<br><br>-En el comercio se venden productos con gluten también<br><br><br>-Tipo de producto: Elaboración propia<br><br>-Materia prima: Certificada sin gluten<br><br>-Cocina: Cocina mixta con cuidados en contaminación cruzada<br><br>-Cuidados para evitar la CC: Utensilios exclusivos para la cocción de los alimentos sin gluten / Personal con conocimiento en la manipulación de estos alimentos<br><br>-Modalidad: Consumo en salón / Envío por app / Take away<br><br>-Horarios de atención:<br>Lunes - 12 a 0 horas<br>Martes - 12 a 0 horas<br>Miércoles - 12 a 0 horas<br>Jueves - 12 a 0 horas<br>Viernes - 12 a 0 horas<br>Sábado - 12 a 0 horas<br>Domingo - 12 a 0 horas<br><br>Instagram: @big.pons<br><br>Descripción: <br>nombre: ]]></description>
        <styleUrl>#icon-1577-FFEA00-labelson</styleUrl>
        <ExtendedData>
          <Data name="Descripción">
            <value/>
          </Data>
          <Data name="nombre">
            <value/>
          </Data>
        </ExtendedData>
        <Point>
          <coordinates>
            -58.6532851,-34.3994111,0
          </coordinates>
        </Point>
      </Placemark>
      <Placemark>
        <name>Big Pons Parque Leloir</name>
        <description><![CDATA[-Tipo de comercio: Hamburguesería<br><br>-En el comercio se venden productos con gluten también<br><br><br>-Tipo de producto: Elaboración propia<br><br>-Materia prima: Certificada sin gluten<br><br>-Cocina: Cocina mixta con cuidados en contaminación cruzada<br><br>-Cuidados para evitar la CC: Utensilios exclusivos para la cocción de los alimentos sin gluten / Personal con conocimiento en la manipulación de estos alimentos<br><br>-Modalidad: Consumo en salón / Envío por app / Take away<br><br>-Horarios de atención:<br>Lunes - 12 a 0 horas<br>Martes - 12 a 0 horas<br>Miércoles - 12 a 0 horas<br>Jueves - 12 a 0 horas<br>Viernes - 12 a 0 horas<br>Sábado - 12 a 0 horas<br>Domingo - 12 a 0 horas<br><br>Instagram: @big.pons<br><br>Descripción: <br>nombre: ]]></description>
        <styleUrl>#icon-1577-FFEA00-labelson</styleUrl>
        <ExtendedData>
          <Data name="Descripción">
            <value/>
          </Data>
          <Data name="nombre">
            <value/>
          </Data>
        </ExtendedData>
        <Point>
          <coordinates>
            -58.6952894,-34.6253715,0
          </coordinates>
        </Point>
      </Placemark>
      <Placemark>
        <name>Big Pons Pilar</name>
        <description><![CDATA[-Tipo de comercio: Hamburguesería<br><br>-En el comercio se venden productos con gluten también<br><br><br>-Tipo de producto: Elaboración propia<br><br>-Materia prima: Certificada sin gluten<br><br>-Cocina: Cocina mixta con cuidados en contaminación cruzada<br><br>-Cuidados para evitar la CC: Utensilios exclusivos para la cocción de los alimentos sin gluten / Personal con conocimiento en la manipulación de estos alimentos<br><br>-Modalidad: Consumo en salón / Envío por app / Take away<br><br>-Horarios de atención:<br>Lunes - 11.30 a 23.30 horas<br>Martes - 11.30 a 23.30 horas<br>Miércoles - 11.30 a 23.30 horas<br>Jueves - 11.30 a 23.30 horas<br>Viernes - 11.30 a 23.30 horas<br>Sábado - 11.30 a 23.30 horas<br>Domingo - 11.30 a 23.30 horas<br><br>Instagram: @big.pons<br><br>Descripción: <br>nombre: ]]></description>
        <styleUrl>#icon-1577-FFEA00-labelson</styleUrl>
        <ExtendedData>
          <Data name="Descripción">
            <value/>
          </Data>
          <Data name="nombre">
            <value/>
          </Data>
        </ExtendedData>
        <Point>
          <coordinates>
            -58.8332063,-34.4298133,0
          </coordinates>
        </Point>
      </Placemark>
      <Placemark>
        <name>Big Pons Plaza Oeste</name>
        <description><![CDATA[-Tipo de comercio: Hamburguesería<br><br>-En el comercio se venden productos con gluten también<br><br><br>-Tipo de producto: Elaboración propia<br><br>-Materia prima: Certificada sin gluten<br><br>-Cocina: Cocina mixta con cuidados en contaminación cruzada<br><br>-Cuidados para evitar la CC: Utensilios exclusivos para la cocción de los alimentos sin gluten / Personal con conocimiento en la manipulación de estos alimentos<br><br>-Modalidad: Consumo en salón / Envío por app / Take away<br><br>-Horarios de atención:<br>Lunes - 12 a 23 horas<br>Martes - 12 a 23 horas<br>Miércoles - 12 a 23 horas<br>Jueves - 12 a 23 horas<br>Viernes - 12 a 23 horas<br>Sábado - 12 a 23 horas<br>Domingo - 12 a 23 horas<br><br>Instagram: @big.pons<br><br>Descripción: <br>nombre: ]]></description>
        <styleUrl>#icon-1577-FFEA00-labelson</styleUrl>
        <ExtendedData>
          <Data name="Descripción">
            <value/>
          </Data>
          <Data name="nombre">
            <value/>
          </Data>
        </ExtendedData>
        <Point>
          <coordinates>
            -58.6293557,-34.6349862,0
          </coordinates>
        </Point>
      </Placemark>
      <Placemark>
        <name>Big Pons San Isidro</name>
        <description><![CDATA[-Tipo de comercio: Hamburguesería<br><br>-En el comercio se venden productos con gluten también<br><br><br>-Tipo de producto: Elaboración propia<br><br>-Materia prima: Certificada sin gluten<br><br>-Cocina: Cocina mixta con cuidados en contaminación cruzada<br><br>-Cuidados para evitar la CC: Utensilios exclusivos para la cocción de los alimentos sin gluten / Personal con conocimiento en la manipulación de estos alimentos<br><br>-Modalidad: Consumo en salón / Envío por app / Take away<br><br>-Horarios de atención:<br>Lunes - 12 a 0 horas<br>Martes - 12 a 0 horas<br>Miércoles - 12 a 0 horas<br>Jueves - 12 a 0 horas<br>Viernes - 12 a 0 horas<br>Sábado - 12 a 0 horas<br>Domingo - 12 a 0 horas<br><br>Instagram: @big.pons<br><br>Descripción: <br>nombre: ]]></description>
        <styleUrl>#icon-1577-FFEA00-labelson</styleUrl>
        <ExtendedData>
          <Data name="Descripción">
            <value/>
          </Data>
          <Data name="nombre">
            <value/>
          </Data>
        </ExtendedData>
        <Point>
          <coordinates>
            -58.497526,-34.477402,0
          </coordinates>
        </Point>
      </Placemark>
      <Placemark>
        <name>Big Pons San Miguel</name>
        <description><![CDATA[-Tipo de comercio: Hamburguesería<br><br>-En el comercio se venden productos con gluten también<br><br><br>-Tipo de producto: Elaboración propia<br><br>-Materia prima: Certificada sin gluten<br><br>-Cocina: Cocina mixta con cuidados en contaminación cruzada<br><br>-Cuidados para evitar la CC: Utensilios exclusivos para la cocción de los alimentos sin gluten / Personal con conocimiento en la manipulación de estos alimentos<br><br>-Modalidad: Consumo en salón / Envío por app / Take away<br><br>-Horarios de atención:<br>Lunes - 12 a 0 horas<br>Martes - 12 a 0 horas<br>Miércoles - 12 a 0 horas<br>Jueves - 12 a 0 horas<br>Viernes - 12 a 0 horas<br>Sábado - 12 a 0 horas<br>Domingo - 12 a 0 horas<br><br>Instagram: @big.pons<br><br>Descripción: <br>nombre: ]]></description>
        <styleUrl>#icon-1577-FFEA00-labelson</styleUrl>
        <ExtendedData>
          <Data name="Descripción">
            <value/>
          </Data>
          <Data name="nombre">
            <value/>
          </Data>
        </ExtendedData>
        <Point>
          <coordinates>
            -58.7075462,-34.5436554,0
          </coordinates>
        </Point>
      </Placemark>
      <Placemark>
        <name>Big Pons Unicenter</name>
        <description><![CDATA[-Tipo de comercio: Hamburguesería<br><br>-En el comercio se venden productos con gluten también<br><br><br>-Tipo de producto: Elaboración propia<br><br>-Materia prima: Certificada sin gluten<br><br>-Cocina: Cocina mixta con cuidados en contaminación cruzada<br><br>-Cuidados para evitar la CC: Utensilios exclusivos para la cocción de los alimentos sin gluten / Personal con conocimiento en la manipulación de estos alimentos<br><br>-Modalidad: Consumo en salón / Envío por app / Take away<br><br>-Horarios de atención:<br>Lunes - 11.30 a 0 horas<br>Martes - 11.30 a 0 horas<br>Miércoles - 11.30 a 0 horas<br>Jueves - 11.30 a 0 horas<br>Viernes - 11.30 a 0 horas<br>Sábado - 11.30 a 0 horas<br>Domingo - 11.30 a 0 horas<br><br>Instagram: @big.pons<br><br>Descripción: <br>nombre: ]]></description>
        <styleUrl>#icon-1577-FFEA00-labelson</styleUrl>
        <ExtendedData>
          <Data name="Descripción">
            <value/>
          </Data>
          <Data name="nombre">
            <value/>
          </Data>
        </ExtendedData>
        <Point>
          <coordinates>
            -58.52321,-34.5086233,0
          </coordinates>
        </Point>
      </Placemark>
      <Placemark>
        <name>Bodegon Uribe</name>
        <description><![CDATA[-Tipo de comercio: Restaurante<br><br>-Tipo de producto: Elaboración propia <br><br>-Materia prima: Certificada sin gluten<br><br>-Cocina: Cocina mixta con cuidados en contaminación cruzada<br><br>-Cuidados para evitar la CC: Utensilios exclusivos para la cocción de los alimentos sin gluten / Horno aparte para los alimentos sin gluten / Personal con conocimiento en la manipulación de estos alimentos<br><br>-Modalidad: Consumo en salón / Take away<br><br>-Horarios de atención:<br>Lunes - Cerrado<br>Martes - Cerrado<br>Miércoles - Cerrado<br>Jueves - Cerrado<br>Viernes - Cerrado<br>Sábado - 10 a 19 horas<br>Domingo - 10 a 19 horas<br>Feriados: Domingo - 10 a 19 horas<br><br>Instagram: @bodegonuribe<br><br>Descripción: <br>nombre: ]]></description>
        <styleUrl>#icon-1577-FFEA00-labelson</styleUrl>
        <ExtendedData>
          <Data name="Descripción">
            <value/>
          </Data>
          <Data name="nombre">
            <value/>
          </Data>
        </ExtendedData>
        <Point>
          <coordinates>
            -58.8981912,-35.1159455,0
          </coordinates>
        </Point>
      </Placemark>
      <Placemark>
        <name>Burger 54 Castelar</name>
        <description><![CDATA[-Tipo de comercio: Hamburguesería<br><br>-Modalidad: Salón / Take away / Delivery <br>-Tipo de producto: Elaboración propia<br><br>-Materia prima: “Los productos son frescos y evitamos la contaminación cruzada, el pan lo compramos sin TACC y se le entrega al cliente envuelto”.<br><br>-Nivel de cuidados: Cocina mixta con cuidados en contaminación cruzada<br><br>-Horarios de atención:<br>Lunes - 11 a 23 horas<br>Martes - 11 a 23 horas<br>Miércoles - 11 a 0 horas<br>Jueves - 11 a 0 horas<br>Viernes - 11 a 1 horas<br>Sábado - 11 a 1 horas<br>Domingo - 11 a 0 horas<br><br>Descripción: <br>nombre: ]]></description>
        <styleUrl>#icon-1577-FFEA00-labelson</styleUrl>
        <ExtendedData>
          <Data name="Descripción">
            <value/>
          </Data>
          <Data name="nombre">
            <value/>
          </Data>
        </ExtendedData>
        <Point>
          <coordinates>
            -58.6564675,-34.6432744,0
          </coordinates>
        </Point>
      </Placemark>
      <Placemark>
        <name>Burger 54 Martinez</name>
        <description><![CDATA[-Tipo de comercio: Hamburguesería<br><br>-Modalidad: Salón / Take away / Delivery <br>-Tipo de producto: Elaboración propia<br><br>-Materia prima: “Los productos son frescos y evitamos la contaminación cruzada, el pan lo compramos sin TACC y se le entrega al cliente envuelto”.<br><br>-Nivel de cuidados: Cocina mixta con cuidados en contaminación cruzada<br><br>-Horarios de atención:<br>Lunes - 11 a 23 horas<br>Martes - 11 a 23 horas<br>Miércoles - 11 a 0 horas<br>Jueves - 11 a 0 horas<br>Viernes - 11 a 1 horas<br>Sábado - 11 a 1 horas<br>Domingo - 11 a 0 horas<br><br>Descripción: <br>nombre: ]]></description>
        <styleUrl>#icon-1577-FFEA00-labelson</styleUrl>
        <ExtendedData>
          <Data name="Descripción">
            <value/>
          </Data>
          <Data name="nombre">
            <value/>
          </Data>
        </ExtendedData>
        <Point>
          <coordinates>
            -58.4878524,-34.4854877,0
          </coordinates>
        </Point>
      </Placemark>
      <Placemark>
        <name>Burger 54 Nordelta</name>
        <description><![CDATA[-Tipo de comercio: Hamburguesería<br><br>-Modalidad: Salón / Take away / Delivery <br>-Tipo de producto: Elaboración propia<br><br>-Materia prima: “Los productos son frescos y evitamos la contaminación cruzada, el pan lo compramos sin TACC y se le entrega al cliente envuelto”.<br><br>-Nivel de cuidados: Cocina mixta con cuidados en contaminación cruzada<br><br>-Horarios de atención:<br>Lunes - 11 a 23 horas<br>Martes - 11 a 23 horas<br>Miércoles - 11 a 0 horas<br>Jueves - 11 a 0 horas<br>Viernes - 11 a 1 horas<br>Sábado - 11 a 1 horas<br>Domingo - 11 a 0 horas<br><br>Descripción: <br>nombre: ]]></description>
        <styleUrl>#icon-1577-FFEA00-labelson</styleUrl>
        <ExtendedData>
          <Data name="Descripción">
            <value/>
          </Data>
          <Data name="nombre">
            <value/>
          </Data>
        </ExtendedData>
        <Point>
          <coordinates>
            -58.6463357,-34.3991692,0
          </coordinates>
        </Point>
      </Placemark>
      <Placemark>
        <name>Café Martínez</name>
        <description><![CDATA[Café Martínez<br>-Tipo de comercio: Cafetería<br><br>-Modalidad: Salón / Take away / Tienda online<br><br>-Tipo de producto: Productos marca Sintaxis<br><br>-Nivel de cuidados: Cocina mixta con cuidados en contaminación cruzada<br><br>-Horarios de atención:<br>Lunes - 8 a 21 horas<br>Martes - 8 a 21 horas<br>Miércoles - 8 a 21 horas<br>Jueves - 8 a 21 horas<br>Viernes - 8 a 21 horas<br>Sábado - 9 a 21 horas<br>Domingo - 9 a 21.30 horas<br><br>Descripción: <br>nombre: ]]></description>
        <styleUrl>#icon-1577-FFEA00-labelson</styleUrl>
        <ExtendedData>
          <Data name="Descripción">
            <value/>
          </Data>
          <Data name="nombre">
            <value/>
          </Data>
        </ExtendedData>
        <Point>
          <coordinates>
            -58.5625212,-34.6781855,0
          </coordinates>
        </Point>
      </Placemark>
      <Placemark>
        <name>Café Martínez</name>
        <description><![CDATA[-Tipo de comercio: Cafetería<br><br>-Modalidad: Salón / Take away / Tienda online<br><br>-Tipo de producto: Productos marca Sintaxis<br><br>-Nivel de cuidados: Cocina mixta con cuidados en contaminación cruzada<br><br>-Horarios de atención:<br>Lunes - 8 a 21 horas<br>Martes - 8 a 21 horas<br>Miércoles - 8 a 21 horas<br>Jueves - 8 a 21 horas<br>Viernes - 8 a 21 horas<br>Sábado - 8 a 21 horas<br>Domingo - 8 a 21 horas<br><br>Descripción: <br>nombre: ]]></description>
        <styleUrl>#icon-1577-FFEA00-labelson</styleUrl>
        <ExtendedData>
          <Data name="Descripción">
            <value/>
          </Data>
          <Data name="nombre">
            <value/>
          </Data>
        </ExtendedData>
        <Point>
          <coordinates>
            -58.0421927,-34.8673385,0
          </coordinates>
        </Point>
      </Placemark>
      <Placemark>
        <name>Cafe Martinez</name>
        <description><![CDATA[-Tipo de comercio: Cafetería<br><br>-Modalidad: Salón / Take away / Tienda online<br><br>-Tipo de producto: Productos marca Sintaxis<br><br>-Nivel de cuidados: Cocina mixta con cuidados en contaminación cruzada<br><br>-Horarios de atención:<br>Lunes - 7 a 21.30 horas<br>Martes - 7 a 21.30 horas<br>Miércoles - 7 a 21.30 horas<br>Jueves - 7 a 21.30 horas<br>Viernes - 7 a 21.30 horas<br>Sábado - 8 a 21 horas<br>Domingo - 8 a 21 horas<br>Feriados - 8 a 21 horas<br><br>Descripción: <br>nombre: ]]></description>
        <styleUrl>#icon-1577-FFEA00-labelson</styleUrl>
        <ExtendedData>
          <Data name="Descripción">
            <value/>
          </Data>
          <Data name="nombre">
            <value/>
          </Data>
        </ExtendedData>
        <Point>
          <coordinates>
            -58.7947375,-34.3487656,0
          </coordinates>
        </Point>
      </Placemark>
      <Placemark>
        <name>Café Martínez</name>
        <description><![CDATA[-Tipo de comercio: Cafetería<br><br>-Modalidad: Salón / Take away / Tienda online<br><br>-Tipo de producto: Productos marca Sintaxis<br><br>-Nivel de cuidados: Cocina mixta con cuidados en contaminación cruzada<br><br>-Horarios de atención:<br>Lunes - 10 a 21 horas<br>Martes - 10 a 21 horas<br>Miércoles - 10 a 21 horas<br>Jueves - 10 a 21 horas<br>Viernes - 10 a 21 horas<br>Sábado - 10 a 21 horas<br>Domingo - 10 a 21 horas<br><br>Descripción: <br>nombre: ]]></description>
        <styleUrl>#icon-1577-FFEA00-labelson</styleUrl>
        <ExtendedData>
          <Data name="Descripción">
            <value/>
          </Data>
          <Data name="nombre">
            <value/>
          </Data>
        </ExtendedData>
        <Point>
          <coordinates>
            -58.7285918,-34.4528347,0
          </coordinates>
        </Point>
      </Placemark>
      <Placemark>
        <name>Café Martínez</name>
        <description><![CDATA[-Tipo de comercio: Cafetería<br><br>-Modalidad: Salón / Take away / Tienda online<br><br>-Tipo de producto: Productos marca Sintaxis<br><br>-Nivel de cuidados: Cocina mixta con cuidados en contaminación cruzada<br><br>-Horarios de atención:<br>Lunes - 10 a 22 horas<br>Martes - 10 a 22 horas<br>Miércoles - 10 a 22 horas<br>Jueves - 10 a 22 horas<br>Viernes - 10 a 22 horas<br>Sábado - 10 a 22 horas<br>Domingo - 10 a 22 horas<br><br>Descripción: <br>nombre: ]]></description>
        <styleUrl>#icon-1577-FFEA00-labelson</styleUrl>
        <ExtendedData>
          <Data name="Descripción">
            <value/>
          </Data>
          <Data name="nombre">
            <value/>
          </Data>
        </ExtendedData>
        <Point>
          <coordinates>
            -58.3682451,-34.6769531,0
          </coordinates>
        </Point>
      </Placemark>
      <Placemark>
        <name>Café Martínez</name>
        <description><![CDATA[-Tipo de comercio: Cafetería<br><br>-Modalidad: Salón / Take away / Tienda online<br><br>-Tipo de producto: Productos marca Sintaxis<br><br>-Nivel de cuidados: Cocina mixta con cuidados en contaminación cruzada<br><br>-Horarios de atención:<br>Lunes - 8 a 23 horas<br>Martes - 8 a 23 horas<br>Miércoles - 8 a 23 horas<br>Jueves - 8 a 23 horas<br>Viernes - 8 a 23 horas<br>Sábado - 8 a 23 horas<br>Domingo - 8 a 23 horas<br><br>Descripción: <br>nombre: ]]></description>
        <styleUrl>#icon-1577-FFEA00-labelson</styleUrl>
        <ExtendedData>
          <Data name="Descripción">
            <value/>
          </Data>
          <Data name="nombre">
            <value/>
          </Data>
        </ExtendedData>
        <Point>
          <coordinates>
            -58.7931296,-34.6458204,0
          </coordinates>
        </Point>
      </Placemark>
      <Placemark>
        <name>Café Martínez</name>
        <description><![CDATA[-Tipo de comercio: Cafetería<br><br>-Modalidad: Salón / Take away / Tienda online<br><br>-Tipo de producto: Productos marca Sintaxis<br><br>-Nivel de cuidados: Cocina mixta con cuidados en contaminación cruzada<br><br>-Horarios de atención:<br>Lunes - 8 a 21 horas<br>Martes - 8 a 21 horas<br>Miércoles - 8 a 21 horas<br>Jueves - 8 a 21 horas<br>Viernes - 8 a 21 horas<br>Sábado - 8 a 21 horas<br>Domingo - 8 a 21 horas<br><br>Descripción: <br>nombre: ]]></description>
        <styleUrl>#icon-1577-FFEA00-labelson</styleUrl>
        <ExtendedData>
          <Data name="Descripción">
            <value/>
          </Data>
          <Data name="nombre">
            <value/>
          </Data>
        </ExtendedData>
        <Point>
          <coordinates>
            -58.5426614,-34.4472977,0
          </coordinates>
        </Point>
      </Placemark>
      <Placemark>
        <name>Café Martínez</name>
        <description><![CDATA[-Tipo de comercio: Cafetería<br><br>-Modalidad: Salón / Take away / Tienda online<br><br>-Tipo de producto: Productos marca Sintaxis<br><br>-Nivel de cuidados: Cocina mixta con cuidados en contaminación cruzada<br><br>-Horarios de atención:<br>Lunes - 10 a 22.30 horas<br>Martes - 10 a 22.30 horas<br>Miércoles - 10 a 22.30 horas<br>Jueves - 10 a 22.30 horas<br>Viernes - 10 a 22.30 horas<br>Sábado - 10 a 22.30 horas<br>Domingo - 10 a 22.30 horas<br><br>Descripción: <br>nombre: ]]></description>
        <styleUrl>#icon-1577-FFEA00-labelson</styleUrl>
        <ExtendedData>
          <Data name="Descripción">
            <value/>
          </Data>
          <Data name="nombre">
            <value/>
          </Data>
        </ExtendedData>
        <Point>
          <coordinates>
            -58.7070932,-34.544811,0
          </coordinates>
        </Point>
      </Placemark>
      <Placemark>
        <name>Café Martínez</name>
        <description><![CDATA[-Tipo de comercio: Cafetería<br><br>-Modalidad: Salón / Take away / Tienda online<br><br>-Tipo de producto: Productos marca Sintaxis<br><br>-Nivel de cuidados: Cocina mixta con cuidados en contaminación cruzada<br><br>-Horarios de atención:<br>Lunes - 8.30 a 20 horas<br>Martes - 8.30 a 20 horas<br>Miércoles - 8.30 a 20 horas<br>Jueves - 8.30 a 20 horas<br>Viernes - 8.30 a 20 horas<br>Sábado - 8.30 a 20 horas<br>Domingo - 8.30 a 20 horas<br><br>Descripción: <br>nombre: ]]></description>
        <styleUrl>#icon-1577-FFEA00-labelson</styleUrl>
        <ExtendedData>
          <Data name="Descripción">
            <value/>
          </Data>
          <Data name="nombre">
            <value/>
          </Data>
        </ExtendedData>
        <Point>
          <coordinates>
            -58.6683502,-34.6582585,0
          </coordinates>
        </Point>
      </Placemark>
      <Placemark>
        <name>Café Martínez</name>
        <description><![CDATA[-Tipo de comercio: Cafetería<br><br>-Modalidad: Salón / Take away / Tienda online<br><br>-Tipo de producto: Productos marca Sintaxis<br><br>-Nivel de cuidados: Cocina mixta con cuidados en contaminación cruzada<br><br>-Horarios de atención:<br>Lunes - 8.30 a 22 horas<br>Martes - 8.30 a 22 horas<br>Miércoles - 8.30 a 22 horas<br>Jueves - 8.30 a 22 horas<br>Viernes - 8.30 a 22 horas<br>Sábado - 8.30 a 22 horas<br>Domingo - 8.30 a 22 horas<br><br>Descripción: <br>nombre: ]]></description>
        <styleUrl>#icon-1577-FFEA00-labelson</styleUrl>
        <ExtendedData>
          <Data name="Descripción">
            <value/>
          </Data>
          <Data name="nombre">
            <value/>
          </Data>
        </ExtendedData>
        <Point>
          <coordinates>
            -58.5922604,-34.6029933,0
          </coordinates>
        </Point>
      </Placemark>
      <Placemark>
        <name>Café Martínez</name>
        <description><![CDATA[-Tipo de comercio: Cafetería<br><br>-Modalidad: Salón / Take away / Tienda online<br><br>-Tipo de producto: Productos marca Sintaxis<br><br>-Nivel de cuidados: Cocina mixta con cuidados en contaminación cruzada<br><br>-Horarios de atención:<br>Lunes - 10 a 22 horas<br>Martes - 10 a 22 horas<br>Miércoles - 10 a 22 horas<br>Jueves - 10 a 22 horas<br>Viernes - 10 a 22 horas<br>Sábado - 10 a 22 horas<br>Domingo - 10 a 22 horas<br><br>Descripción: <br>nombre: ]]></description>
        <styleUrl>#icon-1577-FFEA00-labelson</styleUrl>
        <ExtendedData>
          <Data name="Descripción">
            <value/>
          </Data>
          <Data name="nombre">
            <value/>
          </Data>
        </ExtendedData>
        <Point>
          <coordinates>
            -58.5041865,-34.8562268,0
          </coordinates>
        </Point>
      </Placemark>
      <Placemark>
        <name>Café Martínez</name>
        <description><![CDATA[-Tipo de comercio: Cafetería<br><br>-Modalidad: Salón / Take away / Tienda online<br><br>-Tipo de producto: Productos marca Sintaxis<br><br>-Nivel de cuidados: Cocina mixta con cuidados en contaminación cruzada<br><br>-Horarios de atención:<br>Lunes - 8 a 20 horas<br>Martes - 8 a 20 horas<br>Miércoles - 8 a 20 horas<br>Jueves - 8 a 20 horas<br>Viernes - 8 a 20 horas<br>Sábado - 9 a 20 horas<br>Domingo - 9 a 20 horas<br>Feriados - 9 a 20 horas<br><br>Descripción: <br>nombre: ]]></description>
        <styleUrl>#icon-1577-FFEA00-labelson</styleUrl>
        <ExtendedData>
          <Data name="Descripción">
            <value/>
          </Data>
          <Data name="nombre">
            <value/>
          </Data>
        </ExtendedData>
        <Point>
          <coordinates>
            -58.3666771,-34.6613255,0
          </coordinates>
        </Point>
      </Placemark>
      <Placemark>
        <name>Café Martínez</name>
        <description><![CDATA[-Tipo de comercio: Cafetería<br><br>-Modalidad: Salón / Take away / Tienda online<br><br>-Tipo de producto: Productos marca Sintaxis<br><br>-Nivel de cuidados: Cocina mixta con cuidados en contaminación cruzada<br><br>-Horarios de atención:<br>Lunes - 8 a 0 horas<br>Martes - 8 a 0 horas<br>Miércoles - 8 a 0 horas<br>Jueves - 8 a 0 horas<br>Viernes - 8 a 0 horas<br>Sábado - 8 a 3 horas<br>Domingo - 8 a 0 horas<br><br>Descripción: <br>nombre: ]]></description>
        <styleUrl>#icon-1577-FFEA00-labelson</styleUrl>
        <ExtendedData>
          <Data name="Descripción">
            <value/>
          </Data>
          <Data name="nombre">
            <value/>
          </Data>
        </ExtendedData>
        <Point>
          <coordinates>
            -58.6909074,-34.6281602,0
          </coordinates>
        </Point>
      </Placemark>
      <Placemark>
        <name>Café Martínez</name>
        <description><![CDATA[-Tipo de comercio: Cafetería<br><br>-Modalidad: Salón / Take away / Tienda online<br><br>-Tipo de producto: Productos marca Sintaxis<br><br>-Nivel de cuidados: Cocina mixta con cuidados en contaminación cruzada<br><br>-Horarios de atención:<br>Lunes - 10 a 22 horas<br>Martes - 10 a 22 horas<br>Miércoles - 10 a 22 horas<br>Jueves - 10 a 22 horas<br>Viernes - 10 a 22 horas<br>Sábado - 10 a 22 horas<br>Domingo - 10 a 22 horas<br><br>Descripción: <br>nombre: ]]></description>
        <styleUrl>#icon-1577-FFEA00-labelson</styleUrl>
        <ExtendedData>
          <Data name="Descripción">
            <value/>
          </Data>
          <Data name="nombre">
            <value/>
          </Data>
        </ExtendedData>
        <Point>
          <coordinates>
            -58.5566169,-34.6851345,0
          </coordinates>
        </Point>
      </Placemark>
      <Placemark>
        <name>Café Martínez</name>
        <description><![CDATA[-Tipo de comercio: Cafetería<br><br>-Modalidad: Salón / Take away / Tienda online<br><br>-Tipo de producto: Productos marca Sintaxis<br><br>-Nivel de cuidados: Cocina mixta con cuidados en contaminación cruzada<br><br>-Horarios de atención:<br>Lunes - 8.30 a 20.30 horas<br>Martes - 8.30 a 20.30 horas<br>Miércoles - 8.30 a 20.30 horas<br>Jueves - 8.30 a 20.30 horas<br>Viernes - 8.30 a 20.30 horas<br>Sábado - 8.30 a 20.30 horas<br>Domingo - Cerrado<br><br>Descripción: <br>nombre: ]]></description>
        <styleUrl>#icon-1577-FFEA00-labelson</styleUrl>
        <ExtendedData>
          <Data name="Descripción">
            <value/>
          </Data>
          <Data name="nombre">
            <value/>
          </Data>
        </ExtendedData>
        <Point>
          <coordinates>
            -58.6430978,-34.6508692,0
          </coordinates>
        </Point>
      </Placemark>
      <Placemark>
        <name>Café Martinez</name>
        <description><![CDATA[-Tipo de comercio: Cafetería<br><br>-Modalidad: Salón / Take away / Tienda online<br><br>-Tipo de producto: Productos marca Sintaxis<br><br>-Nivel de cuidados: Cocina mixta con cuidados en contaminación cruzada<br><br>-Horarios de atención:<br>Lunes - 7.30 a 22 horas<br>Martes - 7.30 a 22 horas<br>Miércoles - 7.30 a 22 horas<br>Jueves - 7.30 a 22 horas<br>Viernes - 7.30 a 22 horas<br>Sábado - 8 a 22 horas<br>Domingo - 8 a 22 horas<br>Feriados - 8 a 22 horas<br><br>Descripción: <br>nombre: ]]></description>
        <styleUrl>#icon-1577-FFEA00-labelson</styleUrl>
        <ExtendedData>
          <Data name="Descripción">
            <value/>
          </Data>
          <Data name="nombre">
            <value/>
          </Data>
        </ExtendedData>
        <Point>
          <coordinates>
            -58.522219,-34.5292953,0
          </coordinates>
        </Point>
      </Placemark>
      <Placemark>
        <name>Café Martínez</name>
        <description><![CDATA[-Tipo de comercio: Cafetería<br><br>-Modalidad: Salón / Take away / Tienda online<br><br>-Tipo de producto: Productos marca Sintaxis<br><br>-Nivel de cuidados: Cocina mixta con cuidados en contaminación cruzada<br><br>-Horarios de atención:<br>Lunes - 9 a 20 horas<br>Martes - 9 a 20 horas<br>Miércoles - 9 a 20 horas<br>Jueves - 9 a 20 horas<br>Viernes - 9 a 20 horas<br>Sábado - 10 a 20 horas<br>Domingo - 10 a 20 horas<br><br>Descripción: <br>nombre: ]]></description>
        <styleUrl>#icon-1577-FFEA00-labelson</styleUrl>
        <ExtendedData>
          <Data name="Descripción">
            <value/>
          </Data>
          <Data name="nombre">
            <value/>
          </Data>
        </ExtendedData>
        <Point>
          <coordinates>
            -57.9473212,-34.9127988,0
          </coordinates>
        </Point>
      </Placemark>
      <Placemark>
        <name>Café Martinez</name>
        <description><![CDATA[-Tipo de comercio: Cafetería<br><br>-Modalidad: Salón / Take away / Tienda online<br><br>-Tipo de producto: Productos marca Sintaxis<br><br>-Nivel de cuidados: Cocina mixta con cuidados en contaminación cruzada<br><br>-Horarios de atención:<br>Lunes - 8 a 22 horas<br>Martes - 8 a 22 horas<br>Miércoles - 8 a 22 horas<br>Jueves - 8 a 22 horas<br>Viernes - 8 a 22 horas<br>Sábado - 8 a 22 horas<br>Domingo - 8 a 22 horas<br><br>Descripción: <br>nombre: ]]></description>
        <styleUrl>#icon-1577-FFEA00-labelson</styleUrl>
        <ExtendedData>
          <Data name="Descripción">
            <value/>
          </Data>
          <Data name="nombre">
            <value/>
          </Data>
        </ExtendedData>
        <Point>
          <coordinates>
            -58.2615027,-34.7184916,0
          </coordinates>
        </Point>
      </Placemark>
      <Placemark>
        <name>Café Martínez</name>
        <description><![CDATA[-Tipo de comercio: Cafetería<br><br>-Modalidad: Salón / Take away / Tienda online<br><br>-Tipo de producto: Productos marca Sintaxis<br><br>-Nivel de cuidados: Cocina mixta con cuidados en contaminación cruzada<br><br>-Horarios de atención:<br>Lunes - 7 a 22 horas<br>Martes - 7 a 22 horas<br>Miércoles - 7 a 22 horas<br>Jueves - 7 a 22 horas<br>Viernes - 7 a 1 horas<br>Sábado - 8 a 2 horas<br>Domingo - 9 a 22 horas<br>Feriados - 9 a 22 horas<br><br>Descripción: <br>nombre: ]]></description>
        <styleUrl>#icon-1577-FFEA00-labelson</styleUrl>
        <ExtendedData>
          <Data name="Descripción">
            <value/>
          </Data>
          <Data name="nombre">
            <value/>
          </Data>
        </ExtendedData>
        <Point>
          <coordinates>
            -59.0227732,-34.0987269,0
          </coordinates>
        </Point>
      </Placemark>
      <Placemark>
        <name>Café Martínez</name>
        <description><![CDATA[-Tipo de comercio: Cafetería<br><br>-Modalidad: Salón / Take away / Tienda online<br><br>-Tipo de producto: Productos marca Sintaxis<br><br>-Nivel de cuidados: Cocina mixta con cuidados en contaminación cruzada<br><br>-Horarios de atención:<br>Lunes - 7.30 a 20.30 horas<br>Martes - 7.30 a 20.30 horas<br>Miércoles - 7.30 a 20.30 horas<br>Jueves - 7.30 a 20.30 horas<br>Viernes - 7.30 a 20.30 horas<br>Sábado - 7.30 a 20.30 horas<br>Domingo - 8.30 a 22 horas<br><br>Descripción: <br>nombre: ]]></description>
        <styleUrl>#icon-1577-FFEA00-labelson</styleUrl>
        <ExtendedData>
          <Data name="Descripción">
            <value/>
          </Data>
          <Data name="nombre">
            <value/>
          </Data>
        </ExtendedData>
        <Point>
          <coordinates>
            -58.5098145,-34.4694552,0
          </coordinates>
        </Point>
      </Placemark>
      <Placemark>
        <name>Café Martínez</name>
        <description><![CDATA[-Tipo de comercio: Cafetería<br><br>-Modalidad: Salón / Take away / Tienda online<br><br>-Tipo de producto: Productos marca Sintaxis<br><br>-Nivel de cuidados: Cocina mixta con cuidados en contaminación cruzada<br><br>-Horarios de atención:<br>Lunes - 7.30 a 21.30 horas<br>Martes - 7.30 a 21.30 horas<br>Miércoles - 7.30 a 21.30 horas<br>Jueves - 7.30 a 21.30 horas<br>Viernes - 7.30 a 0 horas<br>Sábado - 8.30 a 0 horas<br>Domingo - 9 a 21.30 horas<br><br>Descripción: <br>nombre: ]]></description>
        <styleUrl>#icon-1577-FFEA00-labelson</styleUrl>
        <ExtendedData>
          <Data name="Descripción">
            <value/>
          </Data>
          <Data name="nombre">
            <value/>
          </Data>
        </ExtendedData>
        <Point>
          <coordinates>
            -58.9493366,-34.6077564,0
          </coordinates>
        </Point>
      </Placemark>
      <Placemark>
        <name>Café Martínez</name>
        <description><![CDATA[-Tipo de comercio: Cafetería<br><br>-Modalidad: Salón / Take away / Tienda online<br><br>-Tipo de producto: Productos marca Sintaxis<br><br>-Nivel de cuidados: Cocina mixta con cuidados en contaminación cruzada<br><br>-Horarios de atención:<br>Lunes - 8 a 23 horas<br>Martes - 8 a 23 horas<br>Miércoles - 8 a 23 horas<br>Jueves - 8 a 23 horas<br>Viernes - 8 a 23 horas<br>Sábado - 8 a 23 horas<br>Domingo - 8 a 23 horas<br><br>Descripción: <br>nombre: ]]></description>
        <styleUrl>#icon-1577-FFEA00-labelson</styleUrl>
        <ExtendedData>
          <Data name="Descripción">
            <value/>
          </Data>
          <Data name="nombre">
            <value/>
          </Data>
        </ExtendedData>
        <Point>
          <coordinates>
            -57.9547792,-34.9158605,0
          </coordinates>
        </Point>
      </Placemark>
      <Placemark>
        <name>Café Martínez</name>
        <description><![CDATA[-Tipo de comercio: Cafetería<br><br>-Modalidad: Salón / Take away / Tienda online<br><br>-Tipo de producto: Productos marca Sintaxis<br><br>-Nivel de cuidados: Cocina mixta con cuidados en contaminación cruzada<br><br>-Horarios de atención:<br>Lunes - 8 a 22 horas<br>Martes - 8 a 22 horas<br>Miércoles - 8 a 22 horas<br>Jueves - 8 a 22 horas<br>Viernes - 8 a 22 horas<br>Sábado - 8 a 22 horas<br>Domingo - 8 a 22 horas<br><br>Descripción: <br>nombre: ]]></description>
        <styleUrl>#icon-1577-FFEA00-labelson</styleUrl>
        <ExtendedData>
          <Data name="Descripción">
            <value/>
          </Data>
          <Data name="nombre">
            <value/>
          </Data>
        </ExtendedData>
        <Point>
          <coordinates>
            -58.3929505,-34.7035706,0
          </coordinates>
        </Point>
      </Placemark>
      <Placemark>
        <name>Café Martínez</name>
        <description><![CDATA[-Tipo de comercio: Cafetería<br><br>-Modalidad: Salón / Take away / Tienda online<br><br>-Tipo de producto: Productos marca Sintaxis<br><br>-Nivel de cuidados: Cocina mixta con cuidados en contaminación cruzada<br><br>-Horarios de atención:<br>Lunes - 8 a 0 horas<br>Martes - 8 a 0 horas<br>Miércoles - 8 a 0 horas<br>Jueves - 8 a 0 horas<br>Viernes - 8 a 3 horas<br>Sábado - 8 a 3 horas<br>Domingo - 8 a 0 horas<br><br>Descripción: <br>nombre: ]]></description>
        <styleUrl>#icon-1577-FFEA00-labelson</styleUrl>
        <ExtendedData>
          <Data name="Descripción">
            <value/>
          </Data>
          <Data name="nombre">
            <value/>
          </Data>
        </ExtendedData>
        <Point>
          <coordinates>
            -58.5669689,-34.6423417,0
          </coordinates>
        </Point>
      </Placemark>
      <Placemark>
        <name>Café Martínez</name>
        <description><![CDATA[-Tipo de comercio: Cafetería<br><br>-Modalidad: Salón / Take away / Tienda online<br><br>-Tipo de producto: Productos marca Sintaxis<br><br>-Nivel de cuidados: Cocina mixta con cuidados en contaminación cruzada<br><br>-Horarios de atención:<br>Lunes - 8 a 23 horas<br>Martes - 8 a 23 horas<br>Miércoles - 8 a 23 horas<br>Jueves - 8 a 23 horas<br>Viernes - 8 a 23 horas<br>Sábado - 8 a 23 horas<br>Domingo - 8 a 23 horas<br><br>Descripción: <br>nombre: ]]></description>
        <styleUrl>#icon-1577-FFEA00-labelson</styleUrl>
        <ExtendedData>
          <Data name="Descripción">
            <value/>
          </Data>
          <Data name="nombre">
            <value/>
          </Data>
        </ExtendedData>
        <Point>
          <coordinates>
            -58.4985583,-34.4884421,0
          </coordinates>
        </Point>
      </Placemark>
      <Placemark>
        <name>Café Martínez</name>
        <description><![CDATA[-Tipo de comercio: Cafetería<br><br>-Modalidad: Salón / Take away / Tienda online<br><br>-Tipo de producto: Productos marca Sintaxis<br><br>-Nivel de cuidados: Cocina mixta con cuidados en contaminación cruzada<br><br>-Horarios de atención:<br>Lunes - 8 a 21 horas<br>Martes - 8 a 21 horas<br>Miércoles - 8 a 21 horas<br>Jueves - 8 a 21 horas<br>Viernes - 8 a 21 horas<br>Sábado - 8 a 21 horas<br>Domingo - 8 a 20 horas<br><br>Descripción: <br>nombre: ]]></description>
        <styleUrl>#icon-1577-FFEA00-labelson</styleUrl>
        <ExtendedData>
          <Data name="Descripción">
            <value/>
          </Data>
          <Data name="nombre">
            <value/>
          </Data>
        </ExtendedData>
        <Point>
          <coordinates>
            -58.4661466,-34.8178538,0
          </coordinates>
        </Point>
      </Placemark>
      <Placemark>
        <name>Café Martínez</name>
        <description><![CDATA[-Tipo de comercio: Cafetería<br><br>-Modalidad: Salón / Take away / Tienda online<br><br>-Tipo de producto: Productos marca Sintaxis<br><br>-Nivel de cuidados: Cocina mixta con cuidados en contaminación cruzada<br><br>-Horarios de atención:<br>Lunes - 7.30 a 22 horas<br>Martes - 7.30 a 22 horas<br>Miércoles - 7.30 a 22 horas<br>Jueves - 7.30 a 22 horas<br>Viernes - 8 a 23 horas<br>Sábado - 8.30 a 23 horas<br>Domingo - 9 a 22 horas<br><br>Descripción: <br>nombre: ]]></description>
        <styleUrl>#icon-1577-FFEA00-labelson</styleUrl>
        <ExtendedData>
          <Data name="Descripción">
            <value/>
          </Data>
          <Data name="nombre">
            <value/>
          </Data>
        </ExtendedData>
        <Point>
          <coordinates>
            -58.2765263,-34.8070783,0
          </coordinates>
        </Point>
      </Placemark>
      <Placemark>
        <name>Café Martínez</name>
        <description><![CDATA[-Tipo de comercio: Cafetería<br><br>-Modalidad: Salón / Take away / Tienda online<br><br>-Tipo de producto: Productos marca Sintaxis<br><br>-Nivel de cuidados: Cocina mixta con cuidados en contaminación cruzada<br><br>-Horarios de atención:<br>Lunes - 7 a 23 horas<br>Martes - 7 a 23 horas<br>Miércoles - 7 a 23 horas<br>Jueves - 7 a 23 horas<br>Viernes - 7 a 1 horas<br>Sábado - 7.30 a 2 horas<br>Domingo - 7 a 0 horas<br><br>Descripción: <br>nombre: ]]></description>
        <styleUrl>#icon-1577-FFEA00-labelson</styleUrl>
        <ExtendedData>
          <Data name="Descripción">
            <value/>
          </Data>
          <Data name="nombre">
            <value/>
          </Data>
        </ExtendedData>
        <Point>
          <coordinates>
            -57.9545124,-34.9190631,0
          </coordinates>
        </Point>
      </Placemark>
      <Placemark>
        <name>Café Martínez</name>
        <description><![CDATA[-Tipo de comercio: Cafetería<br><br>-Modalidad: Salón / Take away / Tienda online<br><br>-Tipo de producto: Productos marca Sintaxis<br><br>-Nivel de cuidados: Cocina mixta con cuidados en contaminación cruzada<br><br>-Horarios de atención:<br>Lunes - 7 a 22 horas<br>Martes - 7 a 22 horas<br>Miércoles - 7 a 22 horas<br>Jueves - 7 a 22 horas<br>Viernes - 7 a 22 horas<br>Sábado - 7 a 22 horas<br>Domingo - 7 a 22 horas<br>Feriados - 7 a 22 horas<br><br>Descripción: <br>nombre: ]]></description>
        <styleUrl>#icon-1577-FFEA00-labelson</styleUrl>
        <ExtendedData>
          <Data name="Descripción">
            <value/>
          </Data>
          <Data name="nombre">
            <value/>
          </Data>
        </ExtendedData>
        <Point>
          <coordinates>
            -58.3872308,-34.7088778,0
          </coordinates>
        </Point>
      </Placemark>
      <Placemark>
        <name>Café Martinez Campana</name>
        <description><![CDATA[-Tipo de comercio: Cafetería<br><br>-Modalidad: Salón / Take away / Tienda online<br><br>-Tipo de producto: Productos marca Sintaxis<br><br>-Nivel de cuidados: Cocina mixta con cuidados en contaminación cruzada<br><br>-Horarios de atención:<br>Lunes - 8 a 23 horas<br>Martes - 8 a 23 horas<br>Miércoles - 8 a 23 horas<br>Jueves - 8 a 23 horas<br>Viernes - 8 a 23 horas<br>Sábado - 9 a 0 horas<br>Domingo - 9 a 0 horas<br><br>Descripción: <br>nombre: ]]></description>
        <styleUrl>#icon-1577-FFEA00-labelson</styleUrl>
        <ExtendedData>
          <Data name="Descripción">
            <value/>
          </Data>
          <Data name="nombre">
            <value/>
          </Data>
        </ExtendedData>
        <Point>
          <coordinates>
            -58.9592166,-34.161989,0
          </coordinates>
        </Point>
      </Placemark>
      <Placemark>
        <name>Café Martínez Caseros</name>
        <description><![CDATA[-Tipo de comercio: Cafetería<br><br>-Modalidad: Salón / Take away / Tienda online<br><br>-Tipo de producto: Productos marca Sintaxis<br><br>-Nivel de cuidados: Cocina mixta con cuidados en contaminación cruzada<br><br>-Horarios de atención:<br>Lunes - 8 a 22 horas<br>Martes - 8 a 22 horas<br>Miércoles - 8 a 22 horas<br>Jueves - 8 a 22 horas<br>Viernes - 8 a 23 horas<br>Sábado - 8 a 23 horas<br>Domingo - 9 a 21 horas<br>Feriados - 9 a 21 horas<br><br>Descripción: <br>nombre: ]]></description>
        <styleUrl>#icon-1577-FFEA00-labelson</styleUrl>
        <ExtendedData>
          <Data name="Descripción">
            <value/>
          </Data>
          <Data name="nombre">
            <value/>
          </Data>
        </ExtendedData>
        <Point>
          <coordinates>
            -58.562364,-34.6077444,0
          </coordinates>
        </Point>
      </Placemark>
      <Placemark>
        <name>Café Martínez Hurlingham</name>
        <description><![CDATA[-Tipo de comercio: Cafetería<br><br>-Modalidad: Salón / Take away / Tienda online<br><br>-Tipo de producto: Productos marca Sintaxis<br><br>-Nivel de cuidados: Cocina mixta con cuidados en contaminación cruzada<br><br>-Horarios de atención:<br>Lunes - 8 a 21 horas<br>Martes - 8 a 21 horas<br>Miércoles - 8 a 21 horas<br>Jueves - 8 a 21 horas<br>Viernes - 8 a 21 horas<br>Sábado - 8 a 21 horas<br>Domingo - 8 a 21 horas<br><br>Descripción: <br>nombre: ]]></description>
        <styleUrl>#icon-1577-FFEA00-labelson</styleUrl>
        <ExtendedData>
          <Data name="Descripción">
            <value/>
          </Data>
          <Data name="nombre">
            <value/>
          </Data>
        </ExtendedData>
        <Point>
          <coordinates>
            -58.6314865,-34.5883992,0
          </coordinates>
        </Point>
      </Placemark>
      <Placemark>
        <name>Café Martínez Lomitas</name>
        <description><![CDATA[-Tipo de comercio: Cafetería<br><br>-Modalidad: Salón / Take away / Tienda online<br><br>-Tipo de producto: Productos marca Sintaxis<br><br>-Nivel de cuidados: Cocina mixta con cuidados en contaminación cruzada<br><br>-Horarios de atención:<br>Lunes - 8 a 21 horas<br>Martes - 8 a 21 horas<br>Miércoles - 8 a 21 horas<br>Jueves - 8 a 21 horas<br>Viernes - 8 a 21 horas<br>Sábado - 8 a 21 horas<br>Domingo - 9 a 21 horas<br><br>Descripción: <br>nombre: ]]></description>
        <styleUrl>#icon-1577-FFEA00-labelson</styleUrl>
        <ExtendedData>
          <Data name="Descripción">
            <value/>
          </Data>
          <Data name="nombre">
            <value/>
          </Data>
        </ExtendedData>
        <Point>
          <coordinates>
            -58.4012595,-34.7625201,0
          </coordinates>
        </Point>
      </Placemark>
      <Placemark>
        <name>Café Martínez San Martín</name>
        <description><![CDATA[-Tipo de comercio: Cafetería<br><br>-Modalidad: Salón / Take away / Tienda online<br><br>-Tipo de producto: Productos marca Sintaxis<br><br>-Nivel de cuidados: Cocina mixta con cuidados en contaminación cruzada<br><br>-Horarios de atención:<br>Lunes - 8 a 21 horas<br>Martes - 8 a 21 horas<br>Miércoles - 8 a 21 horas<br>Jueves - 8 a 21 horas<br>Viernes - 8 a 21 horas<br>Sábado - 8 a 21 horas<br>Domingo - 8 a 21 horas<br><br>Descripción: <br>nombre: ]]></description>
        <styleUrl>#icon-1577-FFEA00-labelson</styleUrl>
        <ExtendedData>
          <Data name="Descripción">
            <value/>
          </Data>
          <Data name="nombre">
            <value/>
          </Data>
        </ExtendedData>
        <Point>
          <coordinates>
            -58.5371068,-34.5758826,0
          </coordinates>
        </Point>
      </Placemark>
      <Placemark>
        <name>Café Martínez Villa Ballester</name>
        <description><![CDATA[-Tipo de comercio: Cafetería<br><br>-Modalidad: Salón / Take away / Tienda online<br><br>-Tipo de producto: Productos marca Sintaxis<br><br>-Nivel de cuidados: Cocina mixta con cuidados en contaminación cruzada<br><br>-Horarios de atención:<br>Lunes - 9 a 20 horas<br>Martes - 9 a 20 horas<br>Miércoles - 9 a 20 horas<br>Jueves - 9 a 20 horas<br>Viernes - 9 a 20 horas<br>Sábado - 9 a 20 horas<br>Domingo - 9 a 20 horas<br><br>Descripción: <br>nombre: ]]></description>
        <styleUrl>#icon-1577-FFEA00-labelson</styleUrl>
        <ExtendedData>
          <Data name="Descripción">
            <value/>
          </Data>
          <Data name="nombre">
            <value/>
          </Data>
        </ExtendedData>
        <Point>
          <coordinates>
            -58.5531785,-34.5490882,0
          </coordinates>
        </Point>
      </Placemark>
      <Placemark>
        <name>CAMPOBRAVO Lanús</name>
        <description><![CDATA[-Tipo de comercio: Restaurante<br><br>-Modalidad: Salón<br><br>-Tipo de producto: Elaboración propia<br><br>-Materia prima: Certificada sin TACC<br><br>-Nivel de cuidados: Cocina 100% libre de gluten<br><br>-Horarios de atención:<br>Lunes - 12 a 1 horas<br>Martes - 12 a 1 horas<br>Miércoles - 12 a 1 horas<br>Jueves - 12 a 1 horas<br>Viernes - 12 a 1 horas<br>Sábado - 12 a 1 horas<br>Domingo - 12 a 1 horas<br><br>Descripción: <br>nombre: ]]></description>
        <styleUrl>#icon-1577-FFEA00-labelson</styleUrl>
        <ExtendedData>
          <Data name="Descripción">
            <value/>
          </Data>
          <Data name="nombre">
            <value/>
          </Data>
        </ExtendedData>
        <Point>
          <coordinates>
            -58.3934827,-34.70165,0
          </coordinates>
        </Point>
      </Placemark>
      <Placemark>
        <name>Carlota caraf</name>
        <description><![CDATA[-Tipo de comercio: Restaurante / Cafetería / Pastelería<br><br>-Tipo de producto: Elaboración propia <br><br>-Materia prima: Certificada sin gluten<br><br>-Cocina: Cocina 100% libre de gluten<br><br>-Modalidad: Consumo en salón / Delivery propio / Take away / Pedidos para fechas especiales<br><br>-Horarios de atención:<br>Lunes - 10 a 15 y 16 a 22.30 horas<br>Martes - Cerrado<br>Miércoles - 10 a 15 y 16 a 22.30 horas<br>Jueves - 10 a 15 y 16 a 22.30 horas<br>Viernes - 10 a 15 y 16 a 22.30 horas<br>Sábado - 10 a 15 y 16 a 22.30 horas<br>Domingo - 10 a 15 y 16 a 22.30 horas<br><br>Instagram: @Carlota_caraf<br> <br><br>Descripción: <br>nombre: ]]></description>
        <styleUrl>#icon-1577-FFEA00-labelson</styleUrl>
        <ExtendedData>
          <Data name="Descripción">
            <value/>
          </Data>
          <Data name="nombre">
            <value/>
          </Data>
        </ExtendedData>
        <Point>
          <coordinates>
            -58.95506,-34.6109287,0
          </coordinates>
        </Point>
      </Placemark>
      <Placemark>
        <name>Carlota Patisserie</name>
        <description><![CDATA[-Tipo de comercio: Pastelería<br><br>-Modalidad: Salón / Take away<br><br>-Tipo de producto: Elaboración propia<br><br>-Materia prima: Certificada sin gluten<br><br>-Nivel de cuidados: Cocina 100% libre de gluten<br><br>-Horarios de atención:<br>Lunes - Cerrado<br>Martes - Cerrado<br>Miércoles - Cerrado<br>Jueves - Cerrado<br>Viernes - 16 a 20 horas<br>Sábado - 16 a 20 horas<br>Domingo - 16 a 20 horas<br><br>Instagram: @carlota.glutenfree<br><br>Descripción: <br>nombre: ]]></description>
        <styleUrl>#icon-1577-FFEA00-labelson</styleUrl>
        <ExtendedData>
          <Data name="Descripción">
            <value/>
          </Data>
          <Data name="nombre">
            <value/>
          </Data>
        </ExtendedData>
        <Point>
          <coordinates>
            -58.0305811,-34.8947473,0
          </coordinates>
        </Point>
      </Placemark>
      <Placemark>
        <name>CASA TANA Pizza y Pasta Senza Glutine</name>
        <description><![CDATA[-Tipo de comercio: Restaurante<br><br>-Modalidad: Salón / Take away<br><br>-Tipo de producto: Elaboración propia<br><br>-Materia prima: Certificada sin TACC<br><br>-Nivel de cuidados: Cocina 100% libre de gluten<br><br>-Horarios de atención:<br>Lunes - Cerrado<br>Martes - Cerrado<br>Miércoles - 19 a 0 horas<br>Jueves - 19 a 0 horas<br>Viernes - 19 a 0 horas<br>Sábado - 19 a 0 horas<br>Domingo - 12 a 15 horas<br><br>Descripción: <br>nombre: ]]></description>
        <styleUrl>#icon-1577-FFEA00-labelson</styleUrl>
        <ExtendedData>
          <Data name="Descripción">
            <value/>
          </Data>
          <Data name="nombre">
            <value/>
          </Data>
        </ExtendedData>
        <Point>
          <coordinates>
            -57.9665481,-34.9027245,0
          </coordinates>
        </Point>
      </Placemark>
      <Placemark>
        <name>CATA Cocina y Pastelería sin gluten</name>
        <description><![CDATA[-Tipo de comercio: Cafetería<br><br>-Modalidad: Salón / Take away<br><br>-Tipo de producto: Elaboración propia <br><br>-Materia prima: Certificada sin TACC<br><br>-Nivel de cuidados: Cocina 100% libre de gluten<br><br>-Horarios de atención:<br>Lunes - Cerrado<br>Martes - 9 a 20 horas<br>Miércoles - 9 a 20 horas<br>Jueves - 9 a 20 horas<br>Viernes - 9 a 20 horas<br>Sábado - 9 a 20 horas<br>Domingo - 9 a 20 horas<br><br>Descripción: <br>nombre: ]]></description>
        <styleUrl>#icon-1577-FFEA00-labelson</styleUrl>
        <ExtendedData>
          <Data name="Descripción">
            <value/>
          </Data>
          <Data name="nombre">
            <value/>
          </Data>
        </ExtendedData>
        <Point>
          <coordinates>
            -58.5923266,-34.6352098,0
          </coordinates>
        </Point>
      </Placemark>
      <Placemark>
        <name>Celiak2 gluten free</name>
        <description><![CDATA[-Tipo de comercio: Restaurante<br><br>-Modalidad: Salón / Delivery<br><br>-Tipo de producto: Elaboración propia<br><br>-Materia prima: Certificada sin TACC<br><br>-Nivel de cuidados: Cocina 100% libre de gluten<br><br>-Horarios de atención:<br>Lunes - Cerrado<br>Martes - 10 a 20 horas<br>Miércoles - 10 a 20 horas<br>Jueves - 10 a 20 horas<br>Viernes - 10 a 20 horas<br>Sábado - 9 a 23 horas<br>Domingo - 16.30 a 18.30 horas<br><br>Descripción: <br>nombre: ]]></description>
        <styleUrl>#icon-1577-FFEA00-labelson</styleUrl>
        <ExtendedData>
          <Data name="Descripción">
            <value/>
          </Data>
          <Data name="nombre">
            <value/>
          </Data>
        </ExtendedData>
        <Point>
          <coordinates>
            -58.6696631,-34.6586907,0
          </coordinates>
        </Point>
      </Placemark>
      <Placemark>
        <name>Celigourmet</name>
        <description><![CDATA[-Tipo de comercio: Despacho<br><br>-Modalidad: Take away / Delivery<br><br>-Tipo de producto: Elaboración propia<br><br>-Materia prima: Certificada sin TACC<br><br>-Nivel de cuidados: Cocina 100% libre de gluten<br><br>-Horarios de atención:<br>Lunes - 10 a 20 horas<br>Martes - 10 a 20 horas<br>Miércoles - 10 a 20 horas<br>Jueves - 10 a 20 horas<br>Viernes - 10 a 20 horas<br>Sábado - 10 a 20 horas<br>Domingo - Cerrado<br><br>Descripción: <br>nombre: ]]></description>
        <styleUrl>#icon-1578-E65100-labelson</styleUrl>
        <ExtendedData>
          <Data name="Descripción">
            <value/>
          </Data>
          <Data name="nombre">
            <value/>
          </Data>
        </ExtendedData>
        <Point>
          <coordinates>
            -58.4966703,-34.4868526,0
          </coordinates>
        </Point>
      </Placemark>
      <Placemark>
        <name>Chipa Sapore Squisito</name>
        <description><![CDATA[-Tipo de comercio: Tienda de chipá<br><br>-Modalidad: Salón / Take away / Delivery (sólo de los productos congelados) <br><br>-Tipo de producto: Elaboración propia <br><br>-Materia prima: Certificada sin TACC<br><br>-Nivel de cuidados: Cocina 100% libre de gluten<br><br>-Horarios de atención:<br>Lunes - 9 a 19 horas<br>Martes - 9 a 19 horas<br>Miércoles - 9 a 19 horas<br>Jueves - 9 a 19 horas<br>Viernes - 9 a 19 horas<br>Sábado - Cerrado<br>Domingo - Cerrado<br><br>Descripción: <br>nombre: ]]></description>
        <styleUrl>#icon-1577-FFEA00-labelson</styleUrl>
        <ExtendedData>
          <Data name="Descripción">
            <value/>
          </Data>
          <Data name="nombre">
            <value/>
          </Data>
        </ExtendedData>
        <Point>
          <coordinates>
            -58.4832971,-34.5252183,0
          </coordinates>
        </Point>
      </Placemark>
      <Placemark>
        <name>Cho Sin Gluten</name>
        <description><![CDATA[-Tipo de comercio: Cafetería / Panadería<br><br>-Modalidad: Salón / Take away / Tienda online<br><br>-Tipo de producto: Elaboración propia<br><br>-Materia prima: Certificada sin TACC<br><br>-Nivel de cuidados: Cocina 100% libre de gluten<br><br>-Horarios de atención:<br>Lunes - 9 a 18 horas<br>Martes - 9 a 18 horas<br>Miércoles - 9 a 18 horas<br>Jueves - 9 a 18 horas<br>Viernes - 9 a 18 horas<br>Sábado - 9 a 14 horas<br>Domingo - Cerrado<br><br>Descripción: <br>nombre: ]]></description>
        <styleUrl>#icon-1577-FFEA00-labelson</styleUrl>
        <ExtendedData>
          <Data name="Descripción">
            <value/>
          </Data>
          <Data name="nombre">
            <value/>
          </Data>
        </ExtendedData>
        <Point>
          <coordinates>
            -58.585448,-34.4200694,0
          </coordinates>
        </Point>
      </Placemark>
      <Placemark>
        <name>Cocelia | Olivos</name>
        <description><![CDATA[-Tipo de comercio: Restaurante / Hamburguesería / Sandwichería / Cafetería / Panadería / Pizzeria<br><br>-Modalidad: Salón / Take away / Delivery<br><br>-Tipo de producto: Elaboración propia<br><br>-Materia prima: Certificada sin TACC<br><br>-Nivel de cuidados: Cocina 100% libre de gluten<br><br>-Horarios de atención:<br>Lunes - 8 a 20 horas<br>Martes - 8 a 20 horas<br>Miércoles - 8 a 20 horas<br>Jueves - 8 a 23 horas<br>Viernes - 8 a 23 horas<br>Sábado - 8 a 20 horas<br>Domingo - 10 a 19 horas<br><br>Descripción: <br>nombre: ]]></description>
        <styleUrl>#icon-1577-FFEA00-labelson</styleUrl>
        <ExtendedData>
          <Data name="Descripción">
            <value/>
          </Data>
          <Data name="nombre">
            <value/>
          </Data>
        </ExtendedData>
        <Point>
          <coordinates>
            -58.4983904,-34.5174588,0
          </coordinates>
        </Point>
      </Placemark>
      <Placemark>
        <name>De Buen Chipa</name>
        <description><![CDATA[-Tipo de comercio: Panadería<br><br>-El menú del comercio es 100% libre de gluten<br><br>-Tipo de producto: Elaboración propia<br><br>-Materia prima: Certificada sin gluten<br><br>-Cocina: Cocina 100% libre de gluten<br><br>-Modalidad: Envío por app / Take away / Tienda online<br><br>-Horarios de atención:<br>Lunes - 9 a 13 y 16 a 20 horas<br>Martes - 9 a 13 y 16 a 20 horas<br>Miércoles - 9 a 13 y 16 a 20 horas<br>Jueves - 9 a 13 y 16 a 20 horas<br>Viernes - 9 a 13 y 16 a 20 horas<br>Sábado - 9 a 13 y 16 a 20 horas<br>Domingo - Cerrado<br><br>Instagram: @debuenchipa.baires <br><br>Descripción: <br>nombre: ]]></description>
        <styleUrl>#icon-1578-E65100-labelson</styleUrl>
        <ExtendedData>
          <Data name="Descripción">
            <value/>
          </Data>
          <Data name="nombre">
            <value/>
          </Data>
        </ExtendedData>
        <Point>
          <coordinates>
            -58.9156817,-34.4579214,0
          </coordinates>
        </Point>
      </Placemark>
      <Placemark>
        <name>De Buen Chipa</name>
        <description><![CDATA[-Tipo de comercio: Panadería<br><br>-El menú del comercio es 100% libre de gluten<br><br>-Tipo de producto: Elaboración propia<br><br>-Materia prima: Certificada sin gluten<br><br>-Cocina: Cocina 100% libre de gluten<br><br>-Modalidad: Envío por app / Take away / Tienda online<br><br>-Horarios de atención:<br>Lunes - 9 a 13 y 16 a 20 horas<br>Martes - 9 a 13 y 16 a 20 horas<br>Miércoles - 9 a 13 y 16 a 20 horas<br>Jueves - 9 a 13 y 16 a 20 horas<br>Viernes - 9 a 13 y 16 a 20 horas<br>Sábado - 9 a 13 y 16 a 20 horas<br>Domingo - Cerrado<br><br>Instagram: @debuenchipa.baires <br><br>Descripción: <br>nombre: ]]></description>
        <styleUrl>#icon-1578-E65100-labelson</styleUrl>
        <ExtendedData>
          <Data name="Descripción">
            <value/>
          </Data>
          <Data name="nombre">
            <value/>
          </Data>
        </ExtendedData>
        <Point>
          <coordinates>
            -58.7561647,-34.4435448,0
          </coordinates>
        </Point>
      </Placemark>
      <Placemark>
        <name>Despensa del celíaco</name>
        <description><![CDATA[-Tipo de comercio: Panadería / Pastelería / Fábrica de pastas<br><br>-Modalidad: Take away / Envío por app / Tienda online<br><br>-Tipo de producto: Elaboración propia<br><br>-Materia prima: Certificada sin TACC<br><br>-Cocina: Cocina 100% libre de gluten<br><br>-Horarios de atención:<br>Lunes - Cerrado<br>Martes - 10 a 19 horas<br>Miércoles - 10 a 19 horas<br>Jueves - 10 a 19 horas<br>Viernes - 10 a 19 horas<br>Sábado - 10 a 19 horas<br>Domingo - Cerrado<br><br>Descripción: <br>nombre: ]]></description>
        <styleUrl>#icon-1578-E65100-labelson</styleUrl>
        <ExtendedData>
          <Data name="Descripción">
            <value/>
          </Data>
          <Data name="nombre">
            <value/>
          </Data>
        </ExtendedData>
        <Point>
          <coordinates>
            -58.5535876,-34.4801987,0
          </coordinates>
        </Point>
      </Placemark>
      <Placemark>
        <name>Dolce Vita</name>
        <description><![CDATA[-Tipo de comercio: Restaurante<br><br>-En el comercio se venden productos con gluten también<br><br>-Tipo de producto: Elaboración propia<br><br>-Materia prima: Certificada sin gluten<br><br>-Cocina: Cocina mixta con cuidados en contaminación cruzada<br><br>-Cuidados para evitar la CC: Utensilios exclusivos para la cocción de los alimentos sin gluten / Horno aparte para los alimentos sin gluten / Personal con conocimiento en la manipulación de estos alimentos<br><br>-Modalidad: Consumo en salón / Delivery propio / Take away<br><br>-Horarios de atención:<br>Lunes - 9 a 23.30 horas<br>Martes - 9 a 23.30 horas<br>Miércoles - 9 a 23.30 horas<br>Jueves - 9 a 23.30 horas<br>Viernes - 9 a 23.30 horas<br>Sábado - 9 a 23.30 horas<br>Domingo - 11 a 19 horas<br><br>Instagram: @dolcevita.lanus<br><br>Descripción: <br>nombre: ]]></description>
        <styleUrl>#icon-1577-FFEA00-labelson</styleUrl>
        <ExtendedData>
          <Data name="Descripción">
            <value/>
          </Data>
          <Data name="nombre">
            <value/>
          </Data>
        </ExtendedData>
        <Point>
          <coordinates>
            -58.39315,-34.704017,0
          </coordinates>
        </Point>
      </Placemark>
      <Placemark>
        <name>Dulce Destino</name>
        <description><![CDATA[-Tipo de comercio: Cafetería<br><br>-Modalidad: Salón / Take away / Delivery<br><br>-Tipo de producto: Productos marca Lovely Cakes sin TACC<br><br>-Nivel de cuidados: Cocina mixta con cuidados en contaminación cruzada<br><br>-Horarios de atención:<br>Lunes - 9 a 19 horas<br>Martes - 9 a 19 horas<br>Miércoles - 9 a 19 horas<br>Jueves - 9 a 19 horas<br>Viernes - 9 a 19 horas<br>Sábado - 9 a 19 horas<br>Domingo - Cerrado<br><br>Descripción: <br>nombre: ]]></description>
        <styleUrl>#icon-1577-FFEA00-labelson</styleUrl>
        <ExtendedData>
          <Data name="Descripción">
            <value/>
          </Data>
          <Data name="nombre">
            <value/>
          </Data>
        </ExtendedData>
        <Point>
          <coordinates>
            -58.363059,-34.6656027,0
          </coordinates>
        </Point>
      </Placemark>
      <Placemark>
        <name><![CDATA[Eggs & Greens Café]]></name>
        <description><![CDATA[-Tipo de comercio: Restaurante<br><br>-Modalidad: Salón / Delivery<br><br>-Tipo de producto: Elaboración propia<br><br>-Materia prima: Certificada sin TACC<br><br>-Nivel de cuidados: Cocina 100% libre de gluten<br><br>-Horarios de atención:<br>Lunes - Martes - 9 a 19 horas<br>Martes - 9 a 19 horas<br>Miércoles - 9 a 19 horas<br>Jueves - 9 a 19 horas<br>Viernes - 9 a 19 horas<br>Sábado - 9 a 19 horas<br>Domingo - 9 a 19 horas<br><br>Descripción: <br>nombre: ]]></description>
        <styleUrl>#icon-1577-FFEA00-labelson</styleUrl>
        <ExtendedData>
          <Data name="Descripción">
            <value/>
          </Data>
          <Data name="nombre">
            <value/>
          </Data>
        </ExtendedData>
        <Point>
          <coordinates>
            -58.5079734,-34.4706463,0
          </coordinates>
        </Point>
      </Placemark>
      <Placemark>
        <name>Exquisito sin gluten</name>
        <description><![CDATA[-Tipo de comercio: Almacén sin TACC<br><br>-El menú del comercio es 100% libre de gluten<br><br>-Tipo de producto: Elaboración propia<br><br>-Materia prima: Certificada sin gluten<br><br>-Cocina: Cocina 100% libre de gluten<br><br>-Modalidad: Take away<br><br>-Horarios de atención:<br>Lunes - 9 a 13 y 17 a 20.30 horas<br>Martes - 9 a 13 y 17 a 20.30 horas<br>Miércoles - 9 a 13 y 17 a 20.30 horas<br>Jueves - 9 a 13 y 17 a 20.30 horas<br>Viernes - 9 a 13 y 17 a 20.30 horas<br>Sábado - 9 a 13 y 17 a 20.30 horas<br>Domingo - 9 a 13 horas<br><br>Instagram: @exquisitosingluten<br><br>Descripción: <br>nombre: ]]></description>
        <styleUrl>#icon-1578-E65100-labelson</styleUrl>
        <ExtendedData>
          <Data name="Descripción">
            <value/>
          </Data>
          <Data name="nombre">
            <value/>
          </Data>
        </ExtendedData>
        <Point>
          <coordinates>
            -58.6385841,-34.4885451,0
          </coordinates>
        </Point>
      </Placemark>
      <Placemark>
        <name>Felicity gluten free
</name>
        <description><![CDATA[-Tipo de comercio: Pastelería<br><br>-Tipo de producto: Elaboración propia<br><br>-Materia prima: Certificada sin gluten<br><br>-Cocina: Cocina 100% libre de gluten<br><br>-Modalidad: Delivery propio / Envío por app / Take away<br><br>-Horarios de atención:<br>Lunes - 9 a 20 horas<br>Martes - 9 a 20 horas<br>Miércoles - 9 a 20 horas<br>Jueves - 9 a 20 horas<br>Viernes - 9 a 20 horas<br>Sábado - 9 a 20 horas<br>Domingo - 9 a 13 horas<br><br>Instagram: @felicityglutenfree <br><br>Descripción: <br>nombre: ]]></description>
        <styleUrl>#icon-1578-E65100-labelson</styleUrl>
        <ExtendedData>
          <Data name="Descripción">
            <value/>
          </Data>
          <Data name="nombre">
            <value/>
          </Data>
        </ExtendedData>
        <Point>
          <coordinates>
            -58.660825,-34.3913851,0
          </coordinates>
        </Point>
      </Placemark>
      <Placemark>
        <name><![CDATA[Flander's Bar & Grill]]></name>
        <description><![CDATA[-Tipo de comercio: Restaurante<br><br>-Modalidad: Salón / Take away<br><br>-Tipo de producto: Elaboración propia<br><br>-Materia prima: Certificada sin TACC<br><br>-Nivel de cuidados: Cocina mixta con cuidados en contaminación cruzada<br><br>-Horarios de atención:<br>Lunes - 8 a 23.30 horas<br>Martes - 8 a 23.30 horas<br>Miércoles - 8 a 23.30 horas<br>Jueves - 8 a 23.30 horas<br>Viernes - 8 a 23.30 horas<br>Sábado - 9 a 23.30 horas<br>Domingo - 9 a 23.30 horas<br><br>Descripción: <br>nombre: ]]></description>
        <styleUrl>#icon-1577-FFEA00-labelson</styleUrl>
        <ExtendedData>
          <Data name="Descripción">
            <value/>
          </Data>
          <Data name="nombre">
            <value/>
          </Data>
        </ExtendedData>
        <Point>
          <coordinates>
            -58.7548949,-34.4431924,0
          </coordinates>
        </Point>
      </Placemark>
      <Placemark>
        <name><![CDATA[Flora Cocina & Café]]></name>
        <description><![CDATA[-Tipo de comercio: Restaurante / Cafetería / Panadería / Sandwichería / Pastelería<br><br>-Modalidad: Salón / Take away / Envío por app<br><br>-Tipo de producto: Elaboración propia<br><br>-Materia prima: Certificada sin TACC<br><br>-Cocina: Cocina mixta con cuidados en contaminación cruzada<br><br>-Horarios de atención:<br>Lunes - 8 a 21 horas<br>Martes - 8 a 21 horas<br>Miércoles - 8 a 21 horas<br>Jueves - 8 a 21 horas<br>Viernes - 8 a 21 horas<br>Sábado - 8 a 21 horas<br>Domingo - 8 a 21 horas<br><br>Descripción: <br>nombre: ]]></description>
        <styleUrl>#icon-1577-FFEA00-labelson</styleUrl>
        <ExtendedData>
          <Data name="Descripción">
            <value/>
          </Data>
          <Data name="nombre">
            <value/>
          </Data>
        </ExtendedData>
        <Point>
          <coordinates>
            -57.9510347,-34.9220992,0
          </coordinates>
        </Point>
      </Placemark>
      <Placemark>
        <name><![CDATA[Flora Cocina & Cafe]]></name>
        <description><![CDATA[-Tipo de comercio: Restaurante / Cafetería / Panadería / Sandwichería / Pastelería<br><br>-Modalidad: Salón / Take away / Envío por app<br><br>-Tipo de producto: Elaboración propia<br><br>-Materia prima: Certificada sin TACC<br><br>-Cocina: Cocina mixta con cuidados en contaminación cruzada<br><br>-Horarios de atención:<br>Lunes - 8 a 21 horas<br>Martes - 8 a 21 horas<br>Miércoles - 8 a 21 horas<br>Jueves - 8 a 21 horas<br>Viernes - 8 a 21 horas<br>Sábado - 8 a 21 horas<br>Domingo - 8 a 21 horas<br><br>Descripción: <br>nombre: ]]></description>
        <styleUrl>#icon-1577-FFEA00-labelson</styleUrl>
        <ExtendedData>
          <Data name="Descripción">
            <value/>
          </Data>
          <Data name="nombre">
            <value/>
          </Data>
        </ExtendedData>
        <Point>
          <coordinates>
            -57.9540046,-34.9135017,0
          </coordinates>
        </Point>
      </Placemark>
      <Placemark>
        <name>Glück Cervecería - La Plata</name>
        <description><![CDATA[-Tipo de comercio: Cervecería<br><br>-Modalidad: Salón / Take away / Delivery<br><br>-Tipo de producto: Productos marca La Delfina<br><br>-Nivel de cuidados: Cocina mixta con cuidados en contaminación cruzada<br><br>-Horarios de atención:<br>Lunes - desde las 18.30 horas<br>Martes - desde las 18.30 horas<br>Miércoles - desde las 18.30 horas<br>Jueves - desde las 18.30 horas<br>Viernes - desde las 18.30 horas<br>Sábado - desde las 18.30 horas<br>Domingo - desde las 18.30 horas<br><br>Descripción: <br>nombre: ]]></description>
        <styleUrl>#icon-1577-FFEA00-labelson</styleUrl>
        <ExtendedData>
          <Data name="Descripción">
            <value/>
          </Data>
          <Data name="nombre">
            <value/>
          </Data>
        </ExtendedData>
        <Point>
          <coordinates>
            -57.958978,-34.9179045,0
          </coordinates>
        </Point>
      </Placemark>
      <Placemark>
        <name>Glück Cervecería - Pilar</name>
        <description><![CDATA[-Tipo de comercio: Cervecería<br><br>-Modalidad: Salón / Take away / Delivery<br><br>-Tipo de producto: Productos marca La Delfina<br><br>-Nivel de cuidados: Cocina mixta con cuidados en contaminación cruzada<br><br>-Horarios de atención:<br>Lunes - desde las 18 horas<br>Martes - desde las 18 horas<br>Miércoles - desde las 18 horas<br>Jueves - desde las 18 horas<br>Viernes - desde las 18 horas<br>Sábado - desde las 18 horas<br>Domingo - desde las 18 horas<br><br>Descripción: <br>nombre: ]]></description>
        <styleUrl>#icon-1577-FFEA00-labelson</styleUrl>
        <ExtendedData>
          <Data name="Descripción">
            <value/>
          </Data>
          <Data name="nombre">
            <value/>
          </Data>
        </ExtendedData>
        <Point>
          <coordinates>
            -58.8617167,-34.4421372,0
          </coordinates>
        </Point>
      </Placemark>
      <Placemark>
        <name>Gluten Free Lomas</name>
        <description><![CDATA[-Tipo de comercio: Productos 100% libres de gluten<br><br>-Modalidad: Take away<br><br>-Tipo de producto: Elaboración propia<br><br>-Materia prima: Certificada sin gluten<br><br>-Cocina: Cocina 100% libre de gluten<br><br>-Horarios de atención:<br>Lunes - Cerrado<br>Martes - 10 a 20.30 horas<br>Miércoles - 10 a 20.30 horas<br>Jueves - 10 a 20.30 horas<br>Viernes - 10.30 a 23 horas<br>Sábado - 10.30 a 23 horas<br>Domingo - 16 a 20 horas<br><br>Instagram: @glutenfreelomas <br><br>Descripción: <br>nombre: ]]></description>
        <styleUrl>#icon-1578-E65100-labelson</styleUrl>
        <ExtendedData>
          <Data name="Descripción">
            <value/>
          </Data>
          <Data name="nombre">
            <value/>
          </Data>
        </ExtendedData>
        <Point>
          <coordinates>
            -58.4044072,-34.7615518,0
          </coordinates>
        </Point>
      </Placemark>
      <Placemark>
        <name>Gluten Free Lomas</name>
        <description><![CDATA[-Tipo de comercio: Productos 100% libres de gluten<br><br>-Modalidad: Take away<br><br>-Tipo de producto: Elaboración propia<br><br>-Materia prima: Certificada sin gluten<br><br>-Cocina: Cocina 100% libre de gluten<br><br>-Horarios de atención:<br>Lunes - Cerrado<br>Martes - 10 a 20.30 horas<br>Miércoles - 10 a 20.30 horas<br>Jueves - 10 a 20.30 horas<br>Viernes - 10.30 a 23 horas<br>Sábado - 10.30 a 23 horas<br>Domingo - 16 a 20 horas<br><br>Instagram: @glutenfreelomas <br><br>Descripción: <br>nombre: ]]></description>
        <styleUrl>#icon-1578-E65100-labelson</styleUrl>
        <ExtendedData>
          <Data name="Descripción">
            <value/>
          </Data>
          <Data name="nombre">
            <value/>
          </Data>
        </ExtendedData>
        <Point>
          <coordinates>
            -58.3892417,-34.7045295,0
          </coordinates>
        </Point>
      </Placemark>
      <Placemark>
        <name>Gluten Free Point</name>
        <description><![CDATA[-Tipo de comercio: Panadería<br><br>-Modalidad: Take away / Delivery<br><br>-Tipo de producto: Elaboración propia<br><br>-Materia prima: Certificada sin TACC<br><br>-Nivel de cuidados: Cocina 100% libre de gluten<br><br>Comentario del lugar: "Las opciones que tienen el simbolo sin tacc, son 100% libre de gluten".<br><br>-Horarios de atención:<br>Lunes - 9.30 a 18 horas<br>Martes - 9.30 a 18 horas<br>Miércoles - 9.30 a 18 horas<br>Jueves - 9.30 a 18 horas<br>Viernes - 9.30 a 18 horas<br>Sábado - 9.30 a 14 horas<br>Domingo - Cerrado<br><br>Descripción: <br>nombre: ]]></description>
        <styleUrl>#icon-1578-E65100-labelson</styleUrl>
        <ExtendedData>
          <Data name="Descripción">
            <value/>
          </Data>
          <Data name="nombre">
            <value/>
          </Data>
        </ExtendedData>
        <Point>
          <coordinates>
            -58.5142538,-34.4708931,0
          </coordinates>
        </Point>
      </Placemark>
      <Placemark>
        <name>Goût Gluten Free Canning</name>
        <description><![CDATA[-Tipo de comercio: Restaurante<br><br>-Modalidad: Salón / Take away<br><br>-Tipo de producto: Elaboración propia<br><br>-Nivel de cuidados: Cocina 100% libre de gluten<br><br>-Horarios de atención:<br>Lunes - 9 a 20 horas<br>Martes - 9 a 20 horas<br>Miércoles - 9 a 20 horas<br>Jueves - 9 a 20 horas<br>Viernes - 9 a 20 horas<br>Sábado - 9 a 20 horas<br>Domingo - 9 a 20 horas<br><br>Descripción: <br>nombre: ]]></description>
        <styleUrl>#icon-1577-FFEA00-labelson</styleUrl>
        <ExtendedData>
          <Data name="Descripción">
            <value/>
          </Data>
          <Data name="nombre">
            <value/>
          </Data>
        </ExtendedData>
        <Point>
          <coordinates>
            -58.5045545,-34.8815961,0
          </coordinates>
        </Point>
      </Placemark>
      <Placemark>
        <name>Goût Gluten Free Lomas</name>
        <description><![CDATA[-Tipo de comercio: Restaurante<br><br>-Modalidad: Salón / Take away<br><br>-Tipo de producto: Elaboración propia<br><br>-Nivel de cuidados: Cocina 100% libre de gluten<br><br>-Horarios de atención:<br>Lunes - 9 a 20 horas<br>Martes - 9 a 20 horas<br>Miércoles - 9 a 20 horas<br>Jueves - 9 a 20 horas<br>Viernes - 9 a 20 horas<br>Sábado - 9 a 20 horas<br>Domingo - 9 a 20 horas<br><br>Descripción: <br>nombre: ]]></description>
        <styleUrl>#icon-1577-FFEA00-labelson</styleUrl>
        <ExtendedData>
          <Data name="Descripción">
            <value/>
          </Data>
          <Data name="nombre">
            <value/>
          </Data>
        </ExtendedData>
        <Point>
          <coordinates>
            -58.4019773,-34.7642831,0
          </coordinates>
        </Point>
      </Placemark>
      <Placemark>
        <name>Gout Cafe Gluten Free Nordelta</name>
        <description><![CDATA[-Tipo de comercio: Restaurante<br><br>-Modalidad: Salón / Take away<br><br>-Tipo de producto: Elaboración propia<br><br>-Nivel de cuidados: Cocina 100% libre de gluten<br><br>-Horarios de atención:<br>Lunes - 9 a 20 horas<br>Martes - 9 a 20 horas<br>Miércoles - 9 a 20 horas<br>Jueves - 9 a 20 horas<br>Viernes - 9 a 20 horas<br>Sábado - 9 a 20 horas<br>Domingo - 9 a 20 horas<br><br>Descripción: <br>nombre: ]]></description>
        <styleUrl>#icon-1577-FFEA00-labelson</styleUrl>
        <ExtendedData>
          <Data name="Descripción">
            <value/>
          </Data>
          <Data name="nombre">
            <value/>
          </Data>
        </ExtendedData>
        <Point>
          <coordinates>
            -58.650164,-34.3969572,0
          </coordinates>
        </Point>
      </Placemark>
      <Placemark>
        <name>Goût Gluten Free Pilar</name>
        <description><![CDATA[-Tipo de comercio: Restaurante<br><br>-Modalidad: Salón / Take away<br><br>-Tipo de producto: Elaboración propia<br><br>-Nivel de cuidados: Cocina 100% libre de gluten<br><br>-Horarios de atención:<br>Lunes - 9 a 21 horas<br>Martes - 9 a 21 horas<br>Miércoles - 9 a 21 horas<br>Jueves - 9 a 21 horas<br>Viernes - 9 a 21 horas<br>Sábado - 9 a 21 horas<br>Domingo - 9 a 21 horas<br><br>Descripción: <br>nombre: ]]></description>
        <styleUrl>#icon-1577-FFEA00-labelson</styleUrl>
        <ExtendedData>
          <Data name="Descripción">
            <value/>
          </Data>
          <Data name="nombre">
            <value/>
          </Data>
        </ExtendedData>
        <Point>
          <coordinates>
            -58.9162036,-34.4501127,0
          </coordinates>
        </Point>
      </Placemark>
      <Placemark>
        <name>Goût Gluten Free Vicente López</name>
        <description><![CDATA[-Tipo de comercio: Restaurante<br><br>-Modalidad: Salón / Take away<br><br>-Tipo de producto: Elaboración propia<br><br>-Nivel de cuidados: Cocina 100% libre de gluten<br><br>-Horarios de atención:<br>Lunes - 9 a 20 horas<br>Martes - 9 a 20 horas<br>Miércoles - 9 a 20 horas<br>Jueves - 9 a 20 horas<br>Viernes - 9 a 20 horas<br>Sábado - 9 a 20 horas<br>Domingo - 9 a 20 horas<br><br>Descripción: <br>nombre: ]]></description>
        <styleUrl>#icon-1577-FFEA00-labelson</styleUrl>
        <ExtendedData>
          <Data name="Descripción">
            <value/>
          </Data>
          <Data name="nombre">
            <value/>
          </Data>
        </ExtendedData>
        <Point>
          <coordinates>
            -58.4743165,-34.519689,0
          </coordinates>
        </Point>
      </Placemark>
      <Placemark>
        <name>Gozo.taste</name>
        <description><![CDATA[-Tipo de comercio: Cafetería / Pastelería<br><br>-El menú del comercio es 100% libre de gluten<br><br>-Tipo de producto: Elaboración propia <br><br>-Materia prima: Certificada sin gluten<br><br>-Cocina: Cocina 100% libre de gluten<br><br>-Modalidad: Consumo en salón / Delivery propio / Take away / Tienda online<br><br>-Horarios de atención:<br>Lunes - Cerrado<br>Martes - 11 a 19 horas<br>Miércoles - 11 a 19 horas<br>Jueves - 11 a 19 horas<br>Viernes - 11 a 19 horas<br>Sábado - 11 a 19 horas<br>Domingo - Cerrado<br><br>Instagram: @gozo.taste <br><br>Descripción: <br>nombre: ]]></description>
        <styleUrl>#icon-1577-FFEA00-labelson</styleUrl>
        <ExtendedData>
          <Data name="Descripción">
            <value/>
          </Data>
          <Data name="nombre">
            <value/>
          </Data>
        </ExtendedData>
        <Point>
          <coordinates>
            -58.4936939,-34.5149631,0
          </coordinates>
        </Point>
      </Placemark>
      <Placemark>
        <name>Haala Gluten Free</name>
        <description><![CDATA[-Tipo de comercio: Pastelería<br><br>-El menú del comercio es 100% libre de gluten<br><br>-Tipo de producto: Elaboración propia<br><br>-Materia prima: Certificada sin gluten<br><br>-Cocina: Cocina 100% libre de gluten<br><br>-Modalidad: Envío por app / Take away<br><br>-Horarios de atención:<br>Lunes - Cerrado<br>Martes - 8.30 a 12.30 y 16.30 a 19.30 horas<br>Miércoles - 8.30 a 12.30 y 16.30 a 19.30 horas<br>Jueves - 8.30 a 12.30 y 16.30 a 19.30 horas<br>Viernes - 8.30 a 12.30 y 16.30 a 19.30 horas<br>Sábado - 8.30 a 12.30 y 16.30 a 19.30 horas<br>Domingo - 9 a 12.30 horas<br><br>Instagram: @haala.glutenfree <br><br>Descripción: <br>nombre: ]]></description>
        <styleUrl>#icon-1578-E65100-labelson</styleUrl>
        <ExtendedData>
          <Data name="Descripción">
            <value/>
          </Data>
          <Data name="nombre">
            <value/>
          </Data>
        </ExtendedData>
        <Point>
          <coordinates>
            -58.7365852,-34.3900047,0
          </coordinates>
        </Point>
      </Placemark>
      <Placemark>
        <name>Hache Homebaked</name>
        <description><![CDATA[-Tipo de comercio: Despacho<br><br>-Modalidad: Take away / Delivery<br><br>-Tipo de producto: Elaboración propia<br><br>-Materia prima: Certificada sin TACC<br><br>-Nivel de cuidados: Cocina 100% libre de gluten<br><br>-Horarios de atención:<br>Lunes - 9.30 a 13 y 16 a 19.30 horas<br>Martes - 9.30 a 13 y 16 a 19.30 horas<br>Miércoles - 9.30 a 13 y 16 a 19.30 horas<br>Jueves - 9.30 a 13 y 16 a 19.30 horas<br>Viernes - 9.30 a 13 y 16 a 19.30 horas<br>Sábado - 9.30 a 13 y 16 a 19.30 horas<br>Domingo - Cerrado<br><br>Descripción: <br>nombre: ]]></description>
        <styleUrl>#icon-1578-E65100-labelson</styleUrl>
        <ExtendedData>
          <Data name="Descripción">
            <value/>
          </Data>
          <Data name="nombre">
            <value/>
          </Data>
        </ExtendedData>
        <Point>
          <coordinates>
            -58.6358733,-34.4963183,0
          </coordinates>
        </Point>
      </Placemark>
      <Placemark>
        <name>Hache Homebaked</name>
        <description><![CDATA[-Tipo de comercio: Despacho<br><br>-Modalidad: Take away / Delivery<br><br>-Tipo de producto: Elaboración propia<br><br>-Materia prima: Certificada sin TACC<br><br>-Nivel de cuidados: Cocina 100% libre de gluten<br><br>-Horarios de atención:<br>Lunes - 9.30 a 13.30 y 15.30 a 19.30 horas<br>Martes - 9.30 a 13.30 y 15.30 a 19.30 horas<br>Miércoles - 9.30 a 13.30 y 15.30 a 19.30 horas<br>Jueves - 9.30 a 13.30 y 15.30 a 19.30 horas<br>Viernes - 9.30 a 13.30 y 15.30 a 19.30 horas<br>Sábado - 9.30 a 14 y 16 a 19 horas<br>Domingo - Cerrado<br><br>Descripción: <br>nombre: ]]></description>
        <styleUrl>#icon-1578-E65100-labelson</styleUrl>
        <ExtendedData>
          <Data name="Descripción">
            <value/>
          </Data>
          <Data name="nombre">
            <value/>
          </Data>
        </ExtendedData>
        <Point>
          <coordinates>
            -58.4749159,-34.5230985,0
          </coordinates>
        </Point>
      </Placemark>
      <Placemark>
        <name>Hache Homebaked</name>
        <description><![CDATA[-Tipo de comercio: Despacho<br><br>-Modalidad: Take away / Delivery<br><br>-Tipo de producto: Elaboración propia<br><br>-Materia prima: Certificada sin TACC<br><br>-Nivel de cuidados: Cocina 100% libre de gluten<br><br>-Horarios de atención:<br>Lunes - Cerrado<br>Martes - 9 a 19 horas<br>Miércoles - 9 a 19 horas<br>Jueves - 9 a 19 horas<br>Viernes - 9 a 19 horas<br>Sábado - 9 a 19 horas<br>Domingo - Cerrado<br><br>Descripción: <br>nombre: ]]></description>
        <styleUrl>#icon-1578-E65100-labelson</styleUrl>
        <ExtendedData>
          <Data name="Descripción">
            <value/>
          </Data>
          <Data name="nombre">
            <value/>
          </Data>
        </ExtendedData>
        <Point>
          <coordinates>
            -58.5036337,-34.479632,0
          </coordinates>
        </Point>
      </Placemark>
      <Placemark>
        <name><![CDATA[Hana Poke & Bar]]></name>
        <description><![CDATA[-Tipo de comercio: Restaurante<br><br>-Modalidad: Take away / Delivery<br><br>-Tipo de producto: Elaboración propia <br><br>-Materia prima: Certificada sin TACC<br><br>-Nivel de cuidados: Cocina mixta con cuidados en contaminación cruzada<br><br>-Horarios de atención:<br>Lunes - 11 a 16 horas<br>Martes - 11 a 16 horas<br>Miércoles - 11 a 16 horas<br>Jueves - 11 a 16 horas<br>Viernes - 11 a 16 horas<br>Sábado - 11 a 16 horas<br>Domingo - 11 a 16 horas<br><br>Descripción: <br>nombre: ]]></description>
        <styleUrl>#icon-1577-FFEA00-labelson</styleUrl>
        <ExtendedData>
          <Data name="Descripción">
            <value/>
          </Data>
          <Data name="nombre">
            <value/>
          </Data>
        </ExtendedData>
        <Point>
          <coordinates>
            -58.4814804,-34.5035212,0
          </coordinates>
        </Point>
      </Placemark>
      <Placemark>
        <name>Hora de Comer SIN TACC</name>
        <description><![CDATA[-Tipo de comercio: Panadería / Pastelería<br><br>-Tipo de producto: Elaboración propia<br><br>-Materia prima: Certificada sin gluten<br><br>-Cocina: Cocina 100% libre de gluten<br><br>-Modalidad: Delivery propio / Take away<br><br>-Horarios de atención:<br>Lunes - 9 a 14 y 16 a 18 horas<br>Martes - 9 a 14 y 16 a 18 horas<br>Miércoles - 9 a 14 y 16 a 18 horas<br>Jueves - 9 a 14 y 16 a 18 horas<br>Viernes - 9 a 14 y 16 a 18 horas<br>Sábado - 9 a 14 y 16 a 18 horas<br>Domingo - Cerrado<br><br>Instagram: @horadecomersintacc <br><br>Descripción: <br>nombre: ]]></description>
        <styleUrl>#icon-1578-E65100-labelson</styleUrl>
        <ExtendedData>
          <Data name="Descripción">
            <value/>
          </Data>
          <Data name="nombre">
            <value/>
          </Data>
        </ExtendedData>
        <Point>
          <coordinates>
            -59.0983199,-34.5687771,0
          </coordinates>
        </Point>
      </Placemark>
      <Placemark>
        <name>Host Bar</name>
        <description><![CDATA[-Tipo de comercio: Restaurante<br><br>-Modalidad: Salón<br><br>-Tipo de producto: Productos tercerizados<br><br>-Materia prima: Certificada sin TACC<br><br>-Nivel de cuidados: Cocina mixta con cuidados en contaminación cruzada<br><br>-Horarios de atención:<br>Lunes - 7 a 23.30 horas<br>Martes - 7 a 23.30 horas<br>Miércoles - 7 a 23.30 horas<br>Jueves - 7 a 23.30 horas<br>Viernes - 7 a 23.30 horas<br>Sábado - 7 a 23.30 horas<br>Domingo - Cerrado<br><br>Descripción: <br>nombre: ]]></description>
        <styleUrl>#icon-1577-FFEA00-labelson</styleUrl>
        <ExtendedData>
          <Data name="Descripción">
            <value/>
          </Data>
          <Data name="nombre">
            <value/>
          </Data>
        </ExtendedData>
        <Point>
          <coordinates>
            -57.947473,-34.913617,0
          </coordinates>
        </Point>
      </Placemark>
      <Placemark>
        <name><![CDATA[Joe's Grills]]></name>
        <description><![CDATA[-Tipo de comercio: Restaurante<br><br>-Modalidad: Salón / Delivery<br><br>-Tipo de producto: Elaboración propia <br><br>-Nivel de cuidados: Cocina mixta con cuidados en contaminación cruzada<br><br>-Horarios de atención:<br>Lunes - 11 a 0 horas<br>Martes - 11 a 0 horas<br>Miércoles - 11 a 0 horas<br>Jueves - 11 a 0 horas<br>Viernes - 11 a 0 horas<br>Sábado - 11 a 0 horas<br>Domingo - 11 a 0 horas<br><br>Descripción: <br>nombre: ]]></description>
        <styleUrl>#icon-1577-FFEA00-labelson</styleUrl>
        <ExtendedData>
          <Data name="Descripción">
            <value/>
          </Data>
          <Data name="nombre">
            <value/>
          </Data>
        </ExtendedData>
        <Point>
          <coordinates>
            -58.5466818,-34.4964365,0
          </coordinates>
        </Point>
      </Placemark>
      <Placemark>
        <name>Kalúa Pizza Bar</name>
        <description><![CDATA[-Tipo de comercio: Restaurante<br><br>-Modalidad: Salón / Take away / Delivery <br><br>-Tipo de producto: Elaboración propia <br><br>-Materia prima: Certificada sin TACC<br><br>-Nivel de cuidados: Cocina mixta con cuidados en contaminación cruzada<br><br>Comentario del lugar: "Contamos con freidora, cocina, horno y elementos usados exclusivamente para la elaboración de platos libres de gluten. Los panificados, el corte de fiambres, carnes y verduras, las preparaciones y salsas se realizan una vez a la semana y se mantienen congelados y separados en un freezer destinado únicamente para los platos sin TACC". <br><br>-Horarios de atención:<br>Lunes - Cerrado<br>Martes -  de 19 a 0 horas<br>Miércoles -  de 12 a 16 y de 19 a 0 horas<br>Jueves - de 12 a 16 y de 19 a 0 horas<br>Viernes -  de 12 a 16 y de 19 a 0 horas<br>Sábado -  de 12 a 16 y de 19 a 0 horas<br>Domingo -  de 12 a 16 y de 19 a 0 horas<br><br>Descripción: <br>nombre: ]]></description>
        <styleUrl>#icon-1577-FFEA00-labelson</styleUrl>
        <ExtendedData>
          <Data name="Descripción">
            <value/>
          </Data>
          <Data name="nombre">
            <value/>
          </Data>
        </ExtendedData>
        <Point>
          <coordinates>
            -58.632669,-34.4549716,0
          </coordinates>
        </Point>
      </Placemark>
      <Placemark>
        <name>La Casa Refugio Abierto</name>
        <description><![CDATA[-Tipo de comercio: Restaurante / Resto concert<br><br>-El menú del comercio es 100% libre de gluten<br><br>-Tipo de producto: Elaboración propia<br><br>-Materia prima: Certificada sin gluten<br><br>-Cocina: Cocina 100% libre de gluten<br><br>-Modalidad: Consumo en salón<br><br>-Horarios de atención:<br>Lunes - Cerrado<br>Martes - Cerrado<br>Miércoles - Cerrado<br>Jueves - 20.30 a 0 horas<br>Viernes - 12.30 a 14.30 y 20.30 a 0 horas<br>Sábado - 12.30 a 14.30 y 20.30 a 0 horas<br>Domingo - 12.30 a 14.30 horas<br><br>Cuando de noche hay conciertos no abre el restaurante sino que tiene otra modalidad <br><br>Instagram: @lacasa.refugioabierto <br><br>Descripción: <br>nombre: ]]></description>
        <styleUrl>#icon-1577-FFEA00-labelson</styleUrl>
        <ExtendedData>
          <Data name="Descripción">
            <value/>
          </Data>
          <Data name="nombre">
            <value/>
          </Data>
        </ExtendedData>
        <Point>
          <coordinates>
            -58.0459028,-34.8678227,0
          </coordinates>
        </Point>
      </Placemark>
      <Placemark>
        <name>La cocina de la pastelera sin TACC</name>
        <description><![CDATA[-Tipo de comercio: Casa de empanadas, pizzas, tartas, pastas listas y congeladas.<br><br>-El menú del comercio es 100% libre de gluten<br><br>-Tipo de producto: Elaboración propia<br><br>-Materia prima: Certificada sin gluten<br><br>-Cocina: Cocina 100% libre de gluten<br><br>-Modalidad: Envío por app / Take away / Tienda online<br><br>Comentario del lugar: Tenemos la cocina local a la calle y la pastelera sin tacc venta mayorista <br><br>-Horarios de atención:<br>Lunes - Cerrado<br>Martes - 10 a 14 y de 18 a 22 horas<br>Miércoles - 10 a 14 y de 18 a 22 horas<br>Jueves - 10 a 14 y de 18 a 22 horas<br>Viernes - 10 a 14 y de 18 a 22 horas<br>Sábado - 10 a 14 y de 18 a 22 horas<br>Domingo - 10 a 14 horas<br><br>Instagram: @lacocinasintacc_lp<br><br>Descripción: <br>nombre: ]]></description>
        <styleUrl>#icon-1578-E65100-labelson</styleUrl>
        <ExtendedData>
          <Data name="Descripción">
            <value/>
          </Data>
          <Data name="nombre">
            <value/>
          </Data>
        </ExtendedData>
        <Point>
          <coordinates>
            -58.0387449,-34.8854092,0
          </coordinates>
        </Point>
      </Placemark>
      <Placemark>
        <name>La Fonte Di Pasta</name>
        <description><![CDATA[-Tipo de comercio: Fábrica de pastas<br><br>-Modalidad: Take away / Delivery propio<br><br>-Tipo de producto: Productos marca Dominika<br><br>-Horarios de atención:<br>Lunes - Cerrado<br>Martes - 9 a 13 y 15.30 a 19 horas<br>Miércoles - 9 a 13 y 15.30 a 19 horas<br>Jueves - 9 a 13 y 15.30 a 19 horas<br>Viernes - 9 a 13 y 15.30 a 19 horas<br>Sábado - 9 a 13 y 15.30 a 19 horas<br>Domingo - 9 a 13 horas<br><br>Instagram: @lafontedipasta<br> <br><br>Descripción: <br>nombre: ]]></description>
        <styleUrl>#icon-1578-E65100-labelson</styleUrl>
        <ExtendedData>
          <Data name="Descripción">
            <value/>
          </Data>
          <Data name="nombre">
            <value/>
          </Data>
        </ExtendedData>
        <Point>
          <coordinates>
            -58.6327398,-34.4581871,0
          </coordinates>
        </Point>
      </Placemark>
      <Placemark>
        <name>La Guitarrita | Maschwitz</name>
        <description><![CDATA[-Tipo de comercio: Pizzería<br><br>-Modalidad: Salón<br><br>-Tipo de producto: Productos marca Rochino<br><br>-Nivel de cuidados: Cocina mixta con cuidados en contaminación cruzada<br><br>Comentario del lugar: Poseen horno exclusivo<br><br>-Horarios de atención:<br>Lunes - 19 a 0 horas<br>Martes - 19 a 0 horas<br>Miércoles - 19 a 0 horas<br>Jueves - 19 a 0 horas<br>Viernes - 9 a 1 horas<br>Sábado - 9 a 1 horas<br>Domingo - 19 a 0 horas<br>Feriados - 9 a 1 horas<br><br>Descripción: <br>nombre: ]]></description>
        <styleUrl>#icon-1577-FFEA00-labelson</styleUrl>
        <ExtendedData>
          <Data name="Descripción">
            <value/>
          </Data>
          <Data name="nombre">
            <value/>
          </Data>
        </ExtendedData>
        <Point>
          <coordinates>
            -58.7469379,-34.3808932,0
          </coordinates>
        </Point>
      </Placemark>
      <Placemark>
        <name>La Guitarrita | Nordelta</name>
        <description><![CDATA[-Tipo de comercio: Pizzería<br><br>-Modalidad: Salón<br><br>-Tipo de producto: Productos marca Rochino<br><br>-Nivel de cuidados: Cocina mixta con cuidados en contaminación cruzada<br><br>Comentario del lugar: Poseen horno exclusivo<br><br>-Horarios de atención:<br>Lunes - 10 a 0 horas<br>Martes - 10 a 0 horas<br>Miércoles - 10 a 0 horas<br>Jueves - 10 a 0 horas<br>Viernes - 10 a 0 horas<br>Sábado - 10 a 0 horas<br>Domingo - 10 a 0 horas<br>Feriados - 10 a 0 horas<br><br>Descripción: <br>nombre: ]]></description>
        <styleUrl>#icon-1577-FFEA00-labelson</styleUrl>
        <ExtendedData>
          <Data name="Descripción">
            <value/>
          </Data>
          <Data name="nombre">
            <value/>
          </Data>
        </ExtendedData>
        <Point>
          <coordinates>
            -58.6204673,-34.4057324,0
          </coordinates>
        </Point>
      </Placemark>
      <Placemark>
        <name>La Guitarrita (Olivos)</name>
        <description><![CDATA[-Tipo de comercio: Pizzería<br><br>-Modalidad: Salón<br><br>-Tipo de producto: Productos marca Rochino<br><br>-Nivel de cuidados: Cocina mixta con cuidados en contaminación cruzada<br><br>Comentario del lugar: Poseen horno exclusivo<br><br>-Horarios de atención:<br>Lunes - 18 a 1 horas<br>Martes - Cerrado<br>Miércoles - 10 a 1 horas<br>Jueves - 10 a 1 horas<br>Viernes - 10 a 1.30 horas<br>Sábado - 10 a 1.30 horas<br>Domingo - 10 a 1 horas<br><br>Descripción: <br>nombre: ]]></description>
        <styleUrl>#icon-1577-FFEA00-labelson</styleUrl>
        <ExtendedData>
          <Data name="Descripción">
            <value/>
          </Data>
          <Data name="nombre">
            <value/>
          </Data>
        </ExtendedData>
        <Point>
          <coordinates>
            -58.4809266,-34.5039348,0
          </coordinates>
        </Point>
      </Placemark>
      <Placemark>
        <name>La Juvenil Pastas Avellaneda</name>
        <description><![CDATA[-Tipo de comercio: Fábrica de pastas<br><br>-Modalidad: Take away / Entrega programada / Envío por app <br><br>-Tipo de producto: Elaboración propia (tienen una línea sin gluten diferenciada que se elabora en una fábrica aparte)<br><br>-Materia prima: Certificada sin TACC<br><br>-Cocina: Cocina 100% libre de gluten<br><br>-Horarios de atención:<br>Lunes - 9 a 22 horas<br>Martes - 9 a 22 horas<br>Miércoles - 9 a 22 horas<br>Jueves - 9 a 22 horas<br>Viernes - 9 a 22 horas<br>Sábado - 9 a 22 horas<br>Domingo - 9 a 20 horas<br><br>Descripción: <br>nombre: ]]></description>
        <styleUrl>#icon-1578-E65100-labelson</styleUrl>
        <ExtendedData>
          <Data name="Descripción">
            <value/>
          </Data>
          <Data name="nombre">
            <value/>
          </Data>
        </ExtendedData>
        <Point>
          <coordinates>
            -58.365992,-34.6614248,0
          </coordinates>
        </Point>
      </Placemark>
      <Placemark>
        <name>La Juvenil Pastas Bancalari</name>
        <description><![CDATA[-Tipo de comercio: Fábrica de pastas<br><br>-Modalidad: Take away / Entrega programada / Envío por app <br><br>-Tipo de producto: Elaboración propia (tienen una línea sin gluten diferenciada que se elabora en una fábrica aparte)<br><br>-Materia prima: Certificada sin TACC<br><br>-Cocina: Cocina 100% libre de gluten<br><br>-Horarios de atención:<br>Lunes - 10 a 21 horas<br>Martes - 10 a 21 horas<br>Miércoles - 10 a 21 horas<br>Jueves - 10 a 21 horas<br>Viernes - 10 a 21 horas<br>Sábado - 10 a 21 horas<br>Domingo - 10 a 14 y 17.30 a 21 horas<br><br>Descripción: <br>nombre: ]]></description>
        <styleUrl>#icon-1578-E65100-labelson</styleUrl>
        <ExtendedData>
          <Data name="Descripción">
            <value/>
          </Data>
          <Data name="nombre">
            <value/>
          </Data>
        </ExtendedData>
        <Point>
          <coordinates>
            -58.6123646,-34.4637801,0
          </coordinates>
        </Point>
      </Placemark>
      <Placemark>
        <name>La Juvenil Pastas Bella vista</name>
        <description><![CDATA[-Tipo de comercio: Fábrica de pastas<br><br>-Modalidad: Take away / Entrega programada / Envío por app <br><br>-Tipo de producto: Elaboración propia (tienen una línea sin gluten diferenciada que se elabora en una fábrica aparte)<br><br>-Materia prima: Certificada sin TACC<br><br>-Cocina: Cocina 100% libre de gluten<br><br>-Horarios de atención:<br>Lunes - Cerrado<br>Martes - 9.30 a 20.30 horas<br>Miércoles - 9.30 a 20.30 horas<br>Jueves - 9.30 a 20.30 horas<br>Viernes - 9.30 a 20.30 horas<br>Sábado - 9.30 a 20.30 horas<br>Domingo - 9.30 a 14 horas<br><br>Descripción: <br>nombre: ]]></description>
        <styleUrl>#icon-1578-E65100-labelson</styleUrl>
        <ExtendedData>
          <Data name="Descripción">
            <value/>
          </Data>
          <Data name="nombre">
            <value/>
          </Data>
        </ExtendedData>
        <Point>
          <coordinates>
            -58.6968352,-34.5786637,0
          </coordinates>
        </Point>
      </Placemark>
      <Placemark>
        <name>La Juvenil Pastas Canning</name>
        <description><![CDATA[-Tipo de comercio: Fábrica de pastas<br><br>-Modalidad: Take away / Entrega programada / Envío por app <br><br>-Tipo de producto: Elaboración propia (tienen una línea sin gluten diferenciada que se elabora en una fábrica aparte)<br><br>-Materia prima: Certificada sin TACC<br><br>-Cocina: Cocina 100% libre de gluten<br><br>-Horarios de atención:<br>Lunes - 10 a 14 y 16 a 20.30 horas<br>Martes - 10 a 14 y 16 a 20.30 horas<br>Miércoles - 10 a 14 y 16 a 20.30 horas<br>Jueves - 10 a 14 y 16 a 20.30 horas<br>Viernes - 10 a 14 y 16 a 20.30 horas<br>Sábado - 10 a 14 y 16 a 20.30 horas<br>Domingo - 9 a 14 horas<br>Feriados - 9 a 14 horas<br><br>Descripción: <br>nombre: ]]></description>
        <styleUrl>#icon-1578-E65100-labelson</styleUrl>
        <ExtendedData>
          <Data name="Descripción">
            <value/>
          </Data>
          <Data name="nombre">
            <value/>
          </Data>
        </ExtendedData>
        <Point>
          <coordinates>
            -58.5036725,-34.853318,0
          </coordinates>
        </Point>
      </Placemark>
      <Placemark>
        <name>La Juvenil Pastas Castelar</name>
        <description><![CDATA[-Tipo de comercio: Fábrica de pastas<br><br>-Modalidad: Take away / Entrega programada / Envío por app <br><br>-Tipo de producto: Elaboración propia (tienen una línea sin gluten diferenciada que se elabora en una fábrica aparte)<br><br>-Materia prima: Certificada sin TACC<br><br>-Cocina: Cocina 100% libre de gluten<br><br>-Horarios de atención:<br>Lunes - 9 a 20.30 horas<br>Martes - 9 a 20.30 horas<br>Miércoles - 9 a 20.30 horas<br>Jueves - 9 a 20.30 horas<br>Viernes - 9 a 20.30 horas<br>Sábado - 9 a 20.30 horas<br>Domingo - 9 a 14 horas<br><br>Descripción: <br>nombre: ]]></description>
        <styleUrl>#icon-1578-E65100-labelson</styleUrl>
        <ExtendedData>
          <Data name="Descripción">
            <value/>
          </Data>
          <Data name="nombre">
            <value/>
          </Data>
        </ExtendedData>
        <Point>
          <coordinates>
            -58.6558615,-34.640445,0
          </coordinates>
        </Point>
      </Placemark>
      <Placemark>
        <name>La Juvenil Pastas Francisco Alvarez</name>
        <description><![CDATA[-Tipo de comercio: Fábrica de pastas<br><br>-Modalidad: Take away / Delivery propio <br><br>-Tipo de producto: Elaboración propia (tienen una línea sin gluten diferenciada que se elabora en una fábrica aparte)<br><br>-Materia prima: Certificada sin TACC<br><br>-Cocina: Cocina 100% libre de gluten<br><br>-Horarios de atención:<br>Lunes - 9.30 a 20.30 horas<br>Martes - 9.30 a 20.30 horas<br>Miércoles - 9.30 a 20.30 horas<br>Jueves - 9.30 a 20.30 horas<br>Viernes - 9.30 a 20.30 horas<br>Sábado - 9.30 a 20.30 horas<br>Domingo - 9.30 a 14 horas<br>Feriados - 9.30 a 14 horas<br><br>Descripción: <br>nombre: ]]></description>
        <styleUrl>#icon-1578-E65100-labelson</styleUrl>
        <ExtendedData>
          <Data name="Descripción">
            <value/>
          </Data>
          <Data name="nombre">
            <value/>
          </Data>
        </ExtendedData>
        <Point>
          <coordinates>
            -58.8680121,-34.607547,0
          </coordinates>
        </Point>
      </Placemark>
      <Placemark>
        <name>La Juvenil Pastas Lanus Oeste</name>
        <description><![CDATA[-Tipo de comercio: Fábrica de pastas<br><br>-Modalidad: Take away / Entrega programada / Envío por app <br><br>-Tipo de producto: Elaboración propia (tienen una línea sin gluten diferenciada que se elabora en una fábrica aparte)<br><br>-Materia prima: Certificada sin TACC<br><br>-Cocina: Cocina 100% libre de gluten<br><br>-Horarios de atención:<br>Lunes - 9.30 a 20.30 horas<br>Martes - 9.30 a 20.30 horas<br>Miércoles - 9.30 a 20.30 horas<br>Jueves - 9.30 a 20.30 horas<br>Viernes - 9.30 a 20.30 horas<br>Sábado - 9.30 a 20.30 horas<br>Domingo - 9 a 16 horas<br>Feriados - 9 a 16 horas<br><br>Descripción: <br>nombre: ]]></description>
        <styleUrl>#icon-1578-E65100-labelson</styleUrl>
        <ExtendedData>
          <Data name="Descripción">
            <value/>
          </Data>
          <Data name="nombre">
            <value/>
          </Data>
        </ExtendedData>
        <Point>
          <coordinates>
            -58.3949841,-34.701282,0
          </coordinates>
        </Point>
      </Placemark>
      <Placemark>
        <name>La Juvenil Pastas Las Lomitas</name>
        <description><![CDATA[-Tipo de comercio: Fábrica de pastas<br><br>-Modalidad: Take away / Entrega programada / Envío por app <br><br>-Tipo de producto: Elaboración propia (tienen una línea sin gluten diferenciada que se elabora en una fábrica aparte)<br><br>-Materia prima: Certificada sin TACC<br><br>-Cocina: Cocina 100% libre de gluten<br><br>-Horarios de atención:<br>Lunes - 10 a 14 y 16 a 20 horas<br>Martes - 10 a 14 y 16 a 20 horas<br>Miércoles - 10 a 14 y 16 a 20 horas<br>Jueves - 10 a 14 y 16 a 20 horas<br>Viernes - 10 a 14 y 16 a 20 horas<br>Sábado - 10 a 14 y 16 a 20 horas<br>Domingo - 9 a 13.30 horas<br>Feriados - 9.30 a 13.30 horas<br><br>Descripción: <br>nombre: ]]></description>
        <styleUrl>#icon-1578-E65100-labelson</styleUrl>
        <ExtendedData>
          <Data name="Descripción">
            <value/>
          </Data>
          <Data name="nombre">
            <value/>
          </Data>
        </ExtendedData>
        <Point>
          <coordinates>
            -58.4001185,-34.7653317,0
          </coordinates>
        </Point>
      </Placemark>
      <Placemark>
        <name>La Juvenil Pastas Maschwitz</name>
        <description><![CDATA[-Tipo de comercio: Fábrica de pastas<br><br>-Modalidad: Take away / Entrega programada <br><br>-Tipo de producto: Elaboración propia (tienen una línea sin gluten diferenciada que se elabora en una fábrica aparte)<br><br>-Materia prima: Certificada sin TACC<br><br>-Cocina: Cocina 100% libre de gluten<br><br>-Horarios de atención:<br>Lunes - 9 a 20 horas<br>Martes - 9 a 20 horas<br>Miércoles - 9 a 20 horas<br>Jueves - 9 a 20 horas<br>Viernes - 9 a 20 horas<br>Sábado - 9 a 20 horas<br>Domingo - 9 a 14 horas<br>Feriados - 9 a 14 horas<br><br>Descripción: <br>nombre: ]]></description>
        <styleUrl>#icon-1578-E65100-labelson</styleUrl>
        <ExtendedData>
          <Data name="Descripción">
            <value/>
          </Data>
          <Data name="nombre">
            <value/>
          </Data>
        </ExtendedData>
        <Point>
          <coordinates>
            -58.7482635,-34.3835432,0
          </coordinates>
        </Point>
      </Placemark>
      <Placemark>
        <name>La Juvenil Pastas Pilar</name>
        <description><![CDATA[-Tipo de comercio: Fábrica de pastas<br><br>-Modalidad: Take away / Envíos por app<br><br>-Tipo de producto: Elaboración propia (tienen una línea sin gluten diferenciada que se elabora en una fábrica aparte)<br><br>-Materia prima: Certificada sin TACC<br><br>-Cocina: Cocina 100% libre de gluten<br><br>-Horarios de atención:<br>Lunes - 10 a 21 horas<br>Martes - 10 a 21 horas<br>Miércoles - 10 a 21 horas<br>Jueves - 10 a 21 horas<br>Viernes - 10 a 21 horas<br>Sábado - 10 a 21 horas<br>Domingo - 10 a 21 horas<br><br>Descripción: <br>nombre: ]]></description>
        <styleUrl>#icon-1578-E65100-labelson</styleUrl>
        <ExtendedData>
          <Data name="Descripción">
            <value/>
          </Data>
          <Data name="nombre">
            <value/>
          </Data>
        </ExtendedData>
        <Point>
          <coordinates>
            -58.8079109,-34.4354968,0
          </coordinates>
        </Point>
      </Placemark>
      <Placemark>
        <name>La Juvenil Pastas San Isidro</name>
        <description><![CDATA[-Tipo de comercio: Fábrica de pastas<br><br>-Modalidad: Take away / Entrega programada / Envíos por app<br><br>-Tipo de producto: Elaboración propia (tienen una línea sin gluten diferenciada que se elabora en una fábrica aparte)<br><br>-Materia prima: Certificada sin TACC<br><br>-Cocina: Cocina 100% libre de gluten<br><br>-Horarios de atención:<br>Lunes - 9 a 20 horas<br>Martes - 9 a 20 horas<br>Miércoles - 9 a 20 horas<br>Jueves - 9 a 20 horas<br>Viernes - 9 a 20 horas<br>Sábado - 9 a 20 horas<br>Domingo - 9.30 a 14 horas <br>Feriados - 9.30 a 14 horas<br><br>Descripción: <br>nombre: ]]></description>
        <styleUrl>#icon-1578-E65100-labelson</styleUrl>
        <ExtendedData>
          <Data name="Descripción">
            <value/>
          </Data>
          <Data name="nombre">
            <value/>
          </Data>
        </ExtendedData>
        <Point>
          <coordinates>
            -58.5142733,-34.4708898,0
          </coordinates>
        </Point>
      </Placemark>
      <Placemark>
        <name>La Juvenil Pastas Remeros Tigre</name>
        <description><![CDATA[-Tipo de comercio: Fábrica de pastas<br><br>-Modalidad: Take away / Entrega programada / Envíos por app<br><br>-Tipo de producto: Elaboración propia (tienen una línea sin gluten diferenciada que se elabora en una fábrica aparte)<br><br>-Materia prima: Certificada sin TACC<br><br>-Cocina: Cocina 100% libre de gluten<br><br>-Horarios de atención:<br>Lunes - 10 a 21 horas<br>Martes - 10 a 21 horas<br>Miércoles - 10 a 21 horas<br>Jueves - 10 a 21 horas<br>Viernes - 10 a 21 horas<br>Sábado - 10 a 21 horas<br>Domingo - 10 a 21 horas<br><br>Descripción: <br>nombre: ]]></description>
        <styleUrl>#icon-1578-E65100-labelson</styleUrl>
        <ExtendedData>
          <Data name="Descripción">
            <value/>
          </Data>
          <Data name="nombre">
            <value/>
          </Data>
        </ExtendedData>
        <Point>
          <coordinates>
            -58.618922,-34.4074064,0
          </coordinates>
        </Point>
      </Placemark>
      <Placemark>
        <name>La Juvenil Pastas Tortugas Norte</name>
        <description><![CDATA[-Tipo de comercio: Fábrica de pastas<br><br>-Modalidad: Take away / Entrega programada / Envíos por app<br><br>-Tipo de producto: Elaboración propia (tienen una línea sin gluten diferenciada que se elabora en una fábrica aparte)<br><br>-Materia prima: Certificada sin TACC<br><br>-Cocina: Cocina 100% libre de gluten<br><br>-Horarios de atención:<br>Lunes - 10 a 14.30 y 16 a 21 horas<br>Martes - 10 a 14.30 y 16 a 21 horas<br>Miércoles - 10 a 14.30 y 16 a 21 horas<br>Jueves - 10 a 14.30 y 16 a 21 horas<br>Viernes - 10 a 14.30 y 16 a 21 horas<br>Sábado - 10 a 14.30 y 16 a 21 horas<br>Domingo - 10 a 15 horas<br><br>Descripción: <br>nombre: ]]></description>
        <styleUrl>#icon-1578-E65100-labelson</styleUrl>
        <ExtendedData>
          <Data name="Descripción">
            <value/>
          </Data>
          <Data name="nombre">
            <value/>
          </Data>
        </ExtendedData>
        <Point>
          <coordinates>
            -58.7559416,-34.4436276,0
          </coordinates>
        </Point>
      </Placemark>
      <Placemark>
        <name>La Panera Rosa</name>
        <description><![CDATA[-Tipo de comercio: Restaurante<br><br>-Modalidad: Salón<br><br>-Tipo de producto: Elaboración externa en cocina libre de gluten<br><br>-Nivel de cuidados: Cocina mixta con cuidados en contaminación cruzada<br><br>-Horarios de atención:<br>Lunes - 8 a 0 horas<br>Martes - 8 a 0 horas<br>Miércoles - 8 a 0 horas<br>Jueves - 8 a 0 horas<br>Viernes - 8 a 1 horas<br>Sábado - 8 a 1 horas<br>Domingo - 8 a 0 horas<br><br>Descripción: <br>nombre: ]]></description>
        <styleUrl>#icon-1577-FFEA00-labelson</styleUrl>
        <ExtendedData>
          <Data name="Descripción">
            <value/>
          </Data>
          <Data name="nombre">
            <value/>
          </Data>
        </ExtendedData>
        <Point>
          <coordinates>
            -58.4022546,-34.765784,0
          </coordinates>
        </Point>
      </Placemark>
      <Placemark>
        <name>La Panera Rosa</name>
        <description><![CDATA[-Tipo de comercio: Restaurante<br><br>-Modalidad: Salón<br><br>-Tipo de producto: Elaboración externa en cocina libre de gluten<br><br>-Nivel de cuidados: Cocina mixta con cuidados en contaminación cruzada<br><br>-Horarios de atención:<br>Lunes - 8 a 0 horas<br>Martes - 8 a 0 horas<br>Miércoles - 8 a 0 horas<br>Jueves - 8 a 0 horas<br>Viernes - 8 a 0.30 horas<br>Sábado - 8 a 0.30 horas<br>Domingo - 8 a 0.30 horas<br><br>Descripción: <br>nombre: ]]></description>
        <styleUrl>#icon-1577-FFEA00-labelson</styleUrl>
        <ExtendedData>
          <Data name="Descripción">
            <value/>
          </Data>
          <Data name="nombre">
            <value/>
          </Data>
        </ExtendedData>
        <Point>
          <coordinates>
            -58.5035789,-34.8551078,0
          </coordinates>
        </Point>
      </Placemark>
      <Placemark>
        <name>La Panera Rosa</name>
        <description><![CDATA[-Tipo de comercio: Restaurante<br><br>-Modalidad: Salón<br><br>-Tipo de producto: Elaboración externa en cocina libre de gluten<br><br>-Nivel de cuidados: Cocina mixta con cuidados en contaminación cruzada<br><br>-Horarios de atención:<br>Lunes - 10 a 0 horas<br>Martes - 10 a 0 horas<br>Miércoles - 10 a 0 horas<br>Jueves - 10 a 0 horas<br>Viernes - 10 a 0 horas<br>Sábado - 10 a 0 horas<br>Domingo - 10 a 0 horas<br><br>Descripción: <br>nombre: ]]></description>
        <styleUrl>#icon-1577-FFEA00-labelson</styleUrl>
        <ExtendedData>
          <Data name="Descripción">
            <value/>
          </Data>
          <Data name="nombre">
            <value/>
          </Data>
        </ExtendedData>
        <Point>
          <coordinates>
            -58.5237911,-34.5069606,0
          </coordinates>
        </Point>
      </Placemark>
      <Placemark>
        <name>La Sabrosona Sin TACC</name>
        <description><![CDATA[-Tipo de comercio: Panadería / Pastelería<br><br>-Modalidad: Take away<br><br>-Tipo de producto: Elaboración propia<br><br>-Materia prima: Certificada sin TACC<br><br>-Cocina: Cocina 100% libre de gluten<br><br>-Horarios de atención:<br>Lunes - Cerrado<br>Martes - 17 a 20.30 horas<br>Miércoles - 17 a 20.30 horas<br>Jueves - 9.30 a 13 y 17 a 20.30 horas<br>Viernes - 9.30 a 13 y 17 a 20.30 horas<br>Sábado - 9.30 a 13 y 17 a 20.30 horas<br>Domingo - 10 a 13 horas<br><br>Descripción: <br>nombre: ]]></description>
        <styleUrl>#icon-1578-E65100-labelson</styleUrl>
        <ExtendedData>
          <Data name="Descripción">
            <value/>
          </Data>
          <Data name="nombre">
            <value/>
          </Data>
        </ExtendedData>
        <Point>
          <coordinates>
            -58.6466745,-34.4681613,0
          </coordinates>
        </Point>
      </Placemark>
      <Placemark>
        <name>La unión gluten free</name>
        <description><![CDATA[-Tipo de comercio: Panadería<br><br>-Modalidad: Take away<br><br>-Tipo de producto: Elaboración propia<br><br>-Materia prima: Certificada sin TACC<br><br>-Nivel de cuidados: Cocina 100% libre de gluten<br><br>-Horarios de atención:<br>Lunes - 8 a 20 horas<br>Martes - 8 a 20 horas<br>Miércoles - 8 a 20 horas<br>Jueves - 8 a 20 horas<br>Viernes - 8 a 20 horas<br>Sábado - 8 a 20 horas<br>Domingo - 8 a 20 horas<br><br>Descripción: <br>nombre: ]]></description>
        <styleUrl>#icon-1577-FFEA00-labelson</styleUrl>
        <ExtendedData>
          <Data name="Descripción">
            <value/>
          </Data>
          <Data name="nombre">
            <value/>
          </Data>
        </ExtendedData>
        <Point>
          <coordinates>
            -58.8596479,-34.4545794,0
          </coordinates>
        </Point>
      </Placemark>
      <Placemark>
        <name>La Unión Gluten Free Bakery Campana</name>
        <description><![CDATA[-Tipo de comercio: Panadería<br><br>-Modalidad: Take away<br><br>-Tipo de producto: Elaboración propia<br><br>-Materia prima: Certificada sin TACC<br><br>-Nivel de cuidados: Cocina 100% libre de gluten<br><br>-Horarios de atención:<br>Lunes - 9 a 20 horas<br>Martes - 9 a 20 horas<br>Miércoles - 9 a 20 horas<br>Jueves - 9 a 20 horas<br>Viernes - 9 a 20 horas<br>Sábado - 9 a 20 horas<br>Domingo - 9 a 20 horas<br><br>Descripción: <br>nombre: ]]></description>
        <styleUrl>#icon-1577-FFEA00-labelson</styleUrl>
        <ExtendedData>
          <Data name="Descripción">
            <value/>
          </Data>
          <Data name="nombre">
            <value/>
          </Data>
        </ExtendedData>
        <Point>
          <coordinates>
            -58.9609944,-34.1639475,0
          </coordinates>
        </Point>
      </Placemark>
      <Placemark>
        <name>La Unión Gluten Free Tigre</name>
        <description><![CDATA[-Tipo de comercio: Panadería<br><br>-Modalidad: Take away<br><br>-Tipo de producto: Elaboración propia<br><br>-Materia prima: Certificada sin TACC<br><br>-Nivel de cuidados: Cocina 100% libre de gluten<br><br>-Horarios de atención:<br>Lunes - 7.30 a 19.30 horas<br>Martes - 7.30 a 19.30 horas<br>Miércoles - 7.30 a 19.30 horas<br>Jueves - 7.30 a 19.30 horas<br>Viernes - 7.30 a 19.30 horas<br>Sábado - 8 a 20 horas<br>Domingo - 8 a 20 horas<br><br>Descripción: <br>nombre: ]]></description>
        <styleUrl>#icon-1577-FFEA00-labelson</styleUrl>
        <ExtendedData>
          <Data name="Descripción">
            <value/>
          </Data>
          <Data name="nombre">
            <value/>
          </Data>
        </ExtendedData>
        <Point>
          <coordinates>
            -58.618922,-34.4074064,0
          </coordinates>
        </Point>
      </Placemark>
      <Placemark>
        <name>Le Coin</name>
        <description><![CDATA[-Tipo de comercio: Cafetería<br><br>-Modalidad: Salón / Take away<br><br>-Tipo de producto: Productos marca Chipsy<br><br>-Cocina: Cocina mixta con cuidados en contaminación cruzada<br><br>-Nivel de cuidados: Se cocina o calienta en horno de uso exclusivo para alimentos sin gluten / Se sirve cerrado como lo envía el proveedor / Se utilizan guantes, vajilla y tijera exclusiva para los productos sin gluten<br><br>-Horarios de atención:<br>Lunes - 8 a 21 horas<br>Martes - 8 a 21 horas<br>Miércoles - 8 a 21 horas<br>Jueves - 8 a 21 horas<br>Viernes - 8 a 21 horas<br>Sábado - 8 a 21 horas<br>Domingo - 8 a 21 horas<br><br>Instagram: @lecoin_nuevoquilmes <br><br>Descripción: <br>nombre: ]]></description>
        <styleUrl>#icon-1577-FFEA00-labelson</styleUrl>
        <ExtendedData>
          <Data name="Descripción">
            <value/>
          </Data>
          <Data name="nombre">
            <value/>
          </Data>
        </ExtendedData>
        <Point>
          <coordinates>
            -58.2889115,-34.700205,0
          </coordinates>
        </Point>
      </Placemark>
      <Placemark>
        <name><![CDATA[Livings Café & Deco]]></name>
        <description><![CDATA[-Tipo de comercio: Cafetería<br><br>-Modalidad: Salón / Take away<br><br>-Tipo de producto: Productos marca Mundo sin TACC<br><br>-Nivel de cuidados: Se calienta en horno de uso exclusivo para alimentos sin gluten / Se sirve cerrado como lo envía el proveedor <br><br>-Horarios de atención:<br>Lunes - 8 a 20 horas<br>Martes - 8 a 20 horas<br>Miércoles - 8 a 20 horas<br>Jueves - 8 a 20 horas<br>Viernes - 8 a 20 horas<br>Sábado - 8 a 20 horas<br>Domingo - 8 a 20 horas<br><br>Instagram: @livingscafeydeco<br><br>Descripción: <br>nombre: ]]></description>
        <styleUrl>#icon-1577-FFEA00-labelson</styleUrl>
        <ExtendedData>
          <Data name="Descripción">
            <value/>
          </Data>
          <Data name="nombre">
            <value/>
          </Data>
        </ExtendedData>
        <Point>
          <coordinates>
            -59.1037825,-34.5535961,0
          </coordinates>
        </Point>
      </Placemark>
      <Placemark>
        <name>Lo de Carlitos</name>
        <description><![CDATA[-Tipo de comercio: Restaurante<br><br>-Modalidad: Salón / Take away<br><br>-Tipo de producto: Elaboración propia<br><br>-Materia prima: Certificada sin TACC<br><br>-Nivel de cuidados: Cocina mixta con cuidados en contaminación cruzada<br><br>-Horarios de atención:<br>Lunes - 10.30 a 23 horas<br>Martes - 10.30 a 23 horas<br>Miércoles - 10.30 a 23 horas<br>Jueves - 10.30 a 23 horas<br>Viernes - 10.30 a 23 horas<br>Sábado - 10.30 a 23 horas<br>Domingo - 10.30 a 23 horas<br><br>Descripción: <br>nombre: ]]></description>
        <styleUrl>#icon-1577-FFEA00-labelson</styleUrl>
        <ExtendedData>
          <Data name="Descripción">
            <value/>
          </Data>
          <Data name="nombre">
            <value/>
          </Data>
        </ExtendedData>
        <Point>
          <coordinates>
            -58.5668432,-34.6429551,0
          </coordinates>
        </Point>
      </Placemark>
      <Placemark>
        <name>Lo de Carlitos</name>
        <description><![CDATA[-Tipo de comercio: Restaurante<br><br>-Modalidad: Salón / Take away<br><br>-Tipo de producto: Elaboración propia<br><br>-Materia prima: Certificada sin TACC<br><br>-Nivel de cuidados: Cocina mixta con cuidados en contaminación cruzada<br><br>-Horarios de atención:<br>Lunes - 10.30 a 23 horas<br>Martes - 10.30 a 23 horas<br>Miércoles - 10.30 a 23 horas<br>Jueves - 10.30 a 23 horas<br>Viernes - 10.30 a 23 horas<br>Sábado - 10.30 a 23 horas<br>Domingo - 10.30 a 23 horas<br><br>Descripción: <br>nombre: ]]></description>
        <styleUrl>#icon-1577-FFEA00-labelson</styleUrl>
        <ExtendedData>
          <Data name="Descripción">
            <value/>
          </Data>
          <Data name="nombre">
            <value/>
          </Data>
        </ExtendedData>
        <Point>
          <coordinates>
            -58.7090326,-34.5428742,0
          </coordinates>
        </Point>
      </Placemark>
      <Placemark>
        <name>Lo de Carlitos</name>
        <description><![CDATA[-Tipo de comercio: Restaurante<br><br>-Modalidad: Salón / Take away<br><br>-Tipo de producto: Elaboración propia<br><br>-Materia prima: Certificada sin TACC<br><br>-Nivel de cuidados: Cocina mixta con cuidados en contaminación cruzada<br><br>-Horarios de atención:<br>Lunes - 10 a 23 horas<br>Martes - 10 a 23 horas<br>Miércoles - 10 a 23 horas<br>Jueves - 10 a 23 horas<br>Viernes - 10 a 23 horas<br>Sábado - 10 a 23 horas<br>Domingo - 10 a 23 horas<br><br>Descripción: <br>nombre: ]]></description>
        <styleUrl>#icon-1577-FFEA00-labelson</styleUrl>
        <ExtendedData>
          <Data name="Descripción">
            <value/>
          </Data>
          <Data name="nombre">
            <value/>
          </Data>
        </ExtendedData>
        <Point>
          <coordinates>
            -58.3971312,-34.8002836,0
          </coordinates>
        </Point>
      </Placemark>
      <Placemark>
        <name>Lo de Carlitos</name>
        <description><![CDATA[-Tipo de comercio: Restaurante<br><br>-Modalidad: Salón / Take away<br><br>-Tipo de producto: Elaboración propia<br><br>-Materia prima: Certificada sin TACC<br><br>-Nivel de cuidados: Cocina mixta con cuidados en contaminación cruzada<br><br>-Horarios de atención:<br>Lunes - 10 a 23 horas<br>Martes - 10 a 23 horas<br>Miércoles - 10 a 23 horas<br>Jueves - 10 a 23 horas<br>Viernes - 10 a 23 horas<br>Sábado - 10 a 23 horas<br>Domingo - 10 a 23 horas<br><br>Descripción: <br>nombre: ]]></description>
        <styleUrl>#icon-1577-FFEA00-labelson</styleUrl>
        <ExtendedData>
          <Data name="Descripción">
            <value/>
          </Data>
          <Data name="nombre">
            <value/>
          </Data>
        </ExtendedData>
        <Point>
          <coordinates>
            -58.565881,-34.605886,0
          </coordinates>
        </Point>
      </Placemark>
      <Placemark>
        <name>Lo de Carlitos</name>
        <description><![CDATA[-Tipo de comercio: Restaurante<br><br>-Modalidad: Salón / Take away<br><br>-Tipo de producto: Elaboración propia<br><br>-Materia prima: Certificada sin TACC<br><br>-Nivel de cuidados: Cocina mixta con cuidados en contaminación cruzada<br><br>-Horarios de atención:<br>Lunes - 10 a 23 horas<br>Martes - 10 a 23 horas<br>Miércoles - 10 a 23 horas<br>Jueves - 10 a 23 horas<br>Viernes - 10 a 23 horas<br>Sábado - 10 a 23 horas<br>Domingo - 10 a 23 horas<br><br>Descripción: <br>nombre: ]]></description>
        <styleUrl>#icon-1577-FFEA00-labelson</styleUrl>
        <ExtendedData>
          <Data name="Descripción">
            <value/>
          </Data>
          <Data name="nombre">
            <value/>
          </Data>
        </ExtendedData>
        <Point>
          <coordinates>
            -57.955761,-34.916539,0
          </coordinates>
        </Point>
      </Placemark>
      <Placemark>
        <name>Lo de Carlitos</name>
        <description><![CDATA[-Tipo de comercio: Restaurante<br><br>-Modalidad: Salón / Take away<br><br>-Tipo de producto: Elaboración propia<br><br>-Materia prima: Certificada sin TACC<br><br>-Nivel de cuidados: Cocina mixta con cuidados en contaminación cruzada<br><br>-Horarios de atención:<br>Lunes - 8 a 23 horas<br>Martes - 8 a 23 horas<br>Miércoles - 8 a 23 horas<br>Jueves - 8 a 23 horas<br>Viernes - 8 a 23 horas<br>Sábado - 8 a 23 horas<br>Domingo - 8 a 23 horas<br><br>Descripción: <br>nombre: ]]></description>
        <styleUrl>#icon-1577-FFEA00-labelson</styleUrl>
        <ExtendedData>
          <Data name="Descripción">
            <value/>
          </Data>
          <Data name="nombre">
            <value/>
          </Data>
        </ExtendedData>
        <Point>
          <coordinates>
            -58.5033834,-34.479872,0
          </coordinates>
        </Point>
      </Placemark>
      <Placemark>
        <name>Lo De Carlitos</name>
        <description><![CDATA[-Tipo de comercio: Restaurante<br><br>-Modalidad: Salón / Take away<br><br>-Tipo de producto: Elaboración propia<br><br>-Materia prima: Certificada sin TACC<br><br>-Nivel de cuidados: Cocina mixta con cuidados en contaminación cruzada<br><br>-Horarios de atención:<br>Lunes - 8 a 23 horas<br>Martes - 8 a 23 horas<br>Miércoles - 8 a 23 horas<br>Jueves - 8 a 23 horas<br>Viernes - 8 a 23 horas<br>Sábado - 8 a 23 horas<br>Domingo - 8 a 23 horas<br><br>Descripción: <br>nombre: ]]></description>
        <styleUrl>#icon-1577-FFEA00-labelson</styleUrl>
        <ExtendedData>
          <Data name="Descripción">
            <value/>
          </Data>
          <Data name="nombre">
            <value/>
          </Data>
        </ExtendedData>
        <Point>
          <coordinates>
            -58.386197,-34.710609,0
          </coordinates>
        </Point>
      </Placemark>
      <Placemark>
        <name>Lo de Carlitos</name>
        <description><![CDATA[-Tipo de comercio: Restaurante<br><br>-Modalidad: Salón / Take away<br><br>-Tipo de producto: Elaboración propia<br><br>-Materia prima: Certificada sin TACC<br><br>-Nivel de cuidados: Cocina mixta con cuidados en contaminación cruzada<br><br>-Horarios de atención:<br>Lunes - 11.30 a 23 horas<br>Martes - 11.30 a 23 horas<br>Miércoles - 11.30 a 23 horas<br>Jueves - 11.30 a 23 horas<br>Viernes - 11.30 a 23 horas<br>Sábado - 11.30 a 23 horas<br>Domingo - 11.30 a 23 horas<br><br>Descripción: <br>nombre: ]]></description>
        <styleUrl>#icon-1577-FFEA00-labelson</styleUrl>
        <ExtendedData>
          <Data name="Descripción">
            <value/>
          </Data>
          <Data name="nombre">
            <value/>
          </Data>
        </ExtendedData>
        <Point>
          <coordinates>
            -58.4692084,-34.8194795,0
          </coordinates>
        </Point>
      </Placemark>
      <Placemark>
        <name>Lo de Carlitos</name>
        <description><![CDATA[-Tipo de comercio: Restaurante<br><br>-Modalidad: Salón / Take away<br><br>-Tipo de producto: Elaboración propia<br><br>-Materia prima: Certificada sin TACC<br><br>-Nivel de cuidados: Cocina mixta con cuidados en contaminación cruzada<br><br>-Horarios de atención:<br>Lunes - 10 a 23 horas<br>Martes - 10 a 23 horas<br>Miércoles - 10 a 23 horas<br>Jueves - 10 a 23 horas<br>Viernes - 10 a 23 horas<br>Sábado - 10 a 23 horas<br>Domingo - 10 a 23 horas<br><br>Descripción: <br>nombre: ]]></description>
        <styleUrl>#icon-1577-FFEA00-labelson</styleUrl>
        <ExtendedData>
          <Data name="Descripción">
            <value/>
          </Data>
          <Data name="nombre">
            <value/>
          </Data>
        </ExtendedData>
        <Point>
          <coordinates>
            -58.4759079,-34.5159765,0
          </coordinates>
        </Point>
      </Placemark>
      <Placemark>
        <name>Lo de Carlitos</name>
        <description><![CDATA[-Tipo de comercio: Restaurante<br><br>-Modalidad: Salón / Take away<br><br>-Tipo de producto: Elaboración propia<br><br>-Materia prima: Certificada sin TACC<br><br>-Nivel de cuidados: Cocina mixta con cuidados en contaminación cruzada<br><br>-Horarios de atención:<br>Lunes - 10 a 23 horas<br>Martes - 10 a 23 horas<br>Miércoles - 10 a 23 horas<br>Jueves - 10 a 23 horas<br>Viernes - 10 a 23 horas<br>Sábado - 10 a 23 horas<br>Domingo - 10 a 23 horas<br><br>Descripción: <br>nombre: ]]></description>
        <styleUrl>#icon-1577-FFEA00-labelson</styleUrl>
        <ExtendedData>
          <Data name="Descripción">
            <value/>
          </Data>
          <Data name="nombre">
            <value/>
          </Data>
        </ExtendedData>
        <Point>
          <coordinates>
            -58.6570648,-34.6427497,0
          </coordinates>
        </Point>
      </Placemark>
      <Placemark>
        <name>Lo De Carlitos</name>
        <description><![CDATA[-Tipo de comercio: Restaurante<br><br>-Modalidad: Salón / Take away<br><br>-Tipo de producto: Elaboración propia<br><br>-Materia prima: Certificada sin TACC<br><br>-Nivel de cuidados: Cocina mixta con cuidados en contaminación cruzada<br><br>-Horarios de atención:<br>Lunes - 10 a 23 horas<br>Martes - 10 a 23 horas<br>Miércoles - 10 a 23 horas<br>Jueves - 10 a 23 horas<br>Viernes - 10 a 23 horas<br>Sábado - 10 a 23 horas<br>Domingo - 10 a 23 horas<br><br>Descripción: <br>nombre: ]]></description>
        <styleUrl>#icon-1577-FFEA00-labelson</styleUrl>
        <ExtendedData>
          <Data name="Descripción">
            <value/>
          </Data>
          <Data name="nombre">
            <value/>
          </Data>
        </ExtendedData>
        <Point>
          <coordinates>
            -58.6147791,-34.6494512,0
          </coordinates>
        </Point>
      </Placemark>
      <Placemark>
        <name>Lo de Carlitos, el sabor original</name>
        <description><![CDATA[-Tipo de comercio: Restaurante<br><br>-Modalidad: Salón / Take away<br><br>-Tipo de producto: Elaboración propia<br><br>-Materia prima: Certificada sin TACC<br><br>-Nivel de cuidados: Cocina mixta con cuidados en contaminación cruzada<br><br>-Horarios de atención:<br>Lunes - 9 a 23 horas<br>Martes - 9 a 23 horas<br>Miércoles - 9 a 23 horas<br>Jueves - 9 a 23 horas<br>Viernes - 9 a 23 horas<br>Sábado - 9 a 23 horas<br>Domingo - 9 a 23 horas<br><br>Descripción: <br>nombre: ]]></description>
        <styleUrl>#icon-1577-FFEA00-labelson</styleUrl>
        <ExtendedData>
          <Data name="Descripción">
            <value/>
          </Data>
          <Data name="nombre">
            <value/>
          </Data>
        </ExtendedData>
        <Point>
          <coordinates>
            -58.2565417,-34.720494,0
          </coordinates>
        </Point>
      </Placemark>
      <Placemark>
        <name>LOOT CERVECERIA</name>
        <description><![CDATA[-Tipo de comercio: Restaurante<br><br>-Modalidad: Salón / Take away <br><br>-Tipo de producto: Elaboración propia / Productos tercerizados<br><br>-Materia prima: Certificada sin TACC <br><br>-Nivel de cuidados: Cocina mixta con cuidados en contaminación cruzada<br><br>-Horarios de atención:<br>Lunes - 17 a 1 horas<br>Martes - 17 a 1 horas<br>Miércoles - 17 a 1 horas<br>Jueves - 17 a 2 horas<br>Viernes - 17 a 3 horas<br>Sábado - 17 a 3 horas<br>Domingo - 17 a 1 horas<br><br>Descripción: <br>nombre: ]]></description>
        <styleUrl>#icon-1577-FFEA00-labelson</styleUrl>
        <ExtendedData>
          <Data name="Descripción">
            <value/>
          </Data>
          <Data name="nombre">
            <value/>
          </Data>
        </ExtendedData>
        <Point>
          <coordinates>
            -58.6375742,-34.4964246,0
          </coordinates>
        </Point>
      </Placemark>
      <Placemark>
        <name>LOOT GARDEN</name>
        <description><![CDATA[-Tipo de comercio: Restaurante<br><br>-Modalidad: Salón / Take away <br><br>-Tipo de producto: Elaboración propia / Productos tercerizados<br><br>-Materia prima: Certificada sin TACC <br><br>-Nivel de cuidados: Cocina mixta con cuidados en contaminación cruzada<br><br>-Horarios de atención:<br>Lunes - Cerrado<br>Martes - Cerrado<br>Miércoles - Cerrado<br>Jueves - 10 a 1 horas<br>Viernes - 10 a 1 horas<br>Sábado - 10 a 1 horas<br>Domingo - 10 a 1 horas<br><br>Descripción: <br>nombre: ]]></description>
        <styleUrl>#icon-1577-FFEA00-labelson</styleUrl>
        <ExtendedData>
          <Data name="Descripción">
            <value/>
          </Data>
          <Data name="nombre">
            <value/>
          </Data>
        </ExtendedData>
        <Point>
          <coordinates>
            -58.6873395,-34.525449,0
          </coordinates>
        </Point>
      </Placemark>
      <Placemark>
        <name>Los Isleños</name>
        <description><![CDATA[-Tipo de comercio: Restaurante / Pizzeria / Parilla<br><br>-Modalidad: Consumo en salón / Delivery propio / Take away<br><br>-Tipo de producto: Elaboración propia<br><br>-Materia prima: Certificada sin gluten<br><br>-Cocina: Cocina mixta con cuidados en contaminación cruzada<br><br>-Cuidados para evitar la CC: Utensilios exclusivos para la cocción de los alimentos sin gluten / Horno aparte para los alimentos sin gluten / Personal con conocimiento en la manipulación de estos alimentos<br><br>-Horarios de atención:<br>Lunes - 9 a 16.30 horas<br>Martes - 9 a 16.30 horas<br>Miércoles - 9 a 16.30 horas<br>Jueves - 9 a 16.30 horas<br>Viernes - 9 a 16.30 horas<br>Sábado - 9 a 16.30 horas<br>Domingo - 9 a 16.30 horas<br><br>Descripción: <br>nombre: ]]></description>
        <styleUrl>#icon-1577-FFEA00-labelson</styleUrl>
        <ExtendedData>
          <Data name="Descripción">
            <value/>
          </Data>
          <Data name="nombre">
            <value/>
          </Data>
        </ExtendedData>
        <Point>
          <coordinates>
            -58.5726116,-34.4187105,0
          </coordinates>
        </Point>
      </Placemark>
      <Placemark>
        <name><![CDATA[LOVE La Cocina, Pastelería & Catering libre de gluten]]></name>
        <description><![CDATA[-Tipo de comercio: Restaurante / Despacho<br><br>-Modalidad: Salón / Take away / Delivery <br><br>-Tipo de producto: Elaboración propia<br><br>-Materia prima: Certificada sin TACC<br><br>-Nivel de cuidados: Cocina 100% libre de gluten<br><br>-Horarios de atención:<br>Lunes - 8 a 20 horas<br>Martes - 8 a 20 horas<br>Miércoles - 8 a 20 horas<br>Jueves - 8 a 20 horas<br>Viernes - 8 a 20 horas<br>Sábado - 9 a 20 horas<br>Domingo - 9 a 18 horas<br>Feriados - 9 a 18 horas<br><br>Descripción: <br>nombre: ]]></description>
        <styleUrl>#icon-1577-FFEA00-labelson</styleUrl>
        <ExtendedData>
          <Data name="Descripción">
            <value/>
          </Data>
          <Data name="nombre">
            <value/>
          </Data>
        </ExtendedData>
        <Point>
          <coordinates>
            -58.6478841,-34.4389393,0
          </coordinates>
        </Point>
      </Placemark>
      <Placemark>
        <name>Mambo al paso (CERRADO)</name>
        <description><![CDATA[-Tipo de comercio: Restaurante / Cafetería / Bar / Panadería / Hamburguesería / Pizzería / Pastelería <br><br>-Modalidad: Salón / Delivery propio / Envío por app / Take away <br><br>-Tipo de producto: Elaboración propia<br><br>-Materia prima: Certificada sin TACC <br><br>-Cocina: Cocina 100% libre de gluten <br><br>-Horarios de atención:<br>Lunes - 9 a 13.30 y 17 a 21.30 horas<br>Martes - 9 a 13.30 y 17 a 21.30 horas<br>Miércoles - 9 a 13.30 y 17 a 21.30 horas<br>Jueves - 9 a 13.30 y 17 a 21.30 horas<br>Viernes - 9 a 13.30 y 17 a 21.30 horas<br>Sábado - 9 a 13.30 y 17 a 21.30 horas<br>Domingo - 9 a 13.30 y 17 a 21.30 horas<br><br>Instagram: @mambo.gonnet<br><br>Descripción: <br>nombre: ]]></description>
        <styleUrl>#icon-1578-E65100-labelson</styleUrl>
        <ExtendedData>
          <Data name="Descripción">
            <value/>
          </Data>
          <Data name="nombre">
            <value/>
          </Data>
        </ExtendedData>
        <Point>
          <coordinates>
            -58.0254336,-34.8946651,0
          </coordinates>
        </Point>
      </Placemark>
      <Placemark>
        <name>MAMBO - Parador Cervecero</name>
        <description><![CDATA[-Tipo de comercio: Restaurante / Cafetería / Bar / Panadería / Hamburguesería / Pizzería / Pastelería <br><br>-Modalidad: Salón / Delivery propio / Envío por app / Take away <br><br>-Tipo de producto: Elaboración propia<br><br>-Materia prima: Certificada sin TACC <br><br>-Cocina: Cocina 100% libre de gluten <br><br>-Horarios de atención:<br>Lunes - 10 a 16 y 18 a 0 horas<br>Martes - 10 a 16 y 18 a 0 horas<br>Miércoles - 10 a 16 y 18 a 0 horas<br>Jueves - 10 a 16 y 18 a 0 horas<br>Viernes - 10 a 16 y 18 a 0 horas<br>Sábado - 10 a 16 y 18 a 0 horas<br>Domingo - 17 a 23 horas<br><br>Instagram: @mamboparador<br><br>Descripción: <br>nombre: ]]></description>
        <styleUrl>#icon-1577-FFEA00-labelson</styleUrl>
        <ExtendedData>
          <Data name="Descripción">
            <value/>
          </Data>
          <Data name="nombre">
            <value/>
          </Data>
        </ExtendedData>
        <Point>
          <coordinates>
            -57.9539867,-34.927903,0
          </coordinates>
        </Point>
      </Placemark>
      <Placemark>
        <name>María Lujan</name>
        <description><![CDATA[-Tipo de comercio: Restaurante<br><br>-Modalidad: Salón / Delivery<br><br>-Tipo de producto: Elaboración propia<br><br>-Nivel de cuidados: Cocina mixta con cuidados en contaminación cruzada<br><br>Comentario del lugar: "Los platos son elaborados en un sector especial, en los que no se manipulan harinas ni productos con gluten. Las mesadas, tablas y utensilios son específicos para esos platos, además son desinfectados antes de usar y están separados de donde se elaboran el resto de los productos. Si hay algún plato con riesgo de contaminación cruzada no se pone en la carta como apto para celiacos, y estamos atentos a todos los detalles, por ejemplo en el caso de las papas fritas se utiliza aceite virgen y una sarten especial para eso". <br><br>-Horarios de atención:<br>Lunes - 8.30 a 0 horas<br>Martes - 8.30 a 0 horas<br>Miércoles - 8.30 a 0 horas<br>Jueves - 8.30 a 0 horas<br>Viernes - 8.30 a 0 horas<br>Sábado - 8.30 a  horas<br>Domingo - 8.30 a 0 horas<br><br>Descripción: <br>nombre: ]]></description>
        <styleUrl>#icon-1577-FFEA00-labelson</styleUrl>
        <ExtendedData>
          <Data name="Descripción">
            <value/>
          </Data>
          <Data name="nombre">
            <value/>
          </Data>
        </ExtendedData>
        <Point>
          <coordinates>
            -58.5844833,-34.4137158,0
          </coordinates>
        </Point>
      </Placemark>
      <Placemark>
        <name>Möoi DOT</name>
        <description><![CDATA[-Tipo de comercio: Restaurante<br><br>-Modalidad: Salón<br><br>-Tipo de producto: Elaboración propia <br><br>-Nivel de cuidados: Cocina mixta con cuidados en contaminación cruzada<br><br>-Horarios de atención:<br>Lunes - 9 a 22 horas<br>Martes - 9 a 22 horas<br>Miércoles - 9 a 22 horas<br>Jueves - 9 a 22 horas<br>Viernes - 9 a 22 horas<br>Sábado - 9 a 22 horas<br>Domingo - 9 a 22 horas<br><br>Descripción: <br>nombre: ]]></description>
        <styleUrl>#icon-1577-FFEA00-labelson</styleUrl>
        <ExtendedData>
          <Data name="Descripción">
            <value/>
          </Data>
          <Data name="nombre">
            <value/>
          </Data>
        </ExtendedData>
        <Point>
          <coordinates>
            -58.4882238,-34.5456958,0
          </coordinates>
        </Point>
      </Placemark>
      <Placemark>
        <name>Möoi Lomitas</name>
        <description><![CDATA[-Tipo de comercio: Restaurante<br><br>-Modalidad: Salón<br><br>-Tipo de producto: Elaboración propia <br><br>-Nivel de cuidados: Cocina mixta con cuidados en contaminación cruzada<br><br>-Horarios de atención:<br>Lunes - 9 a 23 horas<br>Martes - 9 a 23 horas<br>Miércoles - 9 a 23 horas<br>Jueves - 9 a 23 horas<br>Viernes - 9 a 23 horas<br>Sábado - 9 a 23.30 horas<br>Domingo - 9 a 23.30 horas<br><br>Descripción: <br>nombre: ]]></description>
        <styleUrl>#icon-1577-FFEA00-labelson</styleUrl>
        <ExtendedData>
          <Data name="Descripción">
            <value/>
          </Data>
          <Data name="nombre">
            <value/>
          </Data>
        </ExtendedData>
        <Point>
          <coordinates>
            -58.4053743,-34.7659254,0
          </coordinates>
        </Point>
      </Placemark>
      <Placemark>
        <name>MÖOI Nordelta</name>
        <description><![CDATA[-Tipo de comercio: Restaurante<br><br>-Modalidad: Salón<br><br>-Tipo de producto: Elaboración propia <br><br>-Nivel de cuidados: Cocina mixta con cuidados en contaminación cruzada<br><br>-Horarios de atención:<br>Lunes - 9 a 0 horas<br>Martes - 9 a 0 horas<br>Miércoles - 9 a 0 horas<br>Jueves - 9 a 0 horas<br>Viernes - 9 a 0 horas<br>Sábado - 9 a 0 horas<br>Domingo - 9 a 0 horas<br><br>Descripción: <br>nombre: ]]></description>
        <styleUrl>#icon-1577-FFEA00-labelson</styleUrl>
        <ExtendedData>
          <Data name="Descripción">
            <value/>
          </Data>
          <Data name="nombre">
            <value/>
          </Data>
        </ExtendedData>
        <Point>
          <coordinates>
            -58.6505083,-34.4019096,0
          </coordinates>
        </Point>
      </Placemark>
      <Placemark>
        <name>Möoi Pilar Ayres Sky</name>
        <description><![CDATA[-Tipo de comercio: Restaurante<br><br>-Modalidad: Salón<br><br>-Tipo de producto: Elaboración propia <br><br>-Nivel de cuidados: Cocina mixta con cuidados en contaminación cruzada<br><br>-Horarios de atención:<br>Lunes - 9 a 0 horas<br>Martes - 9 a 0 horas<br>Miércoles - 9 a 0 horas<br>Jueves - 9 a 0 horas<br>Viernes - 9 a 0 horas<br>Sábado - 9 a 0 horas<br>Domingo - 9 a 0 horas<br><br>Descripción: <br>nombre: ]]></description>
        <styleUrl>#icon-1577-FFEA00-labelson</styleUrl>
        <ExtendedData>
          <Data name="Descripción">
            <value/>
          </Data>
          <Data name="nombre">
            <value/>
          </Data>
        </ExtendedData>
        <Point>
          <coordinates>
            -58.7978149,-34.4353754,0
          </coordinates>
        </Point>
      </Placemark>
      <Placemark>
        <name>Möoi Vicente López</name>
        <description><![CDATA[-Tipo de comercio: Restaurante<br><br>-Modalidad: Salón<br><br>-Tipo de producto: Elaboración propia <br><br>-Nivel de cuidados: Cocina mixta con cuidados en contaminación cruzada<br><br>-Horarios de atención:<br>Lunes - 8 a 1 horas<br>Martes - 8 a 1 horas<br>Miércoles - 8 a 1 horas<br>Jueves - 8 a 1 horas<br>Viernes - 8 a 1 horas<br>Sábado - 9 a 1 horas<br>Domingo - 9 a 1 horas<br><br>Descripción: <br>nombre: ]]></description>
        <styleUrl>#icon-1577-FFEA00-labelson</styleUrl>
        <ExtendedData>
          <Data name="Descripción">
            <value/>
          </Data>
          <Data name="nombre">
            <value/>
          </Data>
        </ExtendedData>
        <Point>
          <coordinates>
            -58.467462,-34.5330935,0
          </coordinates>
        </Point>
      </Placemark>
      <Placemark>
        <name>Mostaza</name>
        <description><![CDATA[-Tipo de comercio: Hamburguesería<br><br>-Modalidad: Take away / Delivery / Patio de comidas<br><br>-Tipo de producto: Elaboración propia (pan marca Panmana)<br><br>-Materia prima: Certificada sin TACC<br><br>-Nivel de cuidados: Cocina mixta con cuidados en contaminación cruzada<br><br>-Horarios de atención:<br>Lunes - 10 a 22 horas<br>Martes - 10 a 22 horas<br>Miércoles - 10 a 22 horas<br>Jueves - 10 a 22 horas<br>Viernes - 10 a 22 horas<br>Sábado - 10 a 22 horas<br>Domingo - 10 a 22 horas<br><br>Descripción: <br>nombre: ]]></description>
        <styleUrl>#icon-1577-FFEA00-labelson</styleUrl>
        <ExtendedData>
          <Data name="Descripción">
            <value/>
          </Data>
          <Data name="nombre">
            <value/>
          </Data>
        </ExtendedData>
        <Point>
          <coordinates>
            -58.4177897,-34.7928344,0
          </coordinates>
        </Point>
      </Placemark>
      <Placemark>
        <name>Mostaza</name>
        <description><![CDATA[-Tipo de comercio: Hamburguesería<br><br>-Modalidad: Salón / Take away / Delivery<br><br>-Tipo de producto: Elaboración propia (pan marca Panmana)<br><br>-Materia prima: Certificada sin TACC<br><br>-Nivel de cuidados: Cocina mixta con cuidados en contaminación cruzada<br><br>-Horarios de atención:<br>Lunes - 10 a 0 horas<br>Martes - 10 a 0 horas<br>Miércoles - 10 a 0 horas<br>Jueves - 10 a 0 horas<br>Viernes - 10 a 1 horas<br>Sábado - 9 a 1 horas<br>Domingo - 9 a 1 horas<br><br>Descripción: <br>nombre: ]]></description>
        <styleUrl>#icon-1577-FFEA00-labelson</styleUrl>
        <ExtendedData>
          <Data name="Descripción">
            <value/>
          </Data>
          <Data name="nombre">
            <value/>
          </Data>
        </ExtendedData>
        <Point>
          <coordinates>
            -58.3960187,-34.7602477,0
          </coordinates>
        </Point>
      </Placemark>
      <Placemark>
        <name>Mostaza</name>
        <description><![CDATA[-Tipo de comercio: Hamburguesería<br><br>-Modalidad: Salón / Take away / Delivery<br><br>-Tipo de producto: Elaboración propia (pan marca Panmana)<br><br>-Materia prima: Certificada sin TACC<br><br>-Nivel de cuidados: Cocina mixta con cuidados en contaminación cruzada<br><br>-Horarios de atención:<br>Lunes - 7 a 23 horas<br>Martes - 7 a 23 horas<br>Miércoles - 7 a 23 horas<br>Jueves - 7 a 23 horas<br>Viernes - 7 a 0 horas<br>Sábado - 9 a 0 horas<br>Domingo - 9 a 23 horas<br><br>Descripción: <br>nombre: ]]></description>
        <styleUrl>#icon-1577-FFEA00-labelson</styleUrl>
        <ExtendedData>
          <Data name="Descripción">
            <value/>
          </Data>
          <Data name="nombre">
            <value/>
          </Data>
        </ExtendedData>
        <Point>
          <coordinates>
            -58.7878924,-34.6494996,0
          </coordinates>
        </Point>
      </Placemark>
      <Placemark>
        <name>Mostaza</name>
        <description><![CDATA[-Tipo de comercio: Hamburguesería<br><br>-Modalidad: Take away / Delivery / Patio de comidas<br><br>-Tipo de producto: Elaboración propia (pan marca Panmana)<br><br>-Materia prima: Certificada sin TACC<br><br>-Nivel de cuidados: Cocina mixta con cuidados en contaminación cruzada<br><br>-Horarios de atención:<br>Lunes - 8.30 a 22 horas<br>Martes - 8.30 a 22 horas<br>Miércoles - 8.30 a 22 horas<br>Jueves - 8.30 a 22 horas<br>Viernes - 8.30 a 22 horas<br>Sábado - 8.30 a 22 horas<br>Domingo - 8.30 a 22 horas<br><br>Descripción: <br>nombre: ]]></description>
        <styleUrl>#icon-1577-FFEA00-labelson</styleUrl>
        <ExtendedData>
          <Data name="Descripción">
            <value/>
          </Data>
          <Data name="nombre">
            <value/>
          </Data>
        </ExtendedData>
        <Point>
          <coordinates>
            -58.2779418,-34.7344752,0
          </coordinates>
        </Point>
      </Placemark>
      <Placemark>
        <name>Mostaza</name>
        <description><![CDATA[-Tipo de comercio: Hamburguesería<br><br>-Modalidad: Salón / Take away / Delivery<br><br>-Tipo de producto: Elaboración propia (pan marca Panmana)<br><br>-Materia prima: Certificada sin TACC<br><br>-Nivel de cuidados: Cocina mixta con cuidados en contaminación cruzada<br><br>-Horarios de atención:<br>Lunes - 7 a 23 horas<br>Martes - 7 a 23 horas<br>Miércoles - 7 a 23 horas<br>Jueves - 7 a 23 horas<br>Viernes - 7 a 0 horas<br>Sábado - 9 a 0 horas<br>Domingo - 10 a 0 horas<br><br>Descripción: <br>nombre: ]]></description>
        <styleUrl>#icon-1577-FFEA00-labelson</styleUrl>
        <ExtendedData>
          <Data name="Descripción">
            <value/>
          </Data>
          <Data name="nombre">
            <value/>
          </Data>
        </ExtendedData>
        <Point>
          <coordinates>
            -58.6208665,-34.6513026,0
          </coordinates>
        </Point>
      </Placemark>
      <Placemark>
        <name>Mostaza</name>
        <description><![CDATA[-Tipo de comercio: Hamburguesería<br><br>-Modalidad: Take away / Delivery / Patio de comida<br><br>-Tipo de producto: Elaboración propia (pan marca Panmana)<br><br>-Materia prima: Certificada sin TACC<br><br>-Nivel de cuidados: Cocina mixta con cuidados en contaminación cruzada<br><br>-Horarios de atención:<br>Lunes - 9 a 22 horas<br>Martes - 9 a 22 horas<br>Miércoles - 9 a 22 horas<br>Jueves - 9 a 22 horas<br>Viernes - 9 a 23 horas<br>Sábado - 9 a 23 horas<br>Domingo - 9 a 22 horas<br><br>Descripción: <br>nombre: ]]></description>
        <styleUrl>#icon-1577-FFEA00-labelson</styleUrl>
        <ExtendedData>
          <Data name="Descripción">
            <value/>
          </Data>
          <Data name="nombre">
            <value/>
          </Data>
        </ExtendedData>
        <Point>
          <coordinates>
            -58.8079006,-34.4357866,0
          </coordinates>
        </Point>
      </Placemark>
      <Placemark>
        <name>Mostaza</name>
        <description><![CDATA[-Tipo de comercio: Hamburguesería<br><br>-Modalidad: Take away / Delivery / Patio de comidas<br><br>-Tipo de producto: Elaboración propia (pan marca Panmana)<br><br>-Materia prima: Certificada sin TACC<br><br>-Nivel de cuidados: Cocina mixta con cuidados en contaminación cruzada<br><br>-Horarios de atención:<br>Lunes - 10 a 23 horas<br>Martes - 10 a 23 horas<br>Miércoles - 10 a 23 horas<br>Jueves - 10 a 23 horas<br>Viernes - 10 a 23 horas<br>Sábado - 10 a 23 horas<br>Domingo - 10 a 23 horas<br><br>Descripción: <br>nombre: ]]></description>
        <styleUrl>#icon-1577-FFEA00-labelson</styleUrl>
        <ExtendedData>
          <Data name="Descripción">
            <value/>
          </Data>
          <Data name="nombre">
            <value/>
          </Data>
        </ExtendedData>
        <Point>
          <coordinates>
            -58.2780589,-34.7790044,0
          </coordinates>
        </Point>
      </Placemark>
      <Placemark>
        <name>Mostaza</name>
        <description><![CDATA[-Tipo de comercio: Hamburguesería<br><br>-Modalidad: Salón / Take away / Delivery<br><br>-Tipo de producto: Elaboración propia (pan marca Panmana)<br><br>-Materia prima: Certificada sin TACC<br><br>-Nivel de cuidados: Cocina mixta con cuidados en contaminación cruzada<br><br>-Horarios de atención:<br>Lunes - 10 a 0 horas<br>Martes - 10 a 0 horas<br>Miércoles - 10 a 0 horas<br>Jueves - 10 a 0 horas<br>Viernes - 10 a 1 horas<br>Sábado - 9 a 1 horas<br>Domingo - 9 a 1 horas<br><br>Descripción: <br>nombre: ]]></description>
        <styleUrl>#icon-1577-FFEA00-labelson</styleUrl>
        <ExtendedData>
          <Data name="Descripción">
            <value/>
          </Data>
          <Data name="nombre">
            <value/>
          </Data>
        </ExtendedData>
        <Point>
          <coordinates>
            -58.642021,-34.6510731,0
          </coordinates>
        </Point>
      </Placemark>
      <Placemark>
        <name>Mostaza</name>
        <description><![CDATA[-Tipo de comercio: Hamburguesería<br><br>-Modalidad: Salón / Take away / Delivery <br><br>-Tipo de producto: Elaboración propia (pan marca Panmana)<br><br>-Materia prima: Certificada sin TACC<br><br>-Nivel de cuidados: Cocina mixta con cuidados en contaminación cruzada<br><br>-Horarios de atención:<br>Lunes - 8 a 23 horas<br>Martes - 8 a 23 horas<br>Miércoles - 8 a 23 horas<br>Jueves - 8 a 23 horas<br>Viernes - 9 a 0 horas<br>Sábado - 10 a 0 horas<br>Domingo - 10 a 0 horas<br><br>Descripción: <br>nombre: ]]></description>
        <styleUrl>#icon-1577-FFEA00-labelson</styleUrl>
        <ExtendedData>
          <Data name="Descripción">
            <value/>
          </Data>
          <Data name="nombre">
            <value/>
          </Data>
        </ExtendedData>
        <Point>
          <coordinates>
            -58.4667937,-34.8184266,0
          </coordinates>
        </Point>
      </Placemark>
      <Placemark>
        <name>Mostaza</name>
        <description><![CDATA[-Tipo de comercio: Hamburguesería<br><br>-Modalidad: Salón / Take away / Delivery <br><br>-Tipo de producto: Elaboración propia (pan marca Panmana)<br><br>-Materia prima: Certificada sin TACC<br><br>-Nivel de cuidados: Cocina mixta con cuidados en contaminación cruzada<br><br>-Horarios de atención:<br>Lunes - 7.30 a 0 horas<br>Martes - 7.30 a 0 horas<br>Miércoles - 7.30 a 0 horas<br>Jueves - 7.30 a 0 horas<br>Viernes - 7.30 a 2 horas<br>Sábado - 9 a 1 horas<br>Domingo - 9 a 0 horas<br><br>Descripción: <br>nombre: ]]></description>
        <styleUrl>#icon-1577-FFEA00-labelson</styleUrl>
        <ExtendedData>
          <Data name="Descripción">
            <value/>
          </Data>
          <Data name="nombre">
            <value/>
          </Data>
        </ExtendedData>
        <Point>
          <coordinates>
            -58.7256544,-34.6689367,0
          </coordinates>
        </Point>
      </Placemark>
      <Placemark>
        <name>Mostaza</name>
        <description><![CDATA[-Tipo de comercio: Hamburguesería<br><br>-Modalidad: Salón / Take away / Delivery <br><br>-Tipo de producto: Elaboración propia (pan marca Panmana)<br><br>-Materia prima: Certificada sin TACC<br><br>-Nivel de cuidados: Cocina mixta con cuidados en contaminación cruzada<br><br>-Horarios de atención:<br>Lunes - 7 a 23.30 horas<br>Martes - 7 a 23.30 horas<br>Miércoles - 7 a 23.30 horas<br>Jueves - 7 a 23.30 horas<br>Viernes - 7 a 23.30 horas<br>Sábado - 7 a 1 horas<br>Domingo - 8 a 23.30 horas<br><br>Descripción: <br>nombre: ]]></description>
        <styleUrl>#icon-1577-FFEA00-labelson</styleUrl>
        <ExtendedData>
          <Data name="Descripción">
            <value/>
          </Data>
          <Data name="nombre">
            <value/>
          </Data>
        </ExtendedData>
        <Point>
          <coordinates>
            -58.5628876,-34.6056979,0
          </coordinates>
        </Point>
      </Placemark>
      <Placemark>
        <name>Mostaza Adrogué</name>
        <description><![CDATA[-Tipo de comercio: Hamburguesería<br><br>-Modalidad: Take away / Delivery / Patio de comidas<br><br>-Tipo de producto: Elaboración propia (pan marca Panmana)<br><br>-Materia prima: Certificada sin TACC<br><br>-Nivel de cuidados: Cocina mixta con cuidados en contaminación cruzada<br><br>-Horarios de atención:<br>Lunes - 10.30 a 23 horas<br>Martes - 10.30 a 23 horas<br>Miércoles - 10.30 a 23 horas<br>Jueves - 10.30 a 23 horas<br>Viernes - 10.30 a 1.30 horas<br>Sábado - 10.30 a 1.30 horas<br>Domingo - 10.30 a 23 horas<br><br>Descripción: <br>nombre: ]]></description>
        <styleUrl>#icon-1577-FFEA00-labelson</styleUrl>
        <ExtendedData>
          <Data name="Descripción">
            <value/>
          </Data>
          <Data name="nombre">
            <value/>
          </Data>
        </ExtendedData>
        <Point>
          <coordinates>
            -58.400431,-34.8081248,0
          </coordinates>
        </Point>
      </Placemark>
      <Placemark>
        <name>Mostaza Carrefour Avellaneda</name>
        <description><![CDATA[-Tipo de comercio: Hamburguesería<br><br>-Modalidad: Take away / Delivery / Patio de comida<br><br>-Tipo de producto: Elaboración propia (pan marca Panmana)<br><br>-Materia prima: Certificada sin TACC<br><br>-Nivel de cuidados: Cocina mixta con cuidados en contaminación cruzada<br><br>-Horarios de atención:<br>Lunes - 9 a 21 horas<br>Martes - 9 a 21 horas<br>Miércoles - 9 a 21 horas<br>Jueves - 9 a 21 horas<br>Viernes - 9 a 21 horas<br>Sábado - 9 a 21 horas<br>Domingo - 9 a 21 horas<br><br>Descripción: <br>nombre: ]]></description>
        <styleUrl>#icon-1577-FFEA00-labelson</styleUrl>
        <ExtendedData>
          <Data name="Descripción">
            <value/>
          </Data>
          <Data name="nombre">
            <value/>
          </Data>
        </ExtendedData>
        <Point>
          <coordinates>
            -58.3757778,-34.6598122,0
          </coordinates>
        </Point>
      </Placemark>
      <Placemark>
        <name>Mostaza Carrefour Moreno</name>
        <description><![CDATA[-Tipo de comercio: Hamburguesería<br><br>-Modalidad: Take away / Delivery / Patio de Comida<br><br>-Tipo de producto: Elaboración propia (pan marca Panmana)<br><br>-Materia prima: Certificada sin TACC<br><br>-Nivel de cuidados: Cocina mixta con cuidados en contaminación cruzada<br><br>-Horarios de atención:<br>Lunes - 9 a 21 horas<br>Martes - 9 a 21 horas<br>Miércoles - 9 a 21 horas<br>Jueves - 9 a 21 horas<br>Viernes - 9 a 21 horas<br>Sábado - 9 a 21 horas<br>Domingo - 9 a 21 horas<br><br>Descripción: <br>nombre: ]]></description>
        <styleUrl>#icon-1577-FFEA00-labelson</styleUrl>
        <ExtendedData>
          <Data name="Descripción">
            <value/>
          </Data>
          <Data name="nombre">
            <value/>
          </Data>
        </ExtendedData>
        <Point>
          <coordinates>
            -58.7627405,-34.6322432,0
          </coordinates>
        </Point>
      </Placemark>
      <Placemark>
        <name>Mostaza Carrefour Hipermercado San Justo</name>
        <description><![CDATA[-Tipo de comercio: Hamburguesería<br><br>-Modalidad: Salón / Take away / Delivery<br><br>-Tipo de producto: Elaboración propia (pan marca Panmana)<br><br>-Materia prima: Certificada sin TACC<br><br>-Nivel de cuidados: Cocina mixta con cuidados en contaminación cruzada<br><br>-Horarios de atención:<br>Lunes - 8.30 a 21.30 horas<br>Martes - 8.30 a 21.30 horas<br>Miércoles - 8.30 a 21.30 horas<br>Jueves - 8.30 a 21.30 horas<br>Viernes - 8.30 a 21.30 horas<br>Sábado - 8.30 a 21.30 horas<br>Domingo - 9 a 21.30 horas<br>Feriados - 9 a 21.30 horas<br><br>Descripción: <br>nombre: ]]></description>
        <styleUrl>#icon-1577-FFEA00-labelson</styleUrl>
        <ExtendedData>
          <Data name="Descripción">
            <value/>
          </Data>
          <Data name="nombre">
            <value/>
          </Data>
        </ExtendedData>
        <Point>
          <coordinates>
            -58.5978437,-34.6644938,0
          </coordinates>
        </Point>
      </Placemark>
      <Placemark>
        <name>Mostaza Carrefour Vicente Lopez</name>
        <description><![CDATA[-Tipo de comercio: Hamburguesería<br><br>-Modalidad: Take away / Delivery / Patio de comida<br><br>-Tipo de producto: Elaboración propia (pan marca Panmana)<br><br>-Materia prima: Certificada sin TACC<br><br>-Nivel de cuidados: Cocina mixta con cuidados en contaminación cruzada<br><br>-Horarios de atención:<br>Lunes - 8.30 a 22 horas<br>Martes - 8.30 a 22 horas<br>Miércoles - 8.30 a 22 horas<br>Jueves - 8.30 a 22 horas<br>Viernes - 8.30 a 22 horas<br>Sábado - 8.30 a 22 horas<br>Domingo - 9 a 22 horas<br><br>Descripción: <br>nombre: ]]></description>
        <styleUrl>#icon-1577-FFEA00-labelson</styleUrl>
        <ExtendedData>
          <Data name="Descripción">
            <value/>
          </Data>
          <Data name="nombre">
            <value/>
          </Data>
        </ExtendedData>
        <Point>
          <coordinates>
            -58.4667016,-34.5318077,0
          </coordinates>
        </Point>
      </Placemark>
      <Placemark>
        <name>Mostaza Jumbo Quilmes</name>
        <description><![CDATA[-Tipo de comercio: Hamburguesería<br><br>-Modalidad: Take away / Delivery / Patio de comida<br><br>-Tipo de producto: Elaboración propia (pan marca Panmana)<br><br>-Materia prima: Certificada sin TACC<br><br>-Nivel de cuidados: Cocina mixta con cuidados en contaminación cruzada<br><br>-Horarios de atención:<br>Lunes - 8.30 a 0 horas<br>Martes - 8.30 a 0 horas<br>Miércoles - 8.30 a 0 horas<br>Jueves - 8.30 a 0 horas<br>Viernes - 8.30 a 2 horas<br>Sábado - 8.30 a 2 horas<br>Domingo - 8.30 a 0 horas<br><br>Descripción: <br>nombre: ]]></description>
        <styleUrl>#icon-1577-FFEA00-labelson</styleUrl>
        <ExtendedData>
          <Data name="Descripción">
            <value/>
          </Data>
          <Data name="nombre">
            <value/>
          </Data>
        </ExtendedData>
        <Point>
          <coordinates>
            -58.2756673,-34.7577518,0
          </coordinates>
        </Point>
      </Placemark>
      <Placemark>
        <name>Mostaza Norcenter</name>
        <description><![CDATA[-Tipo de comercio: Hamburguesería<br><br>-Modalidad: Take away / Delivery / Patio de comidas<br><br>-Tipo de producto: Elaboración propia (pan marca Panmana)<br><br>-Materia prima: Certificada sin TACC<br><br>-Nivel de cuidados: Cocina mixta con cuidados en contaminación cruzada<br><br>-Horarios de atención:<br>Lunes - 11 a 0 horas<br>Martes - 11 a 0 horas<br>Miércoles - 11 a 0 horas<br>Jueves - 11 a 0 horas<br>Viernes - 11 a 0 horas<br>Sábado - 11 a 0 horas<br>Domingo - 12 a 0 horas<br><br>Descripción: <br>nombre: ]]></description>
        <styleUrl>#icon-1577-FFEA00-labelson</styleUrl>
        <ExtendedData>
          <Data name="Descripción">
            <value/>
          </Data>
          <Data name="nombre">
            <value/>
          </Data>
        </ExtendedData>
        <Point>
          <coordinates>
            -58.52221,-34.5144553,0
          </coordinates>
        </Point>
      </Placemark>
      <Placemark>
        <name>Mostaza Pacheco</name>
        <description><![CDATA[-Tipo de comercio: Hamburguesería<br><br>-Modalidad: Salón / Take away / Delivery<br><br>-Tipo de producto: Elaboración propia (pan marca Panmana)<br><br>-Materia prima: Certificada sin TACC<br><br>-Nivel de cuidados: Cocina mixta con cuidados en contaminación cruzada<br><br>-Horarios de atención:<br>Lunes - 9 a 23 horas<br>Martes - 9 a 23 horas<br>Miércoles - 9 a 23 horas<br>Jueves - 9 a 23 horas<br>Viernes - 8 a 0 horas<br>Sábado - 8 a 0 horas<br>Domingo - 10 a 23 horas<br><br>Descripción: <br>nombre: ]]></description>
        <styleUrl>#icon-1577-FFEA00-labelson</styleUrl>
        <ExtendedData>
          <Data name="Descripción">
            <value/>
          </Data>
          <Data name="nombre">
            <value/>
          </Data>
        </ExtendedData>
        <Point>
          <coordinates>
            -58.6333052,-34.4599778,0
          </coordinates>
        </Point>
      </Placemark>
      <Placemark>
        <name>Mostaza Parque Brown</name>
        <description><![CDATA[-Tipo de comercio: Hamburguesería<br><br>-Modalidad: Take away / Delivery / Patio de Comida<br><br>-Tipo de producto: Elaboración propia (pan marca Panmana)<br><br>-Materia prima: Certificada sin TACC<br><br>-Nivel de cuidados: Cocina mixta con cuidados en contaminación cruzada<br><br>-Horarios de atención:<br>Lunes - 10 a 22 horas<br>Martes - 10 a 22 horas<br>Miércoles - 10 a 22 horas<br>Jueves - 10 a 22 horas<br>Viernes - 10 a 23 horas<br>Sábado - 10 a 23 horas<br>Domingo - 10 a 22 horas<br><br>Descripción: <br>nombre: ]]></description>
        <styleUrl>#icon-1577-FFEA00-labelson</styleUrl>
        <ExtendedData>
          <Data name="Descripción">
            <value/>
          </Data>
          <Data name="nombre">
            <value/>
          </Data>
        </ExtendedData>
        <Point>
          <coordinates>
            -58.4602567,-34.6736189,0
          </coordinates>
        </Point>
      </Placemark>
      <Placemark>
        <name>Mostaza Quilmes Peatonal</name>
        <description><![CDATA[-Tipo de comercio: Hamburguesería<br><br>-Modalidad: Salón / Take away / Delivery<br><br>-Tipo de producto: Elaboración propia (pan marca Panmana)<br><br>-Materia prima: Certificada sin TACC<br><br>-Nivel de cuidados: Cocina mixta con cuidados en contaminación cruzada<br><br>-Horarios de atención:<br>Lunes - 8 a 23 horas<br>Martes - 8 a 23 horas<br>Miércoles - 8 a 23 horas<br>Jueves - 8 a 23 horas<br>Viernes - 8 a 0 horas<br>Sábado - 8 a 0 horas<br>Domingo - 8 a 0 horas<br><br>Descripción: <br>nombre: ]]></description>
        <styleUrl>#icon-1577-FFEA00-labelson</styleUrl>
        <ExtendedData>
          <Data name="Descripción">
            <value/>
          </Data>
          <Data name="nombre">
            <value/>
          </Data>
        </ExtendedData>
        <Point>
          <coordinates>
            -58.2601703,-34.7236552,0
          </coordinates>
        </Point>
      </Placemark>
      <Placemark>
        <name>Mostaza Ramos Mejia</name>
        <description><![CDATA[-Tipo de comercio: Hamburguesería<br><br>-Modalidad: Salón / Take away / Delivery<br><br>-Tipo de producto: Elaboración propia (pan marca Panmana)<br><br>-Materia prima: Certificada sin TACC<br><br>-Nivel de cuidados: Cocina mixta con cuidados en contaminación cruzada<br><br>-Horarios de atención:<br>Lunes - 8 a 22 horas<br>Martes - 8 a 22 horas<br>Miércoles - 8 a 22 horas<br>Jueves - 8 a 22 horas<br>Viernes - 8 a 22 horas<br>Sábado - 8 a 22 horas<br>Domingo - 8 a 22 horas<br><br>Descripción: <br>nombre: ]]></description>
        <styleUrl>#icon-1577-FFEA00-labelson</styleUrl>
        <ExtendedData>
          <Data name="Descripción">
            <value/>
          </Data>
          <Data name="nombre">
            <value/>
          </Data>
        </ExtendedData>
        <Point>
          <coordinates>
            -58.5651904,-34.6419206,0
          </coordinates>
        </Point>
      </Placemark>
      <Placemark>
        <name>Mostaza Rep. de los Niños</name>
        <description><![CDATA[-Tipo de comercio: Hamburguesería<br><br>-Modalidad: Salón / Take away / Delivery<br><br>-Tipo de producto: Elaboración propia (pan marca Panmana)<br><br>-Materia prima: Certificada sin TACC<br><br>-Nivel de cuidados: Cocina mixta con cuidados en contaminación cruzada<br><br>-Horarios de atención:<br>Lunes - Cerrado<br>Martes - Cerrado<br>Miércoles - Cerrado<br>Jueves - Cerrado<br>Viernes - 10 a 18 horas<br>Sábado - 10 a 18 horas<br>Domingo - 10 a 20 horas<br><br>Descripción: <br>nombre: ]]></description>
        <styleUrl>#icon-1577-FFEA00-labelson</styleUrl>
        <ExtendedData>
          <Data name="Descripción">
            <value/>
          </Data>
          <Data name="nombre">
            <value/>
          </Data>
        </ExtendedData>
        <Point>
          <coordinates>
            -58.0183473,-34.8862968,0
          </coordinates>
        </Point>
      </Placemark>
      <Placemark>
        <name>Mostaza Walmart San Justo</name>
        <description><![CDATA[-Tipo de comercio: Hamburguesería<br><br>-Modalidad: Take away / Delivery / Patio de comida<br><br>-Tipo de producto: Elaboración propia (pan marca Panmana)<br><br>-Materia prima: Certificada sin TACC<br><br>-Nivel de cuidados: Cocina mixta con cuidados en contaminación cruzada<br><br>-Horarios de atención:<br>Lunes - 8 a 23 horas<br>Martes - 8 a 23 horas<br>Miércoles - 8 a 23 horas<br>Jueves - 8 a 23 horas<br>Viernes - 8 a 1 horas<br>Sábado - 8 a 1 horas<br>Domingo - 8 a 23 horas<br><br>Descripción: <br>nombre: ]]></description>
        <styleUrl>#icon-1577-FFEA00-labelson</styleUrl>
        <ExtendedData>
          <Data name="Descripción">
            <value/>
          </Data>
          <Data name="nombre">
            <value/>
          </Data>
        </ExtendedData>
        <Point>
          <coordinates>
            -58.5566833,-34.6854002,0
          </coordinates>
        </Point>
      </Placemark>
      <Placemark>
        <name>Mostaza Walmart Tablada-Acceso Camino de Cintura
</name>
        <description><![CDATA[-Tipo de comercio: Hamburguesería<br><br>-Modalidad: Take away / Delivery  / Patio de comidas <br><br>-Tipo de producto: Elaboración propia (pan marca Panmana)<br><br>-Materia prima: Certificada sin TACC <br><br>-Nivel de cuidados: Cocina mixta con cuidados en contaminación cruzada<br><br>-Horarios de atención:<br>Lunes - 8 a 22 horas<br>Martes - 8 a 22 horas<br>Miércoles - 8 a 22 horas<br>Jueves - 8 a 22 horas<br>Viernes - 8 a 22 horas<br>Sábado - 8 a 22 horas<br>Domingo - 8 a 22 horas<br><br>Descripción: <br>nombre: Mostaza Walmart Tablada-Acceso Camino de Cintura]]></description>
        <styleUrl>#icon-1577-FFEA00-labelson</styleUrl>
        <ExtendedData>
          <Data name="Descripción">
            <value/>
          </Data>
          <Data name="nombre">
            <value>Mostaza Walmart Tablada-Acceso Camino de Cintura</value>
          </Data>
        </ExtendedData>
        <Point>
          <coordinates>
            -58.5341961,-34.7050594,0
          </coordinates>
        </Point>
      </Placemark>
      <Placemark>
        <name>Multisabores Sin Tacc</name>
        <description><![CDATA[-Tipo de comercio: Despacho<br><br>-Modalidad: Take away<br><br>-Tipo de producto: Elaboración propia <br><br>-Materia prima: Certificada sin TACC<br><br>-Nivel de cuidados: Cocina 100% libre de gluten<br><br>-Horarios de atención:<br>Lunes - 9 a 14 horas<br>Martes - 9 a 14  y 16 a 19.30 horas<br>Miércoles - 9 a 14 y 16 a 19.30 horas<br>Jueves - 9 a 14 y 16 a 19.30 horas<br>Viernes - 9 a 14 y 16 a 19.30 horas<br>Sábado - 9 a 14 horas<br>Domingo - Cerrado<br><br>Descripción: <br>nombre: ]]></description>
        <styleUrl>#icon-1578-E65100-labelson</styleUrl>
        <ExtendedData>
          <Data name="Descripción">
            <value/>
          </Data>
          <Data name="nombre">
            <value/>
          </Data>
        </ExtendedData>
        <Point>
          <coordinates>
            -58.2075865,-34.7569631,0
          </coordinates>
        </Point>
      </Placemark>
      <Placemark>
        <name>Nicoletta Senza Glutine
</name>
        <description><![CDATA[-Tipo de comercio: Panadería / Fábrica de pastas<br><br>-Modalidad: Take away<br><br>-Tipo de producto: Elaboración propia <br><br>-Materia prima: Certificada sin TACC<br><br>-Nivel de cuidados: Cocina 100% libre de gluten<br><br>-Horarios de atención:<br>Lunes - 9.30 a 13 y 16 a 19 horas<br>Martes - 9.30 a 13 y 16 a 19 horas<br>Miércoles - 9.30 a 13 y 16 a 19 horas<br>Jueves - 9.30 a 13 y 16 a 19 horas<br>Viernes - 9.30 a 13 y 16 a 19 horas<br>Sábado - 9.30 a 13 horas<br>Domingo - Cerrado<br><br>Descripción: <br>nombre: ]]></description>
        <styleUrl>#icon-1578-E65100-labelson</styleUrl>
        <ExtendedData>
          <Data name="Descripción">
            <value/>
          </Data>
          <Data name="nombre">
            <value/>
          </Data>
        </ExtendedData>
        <Point>
          <coordinates>
            -58.5663237,-34.6445954,0
          </coordinates>
        </Point>
      </Placemark>
      <Placemark>
        <name>Nuestro espacio sin tacc</name>
        <description><![CDATA[-Tipo de comercio: Cafetería / Panadería / Pastelería<br><br>-El menú del comercio es 100% libre de gluten<br><br>-Tipo de producto: Elaboración propia<br><br>-Materia prima: Certificada sin gluten<br><br>-Cocina: Cocina 100% libre de gluten<br><br>-Modalidad: Consumo en salón / Delivery propio / Take away<br><br>-Horarios de atención:<br>Lunes - Cerrado<br>Martes - 8.30 a 12.30 y 16 a 20 horas<br>Miércoles - 8.30 a 12.30 y 16 a 20 horas<br>Jueves - 8.30 a 12.30 y 16 a 20 horas<br>Viernes - 8.30 a 12.30 y 16 a 20 horas<br>Sábado - 8.30 a 12.30 y 16 a 20 horas<br>Domingo - 9 a 13 horas<br><br>Instagram: @nuestroespacio.sintacc <br><br>Descripción: <br>nombre: ]]></description>
        <styleUrl>#icon-1577-FFEA00-labelson</styleUrl>
        <ExtendedData>
          <Data name="Descripción">
            <value/>
          </Data>
          <Data name="nombre">
            <value/>
          </Data>
        </ExtendedData>
        <Point>
          <coordinates>
            -58.606908,-34.5625928,0
          </coordinates>
        </Point>
      </Placemark>
      <Placemark>
        <name>Pain du jour Martínez</name>
        <description><![CDATA[-Tipo de comercio: Restaurante / Cafetería / Panadería<br><br>-Modalidad: Salón / Take away<br><br>-Tipo de producto: Elaboración propia<br><br>-Materia prima: Certificada sin TACC<br><br>-Nivel de cuidados: Cocina 100% libre de gluten<br><br>-Horarios de atención:<br>Lunes - 7.30 A 20.30 horas<br>Martes - 7.30 A 20.30 horas<br>Miércoles - 7.30 A 20.30 horas<br>Jueves - 7.30 A 20.30 horas<br>Viernes - 7.30 A 20.30 horas<br>Sábados - 7.30 A 20.30 horas<br>Domingos - 7.30 A 20.30 horas<br><br>Descripción: <br>nombre: ]]></description>
        <styleUrl>#icon-1577-FFEA00-labelson</styleUrl>
        <ExtendedData>
          <Data name="Descripción">
            <value/>
          </Data>
          <Data name="nombre">
            <value/>
          </Data>
        </ExtendedData>
        <Point>
          <coordinates>
            -58.4992306,-34.4870365,0
          </coordinates>
        </Point>
      </Placemark>
      <Placemark>
        <name>Pareto caffe</name>
        <description><![CDATA[-Tipo de comercio: Cafetería<br><br>-Modalidad: Salón / Take away / Delivery<br><br>-Tipo de producto: Elaboración propia (en cocina 100% libre de gluten)<br><br>-Materia prima: Certificada sin TACC<br><br>-Nivel de cuidados: Cocina mixta con cuidados en contaminación cruzada<br><br>Comentario del lugar: "Trabajamos en una cocina sólo para la producción de los productos aptos. Al ser envasados al vacío, en el local solo se pone en el agua hirviendo y luego se abre con guantes esteriles. Y tenemos cubiertos descartables para evitar cualquier tipo de contaminacion".<br><br>-Horarios de atención:<br>Lunes - 9 a 19.30 horas<br>Martes - 9 a 19.30 horas<br>Miércoles - 9 a 19.30 horas<br>Jueves - 9 a 19.30 horas<br>Viernes - 9 a 19.30 horas<br>Sábado - 9 a 19.30 horas<br>Domingo - Cerrado<br><br>Descripción: <br>nombre: ]]></description>
        <styleUrl>#icon-1577-FFEA00-labelson</styleUrl>
        <ExtendedData>
          <Data name="Descripción">
            <value/>
          </Data>
          <Data name="nombre">
            <value/>
          </Data>
        </ExtendedData>
        <Point>
          <coordinates>
            -58.556123,-34.4417429,0
          </coordinates>
        </Point>
      </Placemark>
      <Placemark>
        <name>PATIO City Bell - Café de Especialidad</name>
        <description><![CDATA[-Tipo de comercio: Cafetería<br><br>-Modalidad: Salón / Take away<br><br>-Tipo de producto: Productos marca Pitu Sin TACC<br><br>-Nivel de cuidados: Cocina mixta con cuidados en contaminación cruzada<br><br>Comentario del lugar: "Las cosas dulces vienen con un envoltorio y así se sirven al cliente. Y tenemos opción de pan sin gluten para tostadas, tostados, etc. Para eso utilizamos una tostadora que es únicamente para ese uso".<br><br>-Horarios de atención:<br>Lunes - Cerrado<br>Martes - 7.30 a 20 horas<br>Miércoles - 7.30 a 20 horas<br>Jueves - 7.30 a 20 horas<br>Viernes - 7.30 a 20 horas<br>Sábado - 8 a 20 horas<br>Domingo - 8 a 20 horas<br><br>Descripción: <br>nombre: ]]></description>
        <styleUrl>#icon-1577-FFEA00-labelson</styleUrl>
        <ExtendedData>
          <Data name="Descripción">
            <value/>
          </Data>
          <Data name="nombre">
            <value/>
          </Data>
        </ExtendedData>
        <Point>
          <coordinates>
            -58.0448918,-34.8671659,0
          </coordinates>
        </Point>
      </Placemark>
      <Placemark>
        <name>Paula Casero Gluten Free</name>
        <description><![CDATA[-Tipo de comercio: Elaboradores de productos aptos para celíacos<br><br>-Modalidad: Salón / Take away / Delivery propio / Envío por app / Tienda online<br><br>-Tipo de producto: Elaboración propia <br><br>-Materia prima: Certificada sin gluten<br><br>-Cocina: Cocina 100% libre de gluten<br><br>Comentario del lugar: "Somos un local que elabora mas de 80 productos libre de gluten, apto celiacos. Ofrecemos viandas, pizzas, empanadas, canastitas, tartas,scons, chipa, menu del dia, postres en pote, alfajores, trufas, cuadrados, box degustación, panes mas de 10 variedades, milanesas congeladas ademas un almacen super completo". <br><br>-Horarios de atención:<br>Lunes - 7.30 a 19 horas<br>Martes - 7.30 a 19 horas<br>Miércoles - 7.30 a 19 horas<br>Jueves - 7.30 a 19 horas<br>Viernes - 7.30 a 19 horas<br>Sábado - 9 a 14 horas<br>Domingo - Cerrado<br><br>Instagram: @paulacaseroglutenfree <br><br>Descripción: <br>nombre: ]]></description>
        <styleUrl>#icon-1578-E65100-labelson</styleUrl>
        <ExtendedData>
          <Data name="Descripción">
            <value/>
          </Data>
          <Data name="nombre">
            <value/>
          </Data>
        </ExtendedData>
        <Point>
          <coordinates>
            -58.7886988,-34.4387979,0
          </coordinates>
        </Point>
      </Placemark>
      <Placemark>
        <name>Paula Lopez Castan</name>
        <description><![CDATA[-Tipo de comercio: Pastelería<br><br>-El menú del comercio es 100% libre de gluten<br><br>-Tipo de producto: Elaboración propia<br><br>-Materia prima: Certificada sin gluten<br><br>-Cocina: Cocina 100% libre de gluten<br><br>-Modalidad: Take away / Tienda online<br><br>-Horarios de atención:<br>Lunes - 9 a 19 horas<br>Martes - 9 a 19 horas<br>Miércoles - 9 a 19 horas<br>Jueves - 9 a 19 horas<br>Viernes - 9 a 19 horas<br>Sábado - 10 a 13 horas<br>Domingo - Cerrado<br><br>Instagram: @paulalopezcastan <br><br>Descripción: <br>nombre: ]]></description>
        <styleUrl>#icon-1578-E65100-labelson</styleUrl>
        <ExtendedData>
          <Data name="Descripción">
            <value/>
          </Data>
          <Data name="nombre">
            <value/>
          </Data>
        </ExtendedData>
        <Point>
          <coordinates>
            -58.5609126,-34.6423972,0
          </coordinates>
        </Point>
      </Placemark>
      <Placemark>
        <name>Pauline Boulangerie 1964</name>
        <description><![CDATA[-Tipo de comercio: Cafetería / Panadería<br><br>-Modalidad: Salón / Take away / Delivery <br><br>-Tipo de producto: Productos marca Sintaxis<br><br>-Nivel de cuidados: Cocina mixta con cuidados en contaminación cruzada<br><br>-Horarios de atención:<br>Lunes - 7.30 a 21 horas<br>Martes - 7.30 a 21 horas<br>Miércoles - 7.30 a 21 horas<br>Jueves - 7.30 a 21 horas<br>Viernes - 7.30 a 21 horas<br>Sábado - 7.30 a 21 horas<br>Domingo - 7.30 a 21 horas<br><br>Descripción: <br>nombre: ]]></description>
        <styleUrl>#icon-1577-FFEA00-labelson</styleUrl>
        <ExtendedData>
          <Data name="Descripción">
            <value/>
          </Data>
          <Data name="nombre">
            <value/>
          </Data>
        </ExtendedData>
        <Point>
          <coordinates>
            -58.5661002,-34.6439401,0
          </coordinates>
        </Point>
      </Placemark>
      <Placemark>
        <name>Perez-H Lomas de Zamora</name>
        <description><![CDATA[-Tipo de comercio: Hamburguesería<br><br>-Modalidad: Salón / Take away / Delivery<br><br>-Tipo de producto: Elaboración propia<br><br>-Nivel de cuidados: Cocina mixta con cuidados para evitar la contaminación cruzada (consultar por las papas fritas).<br><br>-Horarios de atención:<br>Lunes - 11 a 0 horas<br>Martes - 11 a 0 horas<br>Miércoles - 11 a 0 horas<br>Jueves - 11 a 0 horas<br>Viernes - 11 a 2 horas<br>Sábado - 11 a 2 horas<br>Domingo y feriado - 11 a 0 horas<br><br>Descripción: <br>nombre: ]]></description>
        <styleUrl>#icon-1577-FFEA00-labelson</styleUrl>
        <ExtendedData>
          <Data name="Descripción">
            <value/>
          </Data>
          <Data name="nombre">
            <value/>
          </Data>
        </ExtendedData>
        <Point>
          <coordinates>
            -58.4016708,-34.7649711,0
          </coordinates>
        </Point>
      </Placemark>
      <Placemark>
        <name>Perez H. Quilmes</name>
        <description><![CDATA[-Tipo de comercio: Hamburguesería<br><br>-Modalidad: Salón / Take away / Delivery<br><br>-Tipo de producto: Elaboración propia<br><br>-Nivel de cuidados: Cocina mixta con cuidados para evitar la contaminación cruzada (consultar por las papas fritas).<br><br>-Horarios de atención:<br>Lunes - 11 a 0 horas<br>Martes - 11 a 0 horas<br>Miércoles - 11 a 0 horas<br>Jueves - 11 a 0 horas<br>Viernes - 11 a 2 horas<br>Sábado - 11 a 2 horas<br>Domingo y feriado - 11 a 0 horas<br><br>Descripción: <br>nombre: ]]></description>
        <styleUrl>#icon-1577-FFEA00-labelson</styleUrl>
        <ExtendedData>
          <Data name="Descripción">
            <value/>
          </Data>
          <Data name="nombre">
            <value/>
          </Data>
        </ExtendedData>
        <Point>
          <coordinates>
            -58.2587789,-34.7186683,0
          </coordinates>
        </Point>
      </Placemark>
      <Placemark>
        <name>Piacere Sin Tacc Palomar</name>
        <description><![CDATA[-Tipo de comercio: Despacho<br><br>-Modalidad: Take away / Delivery<br><br>-Tipo de producto: Elaboración propia<br><br>-Materia prima: Certificada sin TACC<br><br>-Nivel de cuidados: Cocina 100% libre de gluten<br><br>-Horarios de atención:<br>Lunes - 9 a 15 horas<br>Martes - 9 a 15 horas<br>Miércoles - 9 a 15 horas<br>Jueves - 9 a 15 horas<br>Viernes - 9 a 15 horas<br>Sábado - 9 a 15 horas<br>Domingo - Cerrado<br><br>Descripción: <br>nombre: ]]></description>
        <styleUrl>#icon-1578-E65100-labelson</styleUrl>
        <ExtendedData>
          <Data name="Descripción">
            <value/>
          </Data>
          <Data name="nombre">
            <value/>
          </Data>
        </ExtendedData>
        <Point>
          <coordinates>
            -58.5976411,-34.6293953,0
          </coordinates>
        </Point>
      </Placemark>
      <Placemark>
        <name>Piacere Sin Tacc Ramos Mejia</name>
        <description><![CDATA[-Tipo de comercio:  Despacho<br><br>-Modalidad: Delivery<br><br>-Tipo de producto: Elaboración propia<br><br>-Materia prima: Certificada sin TACC<br><br>-Nivel de cuidados: Cocina 100% libre de gluten <br><br>-Horarios de atención:<br>Lunes - 9.30 a 20.30 horas<br>Martes - 9.30 a 20.30 horas<br>Miércoles - 9.30 a 20.30 horas<br>Jueves - 9.30 a 20.30 horas<br>Viernes - 9.30 a 20.30 horas<br>Sábado - 9.30 a 20.30 horas<br>Domingo - 9.30 a 13.30 y de 16.30 a 20.30 horas<br><br>Descripción: <br>nombre: ]]></description>
        <styleUrl>#icon-1578-E65100-labelson</styleUrl>
        <ExtendedData>
          <Data name="Descripción">
            <value/>
          </Data>
          <Data name="nombre">
            <value/>
          </Data>
        </ExtendedData>
        <Point>
          <coordinates>
            -58.5639337,-34.6483495,0
          </coordinates>
        </Point>
      </Placemark>
      <Placemark>
        <name>Piacere sin tacc San Justo</name>
        <description><![CDATA[-Tipo de comercio: Restaurante / Despacho <br><br>-Modalidad: Salón / Take away / Delivery <br><br>-Tipo de producto: Elaboración propia <br><br>-Materia prima: Certificada sin TACC <br><br>-Nivel de cuidados: Cocina 100% libre de gluten<br><br>-Horarios de atención:<br>Lunes - 8.30 a 20.30 horas<br>Martes - 8.30 a 20.30 horas<br>Miércoles - 8.30 a 20.30 horas<br>Jueves - 8.30 a 22.30 horas<br>Viernes - 8.30 a 22.30 horas<br>Sábado - 8.30 a 22.30 horas<br>Domingo - 9.30 a 13.30 y de 16.30 a 20.30 horas<br><br>Descripción: <br>nombre: ]]></description>
        <styleUrl>#icon-1578-E65100-labelson</styleUrl>
        <ExtendedData>
          <Data name="Descripción">
            <value/>
          </Data>
          <Data name="nombre">
            <value/>
          </Data>
        </ExtendedData>
        <Point>
          <coordinates>
            -58.5614886,-34.6764681,0
          </coordinates>
        </Point>
      </Placemark>
      <Placemark>
        <name>Pilar Patagonia - Club de Campo</name>
        <description><![CDATA[-Tipo de comercio: Restaurante<br><br>-Modalidad: Salón<br><br>-Tipo de producto: Elaboración propia y de proveedores<br><br>-Materia prima: Certificada sin TACC<br><br>-Nivel de cuidados: Cocina mixta con cuidados en contaminación cruzada<br><br>-Horarios de atención:<br>Jueves - 12 a 19 horas<br>Viernes - 12 a 19 horas<br>Sábado - 12 a 23 horas<br>Domingo - 12 a 19 horas<br>Consultar horarios durante vacaciones<br><br>Descripción: <br>nombre: ]]></description>
        <styleUrl>#icon-1577-FFEA00-labelson</styleUrl>
        <ExtendedData>
          <Data name="Descripción">
            <value/>
          </Data>
          <Data name="nombre">
            <value/>
          </Data>
        </ExtendedData>
        <Point>
          <coordinates>
            -58.925021,-34.5139195,0
          </coordinates>
        </Point>
      </Placemark>
      <Placemark>
        <name>Pistacchio</name>
        <description><![CDATA[-Tipo de comercio: Cafetería<br><br>-El menú del comercio es 100% libre de gluten<br><br>-Tipo de producto: Elaboración propia <br><br>-Materia prima: Certificada sin gluten<br><br>-Cocina: Cocina 100% libre de gluten<br><br>-Modalidad: Consumo en salón / Envío por app / Take away / Tienda online<br><br>-Horarios de atención:<br>Lunes - Cerrado<br>Martes - 9 a 20 horas<br>Miércoles - 9 a 20 horas<br>Jueves - 9 a 20 horas<br>Viernes - 9 a 20 horas<br>Sábado - 9 a 20 horas<br>Domingo - 9 a 20 horas<br><br>Instagram: @_pistacchiopasteleria<br><br>Descripción: <br>nombre: ]]></description>
        <styleUrl>#icon-1577-FFEA00-labelson</styleUrl>
        <ExtendedData>
          <Data name="Descripción">
            <value/>
          </Data>
          <Data name="nombre">
            <value/>
          </Data>
        </ExtendedData>
        <Point>
          <coordinates>
            -58.593101,-34.6458919,0
          </coordinates>
        </Point>
      </Placemark>
      <Placemark>
        <name>Pizza Planet</name>
        <description><![CDATA[-Tipo de comercio: Pizzeria<br><br>-Modalidad: Take away / Delivery<br><br>-Tipo de producto: Productos marca Sizglu<br><br>-Nivel de cuidados: Cocina mixta con cuidados en contaminación cruzada<br><br>-Comentario del lugar: "Las pizzas se venden congeladas, en bolsas individuales y se almacenan en un freezer exclusivo. La manipulación posterior corre por cuenta del cliente"<br><br>-Horarios de atención:<br>Lunes - 18.30 a 22.30 horas<br>Martes - 18.30 a 22.30 horas<br>Miércoles - 18.30 a 22.30 horas<br>Jueves - 18.30 a 22.30 horas<br>Viernes - 18.30 a 22.30 horas<br>Sábado - 18.30 a 22.30 horas<br>Domingo - 18.30 a 22.30 horas<br><br>Descripción: <br>nombre: ]]></description>
        <styleUrl>#icon-1577-FFEA00-labelson</styleUrl>
        <ExtendedData>
          <Data name="Descripción">
            <value/>
          </Data>
          <Data name="nombre">
            <value/>
          </Data>
        </ExtendedData>
        <Point>
          <coordinates>
            -57.9680597,-34.9013945,0
          </coordinates>
        </Point>
      </Placemark>
      <Placemark>
        <name>Pizza Vegana Castelar</name>
        <description><![CDATA[-Tipo de comercio: Pizzeria<br><br>-Modalidad: Salón / Take away / Delivery <br><br>-Tipo de producto: Elaboración propia <br><br>-Materia prima: Certificada sin TACC<br><br>-Nivel de cuidados: Cocina 100% libre de gluten<br><br>Comentario del lugar: "En nuestras cocinas no hay traza cruzada porque no se consume ni ingresa gluten y nuestros equipamientos son nuevos al momento de la inauguración de cada sucursal. Tomamos todas las precauciones del caso pero no podemos evitar que clientes ingresen a nuestro local y eso provoque contaminación aérea, por eso, elegirnos, está a criterio de ustedes".<br><br>-Horarios de atención:<br>Lunes - Cerrado<br>Martes - 19 a 23 horas<br>Miércoles - 19 a 23 horas<br>Jueves - 19 a 23 horas<br>Viernes - 11 a 14.30 y 19. a 23 horas<br>Sábado - 11 a 14.30 y 19 a 23 horas<br>Domingo - 19 a 23 horas<br><br>Descripción: <br>nombre: ]]></description>
        <styleUrl>#icon-1577-FFEA00-labelson</styleUrl>
        <ExtendedData>
          <Data name="Descripción">
            <value/>
          </Data>
          <Data name="nombre">
            <value/>
          </Data>
        </ExtendedData>
        <Point>
          <coordinates>
            -58.6499151,-34.64993,0
          </coordinates>
        </Point>
      </Placemark>
      <Placemark>
        <name>Pizza Vegana Ramos Mejia</name>
        <description><![CDATA[-Tipo de comercio: Pizzeria<br><br>-Modalidad: Salón / Take away / Delivery<br><br>-Tipo de producto: Elaboración propia<br><br>-Materia prima: Certificada sin TACC<br><br>-Nivel de cuidados: Cocina 100% libre de gluten<br><br>Comentario del lugar: "En nuestras cocinas no hay traza cruzada porque no se consume ni ingresa gluten y nuestros equipamientos son nuevos al momento de la inauguración de cada sucursal. Tomamos todas las precauciones del caso pero no podemos evitar que clientes ingresen a nuestro local y eso provoque contaminación aérea, por eso, elegirnos, está a criterio de ustedes".<br><br>-Horarios de atención:<br>Lunes - Cerrado<br>Martes - 19 a 23 horas<br>Miércoles - 19 a 23 horas<br>Jueves - 19 a 23 horas<br>Viernes - 19. a 23 horas<br>Sábado - 19 a 23 horas<br>Domingo - 19 a 23 horas<br><br>Descripción: <br>nombre: ]]></description>
        <styleUrl>#icon-1577-FFEA00-labelson</styleUrl>
        <ExtendedData>
          <Data name="Descripción">
            <value/>
          </Data>
          <Data name="nombre">
            <value/>
          </Data>
        </ExtendedData>
        <Point>
          <coordinates>
            -58.5614348,-34.640653,0
          </coordinates>
        </Point>
      </Placemark>
      <Placemark>
        <name>Pizza Vegana Vicente López</name>
        <description><![CDATA[-Tipo de comercio: Pizzeria<br><br>-Modalidad: Salón / Take away / Delivery<br><br>-Tipo de producto: Elaboración propia<br><br>-Materia prima: Certificada sin TACC<br><br>-Nivel de cuidados: Cocina 100% libre de gluten<br><br>Comentario del lugar: "En nuestras cocinas no hay traza cruzada porque no se consume ni ingresa gluten y nuestros equipamientos son nuevos al momento de la inauguración de cada sucursal. Tomamos todas las precauciones del caso pero no podemos evitar que clientes ingresen a nuestro local y eso provoque contaminación aérea, por eso, elegirnos, está a criterio de ustedes".<br><br>-Horarios de atención:<br>Lunes - 19 a 23.30 horas<br>Martes - 19 a 23.30 horas<br>Miércoles - 19 a 23.30 horas<br>Jueves - 19 a 23.30 horas<br>Viernes - 19. a 23.30 horas<br>Sábado - 19 a 23.30 horas<br>Domingo - 19 a 23.30 horas<br><br>Descripción: <br>nombre: ]]></description>
        <styleUrl>#icon-1577-FFEA00-labelson</styleUrl>
        <ExtendedData>
          <Data name="Descripción">
            <value/>
          </Data>
          <Data name="nombre">
            <value/>
          </Data>
        </ExtendedData>
        <Point>
          <coordinates>
            -58.4748879,-34.5193621,0
          </coordinates>
        </Point>
      </Placemark>
      <Placemark>
        <name>Pizzeria Da Leo</name>
        <description><![CDATA[-Tipo de comercio: Pizzería<br><br>-Modalidad: Salón / Take away<br><br>-Tipo de producto: Elaboración propia<br><br>-Nivel de cuidados: Cocina 100% libre de gluten<br><br>-Horarios de atención:<br>Miércoles - 19.30 a 23 horas<br>Jueves - 19.30 a 23 horas<br>Viernes - 19.30 a 23 horas<br>Sábados - 19.30 a 23 horas<br><br>Descripción: <br>nombre: ]]></description>
        <styleUrl>#icon-1577-FFEA00-labelson</styleUrl>
        <ExtendedData>
          <Data name="Descripción">
            <value/>
          </Data>
          <Data name="nombre">
            <value/>
          </Data>
        </ExtendedData>
        <Point>
          <coordinates>
            -58.2531044,-34.7197534,0
          </coordinates>
        </Point>
      </Placemark>
      <Placemark>
        <name>Placeres sin gluten</name>
        <description><![CDATA[-Tipo de comercio: Despacho / Panadería <br><br><br>-Modalidad: Take away<br><br><br>-Tipo de producto: Elaboración propia <br><br>-Materia prima: Certificada sin TACC <br><br>-Nivel de cuidados: Cocina 100% libre de gluten <br><br>-Horarios de atención:<br>Lunes - 9 a 19 horas<br>Martes - 9 a 19 horas<br>Miércoles - 9 a 19 horas<br>Jueves - 9 a 19 horas<br>Viernes - 9 a 19 horas<br>Sábado - 9 a 19 horas<br>Domingo - Cerrado<br><br>Descripción: <br>nombre: ]]></description>
        <styleUrl>#icon-1578-E65100-labelson</styleUrl>
        <ExtendedData>
          <Data name="Descripción">
            <value/>
          </Data>
          <Data name="nombre">
            <value/>
          </Data>
        </ExtendedData>
        <Point>
          <coordinates>
            -57.9485248,-34.9275036,0
          </coordinates>
        </Point>
      </Placemark>
      <Placemark>
        <name><![CDATA[P.F. Chang's]]></name>
        <description><![CDATA[-Tipo de comercio: Restaurante<br><br>-Modalidad: Salón<br><br>-Tipo de producto: Elaboración propia<br><br>-Nivel de cuidados: Cocina mixta con cuidados en contaminación cruzada <br><br>-Horarios de atención:<br>Lunes - 12 a 00 horas<br>Martes - 12 a 00 horas<br>Miércoles -12 a 00 horas<br>Jueves - 12 a 00 horas<br>Viernes -12 a 01 horas<br> Sábados -12 a 01 horas<br>Domingos de 12 a 01 horas<br><br>Descripción: <br>nombre: ]]></description>
        <styleUrl>#icon-1577-FFEA00-labelson</styleUrl>
        <ExtendedData>
          <Data name="Descripción">
            <value/>
          </Data>
          <Data name="nombre">
            <value/>
          </Data>
        </ExtendedData>
        <Point>
          <coordinates>
            -58.4882014,-34.4844086,0
          </coordinates>
        </Point>
      </Placemark>
      <Placemark>
        <name>Punto La Juvenil Pastas - Canning</name>
        <description><![CDATA[-Tipo de comercio: Fábrica de pastas<br><br>-Modalidad: Take away / Entrega programada / Envío por app<br><br>-Tipo de producto: Elaboración propia (tienen una línea sin gluten diferenciada que se elabora en una fábrica aparte)<br><br>-Materia prima: Certificada sin TACC<br><br>-Cocina: Cocina 100% libre de gluten<br><br>-Horarios de atención:<br>Lunes - 10 a 14 y 16.a 20.30 horas<br>Martes - 10 a 20.30 horas<br>Miércoles - 10 a 14 y 16.a 20.30 horas<br>Jueves - 10 a 20.30 horas<br>Viernes - 10 a 20.30 horas<br>Sábado - 10 a 20.30 horas<br>Domingo - 9 a 14 horas<br><br>Descripción: <br>nombre: ]]></description>
        <styleUrl>#icon-1578-E65100-labelson</styleUrl>
        <ExtendedData>
          <Data name="Descripción">
            <value/>
          </Data>
          <Data name="nombre">
            <value/>
          </Data>
        </ExtendedData>
        <Point>
          <coordinates>
            -58.5044809,-34.8816082,0
          </coordinates>
        </Point>
      </Placemark>
      <Placemark>
        <name>Punto La Juvenil Pastas - Olivos</name>
        <description><![CDATA[Tipo de comercio: Fábrica de pastas<br><br>-Modalidad: Take away / Entrega programada / Envío por app / Tienda online<br><br>-Tipo de producto: Elaboración propia (tienen una línea sin gluten diferenciada que se elabora en una fábrica aparte)<br><br>-Materia prima: Certificada sin TACC<br><br>-Cocina: Cocina 100% libre de gluten<br><br>-Horarios de atención:<br>Lunes - 10 a 22 horas<br>Martes - 10 a 22 horas<br>Miércoles - 10 a 22 horas<br>Jueves - 10 a 22 horas<br>Viernes - 10 a 22 horas<br>Sábado - 10 a 22 horas<br>Domingo - 10 a 15 horas<br><br>Descripción: <br>nombre: ]]></description>
        <styleUrl>#icon-1578-E65100-labelson</styleUrl>
        <ExtendedData>
          <Data name="Descripción">
            <value/>
          </Data>
          <Data name="nombre">
            <value/>
          </Data>
        </ExtendedData>
        <Point>
          <coordinates>
            -58.4800162,-34.5062426,0
          </coordinates>
        </Point>
      </Placemark>
      <Placemark>
        <name>Rochino Canning</name>
        <description><![CDATA[-Tipo de comercio: Fábrica de pastas<br><br>-Modalidad: Take away / Delivery<br><br>-Tipo de producto: Elaboración propia<br><br>-Materia prima: Certificada sin TACC<br><br>-Nivel de cuidados: Cocina 100% libre de gluten<br><br>-Horarios de atención:<br>Lunes - 9 a 21 horas<br>Martes - 9 a 21 horas<br>Miércoles - 9 a 21 horas<br>Jueves - 9 a 21 horas<br>Viernes - 9 a 21 horas<br>Sábado - 9 a 21 horas<br>Domingo - 9 a 21 horas<br><br>Descripción: <br>nombre: ]]></description>
        <styleUrl>#icon-1578-E65100-labelson</styleUrl>
        <ExtendedData>
          <Data name="Descripción">
            <value/>
          </Data>
          <Data name="nombre">
            <value/>
          </Data>
        </ExtendedData>
        <Point>
          <coordinates>
            -58.5024522,-34.8594502,0
          </coordinates>
        </Point>
      </Placemark>
      <Placemark>
        <name>Rogelia</name>
        <description><![CDATA[-Tipo de comercio: Restaurante<br><br>-Modalidad: Salón / Take away<br><br>-Tipo de producto: Elaboración propia<br><br>-Materia prima: Certificada sin TACC<br><br>-Nivel de cuidados: Cocina mixta con cuidados en contaminación cruzada<br><br>-Horarios de atención:<br>Lunes - Cerrado<br>Martes - Cerrado<br>Miércoles - 12.30 a 17 horas<br>Jueves - 12.30 a 17 horas<br>Viernes - 12.30 a 17 horas<br>Sábado - 12.30 a 17 y de 20.30 a 0 horas<br>Domingo - 12.30 a 17 horas<br><br>Descripción: <br>nombre: ]]></description>
        <styleUrl>#icon-1577-FFEA00-labelson</styleUrl>
        <ExtendedData>
          <Data name="Descripción">
            <value/>
          </Data>
          <Data name="nombre">
            <value/>
          </Data>
        </ExtendedData>
        <Point>
          <coordinates>
            -58.7578902,-35.0381821,0
          </coordinates>
        </Point>
      </Placemark>
      <Placemark>
        <name><![CDATA[Rojas Bakery & Coffee
]]></name>
        <description><![CDATA[-Tipo de comercio: Cafetería<br><br>-Modalidad: Salón / Take away<br><br>-Tipo de producto: Productos marca Sabroso y sin gluten<br><br>-Cocina: Cocina 100% libre de gluten<br><br>-Nivel de cuidados: Se calienta en horno de uso exclusivo para alimentos sin gluten / Se sirve cerrado como lo envía el proveedor / Se manipula con todos los cuidados posibles para evitar contaminación cruzada<br><br>-Horarios de atención:<br>Lunes - 8.30 a 18.30 horas<br>Martes - 8.30 a 18.30 horas<br>Miércoles - 8.30 a 18.30 horas<br>Jueves - 8.30 a 18.30 horas<br>Viernes - 8.30 a 18.30 horas<br>Sábado - 9 a 16 horas<br>Domingo - Cerrado<br><br>Descripción: <br>nombre: ]]></description>
        <styleUrl>#icon-1577-FFEA00-labelson</styleUrl>
        <ExtendedData>
          <Data name="Descripción">
            <value/>
          </Data>
          <Data name="nombre">
            <value/>
          </Data>
        </ExtendedData>
        <Point>
          <coordinates>
            -58.5587407,-34.6787564,0
          </coordinates>
        </Point>
      </Placemark>
      <Placemark>
        <name>Round</name>
        <description><![CDATA[-Tipo de comercio: Restaurante<br><br>-Modalidad: Salón / Take away <br><br>-Tipo de producto: Productos marca TaccFreeArg<br><br>-Nivel de cuidados: Cocina mixta con cuidados en contaminación cruzada<br><br>-Horarios de atención:<br>Lunes - 9.30 a 1 horas<br>Martes - 9.30 a 1 horas<br>Miércoles - 9.30 a 1 horas<br>Jueves - 9.30 a 1 horas<br>Viernes - 9.30 a 1.30 horas<br>Sábado - 9.30 a 1.30 horas<br>Domingo - 9.30 a 1 horas<br><br>Descripción: <br>nombre: ]]></description>
        <styleUrl>#icon-1577-FFEA00-labelson</styleUrl>
        <ExtendedData>
          <Data name="Descripción">
            <value/>
          </Data>
          <Data name="nombre">
            <value/>
          </Data>
        </ExtendedData>
        <Point>
          <coordinates>
            -58.5361043,-34.4488864,0
          </coordinates>
        </Point>
      </Placemark>
      <Placemark>
        <name>Scumm Bar</name>
        <description><![CDATA[-Tipo de comercio: Bar<br><br>-En el comercio se venden productos con gluten también<br><br>-Tipo de producto: Elaboración propia<br><br>-Materia prima: Certificada sin gluten<br><br>-Cocina: Cocina mixta con cuidados en contaminación cruzada<br><br>-Cuidados para evitar la CC: Utensilios exclusivos para la cocción de los alimentos sin gluten / Personal con conocimiento en la manipulación de estos alimentos<br><br>-Modalidad: Consumo en salón / Delivery propio / Envío por app / Take away<br><br>-Horarios de atención:<br>Lunes - Cerrado<br>Martes - Cerrado<br>Miércoles - Cerrado<br>Jueves - 21 a 3 horas<br>Viernes - 21 a 3 horas<br>Sábado - 21 a 3 horas<br>Domingo - Cerrado<br>Pre-feriado: 21 a 3 horas<br><br>Instagram: @scumm_bar<br><br>Descripción: <br>nombre: ]]></description>
        <styleUrl>#icon-1577-FFEA00-labelson</styleUrl>
        <ExtendedData>
          <Data name="Descripción">
            <value/>
          </Data>
          <Data name="nombre">
            <value/>
          </Data>
        </ExtendedData>
        <Point>
          <coordinates>
            -58.5873784,-34.6356035,0
          </coordinates>
        </Point>
      </Placemark>
      <Placemark>
        <name>SinTacctica</name>
        <description><![CDATA[-Tipo de comercio: Cafetería<br><br>-Modalidad: Salón / Take away / Delivery <br><br>-Tipo de producto: Elaboración propia <br><br>-Materia prima: Certificada sin TACC<br><br>-Nivel de cuidados: Cocina 100% libre de gluten<br><br>-Horarios de atención:<br>Lunes - Cerrado<br>Martes - 10 a 20 horas<br>Miércoles - 10 a 20 horas<br>Jueves - 10 a 20 horas<br>Viernes - 10 a 20 horas<br>Sábado - 10 a 20 horas<br>Domingo - Cerrado<br><br>Descripción: <br>nombre: ]]></description>
        <styleUrl>#icon-1577-FFEA00-labelson</styleUrl>
        <ExtendedData>
          <Data name="Descripción">
            <value/>
          </Data>
          <Data name="nombre">
            <value/>
          </Data>
        </ExtendedData>
        <Point>
          <coordinates>
            -57.9640376,-34.9039767,0
          </coordinates>
        </Point>
      </Placemark>
      <Placemark>
        <name>Sintaxis La Plata (CERRADO)</name>
        <description><![CDATA[-Tipo de comercio: Restaurante / Cafetería / Pastelería<br><br>-Modalidad: Salón / Take away / Envío por app / Tienda on line<br><br>-Tipo de producto: Elaboración propia<br><br>-Materia prima: Certificada sin TACC<br><br>-Nivel de cuidados: Cocina 100% libre de gluten<br><br>-Horarios de atención:<br>Lunes - Cerrado<br>Martes - 10 a 20 horas<br>Miércoles - 10 a 20 horas<br>Jueves - 10 a 0 horas<br>Viernes - 10 a 0 horas<br>Sábado - 10 a 0 horas<br>Domingo - 12 a 20 horas<br><br>Descripción: <br>nombre: ]]></description>
        <styleUrl>#icon-1577-FFEA00-labelson</styleUrl>
        <ExtendedData>
          <Data name="Descripción">
            <value/>
          </Data>
          <Data name="nombre">
            <value/>
          </Data>
        </ExtendedData>
        <Point>
          <coordinates>
            -57.9462495,-34.9122008,0
          </coordinates>
        </Point>
      </Placemark>
      <Placemark>
        <name>Sintaxis Villa Ballester</name>
        <description><![CDATA[-Tipo de comercio: Restaurante / Cafetería / Pastelería<br><br>-Modalidad: Salón / Take away / Envío por app / Tienda on line<br><br>-Tipo de producto: Elaboración propia<br><br>-Materia prima: Certificada sin TACC<br><br>-Nivel de cuidados: Cocina 100% libre de gluten<br><br>-Horarios de atención:<br>Lunes - Cerrado<br>Martes - 8.30 a 20.30 horas<br>Miércoles - 8.30 a 20.30 horas<br>Jueves - 8.30 a 20.30 horas<br>Viernes - 8.30 a 20.30 horas<br>Sábado - 8.30 a 20.30 horas<br>Domingo - 8.30 a 20.30 horas<br><br>Descripción: <br>nombre: ]]></description>
        <styleUrl>#icon-1577-FFEA00-labelson</styleUrl>
        <ExtendedData>
          <Data name="Descripción">
            <value/>
          </Data>
          <Data name="nombre">
            <value/>
          </Data>
        </ExtendedData>
        <Point>
          <coordinates>
            -58.5507495,-34.5487964,0
          </coordinates>
        </Point>
      </Placemark>
      <Placemark>
        <name>Tacc Off</name>
        <description><![CDATA[-Tipo de comercio:  Despacho<br><br>-Modalidad: Take away / Delivery<br><br>-Tipo de producto: Elaboración propia<br><br>-Nivel de cuidados: Cocina 100% libre de gluten<br><br>-Horarios de atención:<br>Lunes - 8.30 a 23 horas<br>Martes - 8.30 a 23 horas<br>Miércoles - 8.30 a 23 horas<br>Jueves - 8.30 a 23 horas<br>Viernes - 8.30 a 23 horas<br>Sábado - 8.30 a 23 horas<br>Domingo - Cerrado<br><br>Descripción: <br>nombre: ]]></description>
        <styleUrl>#icon-1577-FFEA00-labelson</styleUrl>
        <ExtendedData>
          <Data name="Descripción">
            <value/>
          </Data>
          <Data name="nombre">
            <value/>
          </Data>
        </ExtendedData>
        <Point>
          <coordinates>
            -57.9458631,-34.9251409,0
          </coordinates>
        </Point>
      </Placemark>
      <Placemark>
        <name>TaccOff</name>
        <description><![CDATA[-Tipo de comercio: Restaurante / Cafetería<br><br>-Modalidad: Salón / Take away / Delivery<br><br>-Tipo de producto: Elaboración propia<br><br>-Materia prima: Certificada sin TACC<br><br>-Nivel de cuidados: Cocina 100% libre de gluten<br><br>-Horarios de atención:<br>Lunes - 10 a 21 horas<br>Martes - 10 a 21 horas<br>Miércoles - 10 a 21 horas<br>Jueves - 10 a 23.30 horas<br>Viernes - 10 a 23.30 horas<br>Sábado - 12 a 23.30 horas<br>Domingo - 12 a 23.30 horas<br><br>Descripción: <br>nombre: ]]></description>
        <styleUrl>#icon-1577-FFEA00-labelson</styleUrl>
        <ExtendedData>
          <Data name="Descripción">
            <value/>
          </Data>
          <Data name="nombre">
            <value/>
          </Data>
        </ExtendedData>
        <Point>
          <coordinates>
            -57.9552586,-34.9184481,0
          </coordinates>
        </Point>
      </Placemark>
      <Placemark>
        <name>Tara Verde</name>
        <description><![CDATA[-Tipo de comercio: Panadería / Pastelería<br><br>-Modalidad: Salón / Take away / Delivery <br><br>-Tipo de producto: Elaboración propia<br><br>-Materia prima: Certificada sin TACC <br><br>-Nivel de cuidados: Cocina 100% libre de gluten <br><br>-Horarios de atención:<br>Lunes - Cerrado<br>Martes - 7.30 a 20 horas<br>Miércoles - 7.30 a 20 horas<br>Jueves - 7.30 a 20 horas<br>Viernes - 7.30 a 20 horas<br>Sábado - 7.30 a 20 horas<br>Domingo - Cerrado<br><br>Descripción: <br>nombre: ]]></description>
        <styleUrl>#icon-1577-FFEA00-labelson</styleUrl>
        <ExtendedData>
          <Data name="Descripción">
            <value/>
          </Data>
          <Data name="nombre">
            <value/>
          </Data>
        </ExtendedData>
        <Point>
          <coordinates>
            -57.9615545,-34.9093169,0
          </coordinates>
        </Point>
      </Placemark>
      <Placemark>
        <name>The Coffee Store</name>
        <description><![CDATA[-Tipo de comercio: Cafetería<br><br>-Modalidad: Salón / Take away<br><br>-Tipo de producto: Productos marca La Delfina<br><br>-Nivel de cuidados: Cocina mixta con cuidados en contaminación cruzada<br><br>-Horarios de atención:<br>Lunes - 8.30 a 20.30 horas<br>Martes - 8.30 a 20.30 horas<br>Miércoles - 8.30 a 20.30 horas<br>Jueves - 8.30 a 20.30 horas<br>Viernes - 8.30 a 20.30 horas<br>Sábado - 8.30 a 20.30 horas<br>Domingo - Cerrado<br><br>Descripción: <br>nombre: ]]></description>
        <styleUrl>#icon-1577-FFEA00-labelson</styleUrl>
        <ExtendedData>
          <Data name="Descripción">
            <value/>
          </Data>
          <Data name="nombre">
            <value/>
          </Data>
        </ExtendedData>
        <Point>
          <coordinates>
            -58.7099128,-34.542768,0
          </coordinates>
        </Point>
      </Placemark>
      <Placemark>
        <name>The Coffee Store</name>
        <description><![CDATA[-Tipo de comercio: Cafetería<br><br>-Modalidad: Salón / Take away<br><br>-Tipo de producto: Productos marca La Delfina<br><br>-Nivel de cuidados: Cocina mixta con cuidados en contaminación cruzada<br><br>-Horarios de atención:<br>Lunes - 7 a 21 horas<br>Martes - 7 a 21 horas<br>Miércoles - 7 a 21 horas<br>Jueves - 7 a 21 horas<br>Viernes - 7 a 21 horas<br>Sábado - 7 a 21 horas<br>Domingo - 7 a 21 horas<br><br>Descripción: <br>nombre: ]]></description>
        <styleUrl>#icon-1577-FFEA00-labelson</styleUrl>
        <ExtendedData>
          <Data name="Descripción">
            <value/>
          </Data>
          <Data name="nombre">
            <value/>
          </Data>
        </ExtendedData>
        <Point>
          <coordinates>
            -58.62109,-34.6520061,0
          </coordinates>
        </Point>
      </Placemark>
      <Placemark>
        <name>The Coffee Store Avellaneda</name>
        <description><![CDATA[-Tipo de comercio: Cafetería<br><br>-Modalidad: Salón / Take away<br><br>-Tipo de producto: Productos marca La Delfina<br><br>-Nivel de cuidados: Cocina mixta con cuidados en contaminación cruzada<br><br>-Horarios de atención:<br>Lunes - Cerrado<br>Martes - 8.30 a 20 horas<br>Miércoles - 8.30 a 20 horas<br>Jueves - 8.30 a 20 horas<br>Viernes - 8.30 a 20 horas<br>Sábado - 12 a 20 horas<br>Domingo - 12 a 20 horas<br><br>Descripción: <br>nombre: ]]></description>
        <styleUrl>#icon-1577-FFEA00-labelson</styleUrl>
        <ExtendedData>
          <Data name="Descripción">
            <value/>
          </Data>
          <Data name="nombre">
            <value/>
          </Data>
        </ExtendedData>
        <Point>
          <coordinates>
            -58.3701624,-34.6628701,0
          </coordinates>
        </Point>
      </Placemark>
      <Placemark>
        <name>The Coffee Store Lanús</name>
        <description><![CDATA[-Tipo de comercio: Cafetería<br><br>-Modalidad: Salón / Take away<br><br>-Tipo de producto: Productos marca La Delfina<br><br>-Nivel de cuidados: Cocina mixta con cuidados en contaminación cruzada<br><br>-Horarios de atención:<br>Lunes - 8.30 a 20.30 horas<br>Martes - 8.30 a 20.30 horas<br>Miércoles - 8.30 a 20.30 horas<br>Jueves - 8.30 a 20.30 horas<br>Viernes - 8.30 a 20.30 horas<br>Sábado - 8.30 a 20.30 horas<br>Domingo - 8.30 a 20.30 horas<br><br>Descripción: <br>nombre: ]]></description>
        <styleUrl>#icon-1577-FFEA00-labelson</styleUrl>
        <ExtendedData>
          <Data name="Descripción">
            <value/>
          </Data>
          <Data name="nombre">
            <value/>
          </Data>
        </ExtendedData>
        <Point>
          <coordinates>
            -58.3944459,-34.7022943,0
          </coordinates>
        </Point>
      </Placemark>
      <Placemark>
        <name>The Coffee Store Lomitas</name>
        <description><![CDATA[-Tipo de comercio: Cafetería<br><br>-Modalidad: Salón / Take away<br><br>-Tipo de producto: Productos marca La Delfina<br><br>-Nivel de cuidados: Cocina mixta con cuidados en contaminación cruzada<br><br>-Horarios de atención:<br>Lunes - 8 a 20 horas<br>Martes - 8 a 20 horas<br>Miércoles - 8 a 20 horas<br>Jueves - 8 a 20 horas<br>Viernes - 8.30 a 20 horas<br>Sábado - 8 a 20.30 horas<br>Domingo - 15 a 20 horas<br><br>Descripción: <br>nombre: ]]></description>
        <styleUrl>#icon-1577-FFEA00-labelson</styleUrl>
        <ExtendedData>
          <Data name="Descripción">
            <value/>
          </Data>
          <Data name="nombre">
            <value/>
          </Data>
        </ExtendedData>
        <Point>
          <coordinates>
            -58.4027785,-34.7639531,0
          </coordinates>
        </Point>
      </Placemark>
      <Placemark>
        <name>The Coffee Store Ramos Mejía Norte</name>
        <description><![CDATA[-Tipo de comercio: Cafetería<br><br>-Modalidad: Salón / Take away<br><br>-Tipo de producto: Productos marca La Delfina<br><br>-Nivel de cuidados: Cocina mixta con cuidados en contaminación cruzada<br><br>-Horarios de atención:<br>Lunes - 7 a 20.30 horas<br>Martes - 7 a 20.30 horas<br>Miércoles - 7 a 20.30 horas<br>Jueves - 7 a 20.30 horas<br>Viernes - 7 a 23.30 horas<br>Sábado - 8 a 23.30 horas<br>Domingo - 14 a 21 horas<br><br>Descripción: <br>nombre: ]]></description>
        <styleUrl>#icon-1577-FFEA00-labelson</styleUrl>
        <ExtendedData>
          <Data name="Descripción">
            <value/>
          </Data>
          <Data name="nombre">
            <value/>
          </Data>
        </ExtendedData>
        <Point>
          <coordinates>
            -58.56417,-34.6382788,0
          </coordinates>
        </Point>
      </Placemark>
      <Placemark>
        <name>The Coffee Store Ramos Mejía Sur</name>
        <description><![CDATA[-Tipo de comercio: Cafetería<br><br>-Modalidad: Salón / Take away<br><br>-Tipo de producto: Productos marca La Delfina<br><br>-Nivel de cuidados: Cocina mixta con cuidados en contaminación cruzada<br><br>-Horarios de atención:<br>Lunes - 7.30 a 20.30 horas<br>Martes - 7.30 a 20.30 horas<br>Miércoles - 7.30 a 20.30 horas<br>Jueves - 7.30 a 20.30 horas<br>Viernes - 7.30 a 20.30 horas<br>Sábado - 7.30 a 20.30 horas<br>Domingo - 14 a 20.30 horas<br><br>Descripción: <br>nombre: ]]></description>
        <styleUrl>#icon-1577-FFEA00-labelson</styleUrl>
        <ExtendedData>
          <Data name="Descripción">
            <value/>
          </Data>
          <Data name="nombre">
            <value/>
          </Data>
        </ExtendedData>
        <Point>
          <coordinates>
            -58.5671265,-34.6415241,0
          </coordinates>
        </Point>
      </Placemark>
      <Placemark>
        <name>The Coffee Store San Justo</name>
        <description><![CDATA[-Tipo de comercio: Cafetería<br><br>-Modalidad: Salón / Take away<br><br>-Tipo de producto: Productos marca La Delfina<br><br>-Nivel de cuidados: Cocina mixta con cuidados en contaminación cruzada<br><br>-Horarios de atención:<br>Lunes - 7 a 20.30 horas<br>Martes - 7 a 20.30 horas<br>Miércoles - 7 a 20.30 horas<br>Jueves - 7 a 20.30 horas<br>Viernes - 7 a 20.30 horas<br>Sábado - 8 a 20.30 horas<br>Domingo - 14 a 20.30 horas<br><br>Descripción: <br>nombre: ]]></description>
        <styleUrl>#icon-1577-FFEA00-labelson</styleUrl>
        <ExtendedData>
          <Data name="Descripción">
            <value/>
          </Data>
          <Data name="nombre">
            <value/>
          </Data>
        </ExtendedData>
        <Point>
          <coordinates>
            -58.5613601,-34.6787286,0
          </coordinates>
        </Point>
      </Placemark>
      <Placemark>
        <name>Tienda de Café - Banfield</name>
        <description><![CDATA[-Tipo de comercio: Cafetería<br><br>-Modalidad: Salón / Take away / Envío por app<br><br>-Tipo de producto: Productos marca Sintaxis y Ozganic<br><br>Cocina: "Se calientan en un tostador único para productos celiacos, situado mayormente en la barra de los locales, de fácil visibilidad para el cliente y sin contacto con alimentos y/o utensilios contaminados".<br><br>-Nivel de cuidados: Se calienta en horno de uso exclusivo para alimentos sin gluten / Se sirve cerrado como lo envía el proveedor / Se manipula con todos los cuidados posibles para evitar contaminación cruzada<br><br>-Horarios de atención:<br>Lunes - 7.30 a 21 horas<br>Martes - 7.30 a 21 horas<br>Miércoles - 7.30 a 21 horas<br>Jueves - 7.30 a 21 horas<br>Viernes - 7.30 a 22 horas<br>Sábado - 7.30 a 22 horas<br>Domingo - 8.30 a 21 horas<br><br>Descripción: <br>nombre: ]]></description>
        <styleUrl>#icon-1577-FFEA00-labelson</styleUrl>
        <ExtendedData>
          <Data name="Descripción">
            <value/>
          </Data>
          <Data name="nombre">
            <value/>
          </Data>
        </ExtendedData>
        <Point>
          <coordinates>
            -58.3918104,-34.7433139,0
          </coordinates>
        </Point>
      </Placemark>
      <Placemark>
        <name>Tienda De Cafe - La Plata</name>
        <description><![CDATA[-Tipo de comercio: Cafetería<br><br>-Modalidad: Salón / Take away / Envío por app<br><br>-Tipo de producto: Productos marca Sintaxis y Ozganic<br><br>Cocina: "Se calientan en un tostador único para productos celiacos, situado mayormente en la barra de los locales, de fácil visibilidad para el cliente y sin contacto con alimentos y/o utensilios contaminados".<br><br>-Nivel de cuidados: Se calienta en horno de uso exclusivo para alimentos sin gluten / Se sirve cerrado como lo envía el proveedor / Se manipula con todos los cuidados posibles para evitar contaminación cruzada<br><br>-Horarios de atención:<br>Lunes - 7.30 a 21 horas<br>Martes - 7.30 a 21 horas<br>Miércoles - 7.30 a 21 horas<br>Jueves - 7.30 a 21 horas<br>Viernes - 7.30 a 21 horas<br>Sábado - 8 a 21.30 horas<br>Domingo - 13.30 a 19.30 horas<br><br>Descripción: <br>nombre: ]]></description>
        <styleUrl>#icon-1577-FFEA00-labelson</styleUrl>
        <ExtendedData>
          <Data name="Descripción">
            <value/>
          </Data>
          <Data name="nombre">
            <value/>
          </Data>
        </ExtendedData>
        <Point>
          <coordinates>
            -57.9460724,-34.9258726,0
          </coordinates>
        </Point>
      </Placemark>
      <Placemark>
        <name>Tienda De Cafe La Plata</name>
        <description><![CDATA[-Tipo de comercio: Cafetería<br><br>-Modalidad: Salón / Take away / Envío por app<br><br>-Tipo de producto: Productos marca Sintaxis y Ozganic<br><br>Cocina: "Se calientan en un tostador único para productos celiacos, situado mayormente en la barra de los locales, de fácil visibilidad para el cliente y sin contacto con alimentos y/o utensilios contaminados".<br><br>-Nivel de cuidados: Se calienta en horno de uso exclusivo para alimentos sin gluten / Se sirve cerrado como lo envía el proveedor / Se manipula con todos los cuidados posibles para evitar contaminación cruzada<br><br>-Horarios de atención:<br>Lunes - 7.30 a 20.30 horas<br>Martes - 7.30 a 20.30 horas<br>Miércoles - 7.30 a 20.30 horas<br>Jueves - 7.30 a 20.30 horas<br>Viernes - 7.30 a 20.30 horas<br>Sábado - 8 a 21 horas<br>Domingo - Cerrado<br><br>Descripción: <br>nombre: ]]></description>
        <styleUrl>#icon-1577-FFEA00-labelson</styleUrl>
        <ExtendedData>
          <Data name="Descripción">
            <value/>
          </Data>
          <Data name="nombre">
            <value/>
          </Data>
        </ExtendedData>
        <Point>
          <coordinates>
            -57.9543327,-34.9133296,0
          </coordinates>
        </Point>
      </Placemark>
      <Placemark>
        <name>Tienda de café</name>
        <description><![CDATA[-Tipo de comercio: Cafetería<br><br>-Modalidad: Salón<br><br>-Tipo de producto: Productos marca Sintaxis<br><br>-Nivel de cuidados: Cocina mixta con cuidados en contaminación cruzada<br><br>-Horarios de atención:<br>Lunes - 7.30 a 20.30 horas<br>Martes - 7.30 a 20.30 horas<br>Miércoles - 7.30 a 20.30 horas<br>Jueves - 7.30 a 20.30 horas<br>Viernes - 7.30 a 20.30 horas<br>Sábado - 7.30 a 20.30 horas<br>Domingo - Cerrado<br><br>Descripción: <br>nombre: ]]></description>
        <styleUrl>#icon-1577-FFEA00-labelson</styleUrl>
        <ExtendedData>
          <Data name="Descripción">
            <value/>
          </Data>
          <Data name="nombre">
            <value/>
          </Data>
        </ExtendedData>
        <Point>
          <coordinates>
            -57.9551083,-34.9125546,0
          </coordinates>
        </Point>
      </Placemark>
      <Placemark>
        <name>Tienda de café</name>
        <description><![CDATA[-Tipo de comercio: Cafetería<br><br>-Modalidad: Salón / Take away / Envío por app<br><br>-Tipo de producto: Productos marca Sintaxis y Ozganic<br><br>Cocina: "Se calientan en un tostador único para productos celiacos, situado mayormente en la barra de los locales, de fácil visibilidad para el cliente y sin contacto con alimentos y/o utensilios contaminados".<br><br>-Nivel de cuidados: Se calienta en horno de uso exclusivo para alimentos sin gluten / Se sirve cerrado como lo envía el proveedor / Se manipula con todos los cuidados posibles para evitar contaminación cruzada<br><br>-Horarios de atención:<br>Lunes - 10.30 a 0 horas<br>Martes - 10.30 a 0 horas<br>Miércoles - 10.30 a 0 horas<br>Jueves - 10.30 a 0 horas<br>Viernes - 10.30 a 0 horas<br>Sábado - 10.30 a 1 horas<br>Domingo - 10.30 a 0 horas<br>Feriados - 10.30 a 1 horas<br><br>Descripción: <br>nombre: ]]></description>
        <styleUrl>#icon-1577-FFEA00-labelson</styleUrl>
        <ExtendedData>
          <Data name="Descripción">
            <value/>
          </Data>
          <Data name="nombre">
            <value/>
          </Data>
        </ExtendedData>
        <Point>
          <coordinates>
            -58.4006737,-34.8084662,0
          </coordinates>
        </Point>
      </Placemark>
      <Placemark>
        <name>Tienda de Café | Lanús Oeste</name>
        <description><![CDATA[-Tipo de comercio: Cafetería<br><br>-Modalidad: Salón / Take away / Envío por app<br><br>-Tipo de producto: Productos marca Sintaxis y Ozganic<br><br>Cocina: "Se calientan en un tostador único para productos celiacos, situado mayormente en la barra de los locales, de fácil visibilidad para el cliente y sin contacto con alimentos y/o utensilios contaminados".<br><br>-Nivel de cuidados: Se calienta en horno de uso exclusivo para alimentos sin gluten / Se sirve cerrado como lo envía el proveedor / Se manipula con todos los cuidados posibles para evitar contaminación cruzada<br><br>-Horarios de atención:<br>Lunes - 7 a 21 horas<br>Martes - 7 a 21 horas<br>Miércoles - 7 a 21 horas<br>Jueves - 7 a 21 horas<br>Viernes - 7 a 21 horas<br>Sábado - 7.30 a 21 horas<br>Domingo - Cerrado<br><br>Descripción: <br>nombre: ]]></description>
        <styleUrl>#icon-1577-FFEA00-labelson</styleUrl>
        <ExtendedData>
          <Data name="Descripción">
            <value/>
          </Data>
          <Data name="nombre">
            <value/>
          </Data>
        </ExtendedData>
        <Point>
          <coordinates>
            -58.3941723,-34.7075755,0
          </coordinates>
        </Point>
      </Placemark>
      <Placemark>
        <name>Tienda De Café | Lomitas</name>
        <description><![CDATA[-Tipo de comercio: Cafetería<br><br>-Modalidad: Salón / Take away / Envío por app<br><br>-Tipo de producto: Productos marca Sintaxis y Ozganic<br><br>Cocina: "Se calientan en un tostador único para productos celiacos, situado mayormente en la barra de los locales, de fácil visibilidad para el cliente y sin contacto con alimentos y/o utensilios contaminados".<br><br>-Nivel de cuidados: Se calienta en horno de uso exclusivo para alimentos sin gluten / Se sirve cerrado como lo envía el proveedor / Se manipula con todos los cuidados posibles para evitar contaminación cruzada<br><br>-Horarios de atención:<br>Lunes - 8 a 23 horas<br>Martes - 8 a 23 horas<br>Miércoles - 8 a 23 horas<br>Jueves - 8 a 1 horas<br>Viernes - 8 a 1 horas<br>Sábado - 9 a 1 horas<br>Domingo - 9 a 22 horas<br><br>Descripción: <br>nombre: ]]></description>
        <styleUrl>#icon-1577-FFEA00-labelson</styleUrl>
        <ExtendedData>
          <Data name="Descripción">
            <value/>
          </Data>
          <Data name="nombre">
            <value/>
          </Data>
        </ExtendedData>
        <Point>
          <coordinates>
            -58.4015354,-34.7643862,0
          </coordinates>
        </Point>
      </Placemark>
      <Placemark>
        <name>Tienda de Pastas Frescas Las Rosas
</name>
        <description><![CDATA[-Tipo de comercio: Venta de Pastas Frescas<br><br>-Tipo de producto: Productos marca Doña Rosa<br><br>-Nivel de cuidados: Se sirve cerrado como lo envía el proveedor<br><br>-Modalidad: Take away<br><br>-Horarios de atención:<br>Lunes - 10 a 14 y 16 a 19 horas<br>Martes - 10 a 14 y 16 a 19 horas<br>Miércoles - 10 a 14 y 16 a 19 horas<br>Jueves - 10 a 14 y 16 a 19 horas<br>Viernes - 10 a 14 y 16 a 19 horas<br>Sábado - 10 a 14 y 16 a 19 horas<br>Domingo - 10 a 14 horas<br><br>Instagram: @pastaslasrosas<br><br>Descripción: <br>nombre: ]]></description>
        <styleUrl>#icon-1578-E65100-labelson</styleUrl>
        <ExtendedData>
          <Data name="Descripción">
            <value/>
          </Data>
          <Data name="nombre">
            <value/>
          </Data>
        </ExtendedData>
        <Point>
          <coordinates>
            -58.0490228,-34.8695654,0
          </coordinates>
        </Point>
      </Placemark>
      <Placemark>
        <name>TRIXIE Francisco Alvarez</name>
        <description><![CDATA[-Tipo de comercio: Restaurante<br><br>-Modalidad: Salón / Take away<br><br>-Tipo de producto: Elaboración propia<br><br>-Materia prima: Certificada sin TACC<br><br>-Nivel de cuidados: Cocina mixta con cuidados en contaminación cruzada<br><br>-Horarios de atención:<br>Lunes - 8 a 23 horas<br>Martes - 8 a 23 horas<br>Miércoles - 8 a 23 horas<br>Jueves - 8 a 23 horas<br>Viernes - 8 a 0.30 horas<br>Sábado - 9 a 0.30 horas<br>Domingo - 9 a 23 horas<br>Feriados - 9 a 23 horas<br><br>Descripción: <br>nombre: ]]></description>
        <styleUrl>#icon-1577-FFEA00-labelson</styleUrl>
        <ExtendedData>
          <Data name="Descripción">
            <value/>
          </Data>
          <Data name="nombre">
            <value/>
          </Data>
        </ExtendedData>
        <Point>
          <coordinates>
            -58.8377479,-34.6200213,0
          </coordinates>
        </Point>
      </Placemark>
      <Placemark>
        <name>TRIXIE Temaiken</name>
        <description><![CDATA[-Tipo de comercio: Restaurante<br><br>-Modalidad: Salón / Take away<br><br>-Tipo de producto: Elaboración propia<br><br>-Materia prima: Certificada sin TACC<br><br>-Nivel de cuidados: Cocina mixta con cuidados en contaminación cruzada<br><br>-Horarios de atención:<br>Lunes - Cerrado<br>Martes - Cerrado<br>Miércoles - 10 a 18 horas<br>Jueves - 10 a 18 horas<br>Viernes - 10 a 18 horas<br>Sábado - 10 a 18 horas<br>Domingo - 10 a 18 horas<br>Feriados - 10 a 18 horas<br><br>Descripción: <br>nombre: ]]></description>
        <styleUrl>#icon-1577-FFEA00-labelson</styleUrl>
        <ExtendedData>
          <Data name="Descripción">
            <value/>
          </Data>
          <Data name="nombre">
            <value/>
          </Data>
        </ExtendedData>
        <Point>
          <coordinates>
            -58.8027421,-34.3635172,0
          </coordinates>
        </Point>
      </Placemark>
      <Placemark>
        <name>Úrsula sin gluten</name>
        <description><![CDATA[-Tipo de comercio: Panadería<br><br>-El menú del comercio es 100% libre de gluten<br><br>-Tipo de producto: Elaboración propia<br><br>-Materia prima: Certificada sin gluten<br><br>-Cocina: Cocina 100% libre de gluten<br><br>-Modalidad: Envío por app / Take away<br><br>-Comentario: Algunos productos son de elaboración propia y otros no.<br><br>-Horarios de atención:<br>Lunes - 16 a 20 horas<br>Martes - 9 a 12 y de 16 a 20 horas<br>Miércoles - 9 a 12 y de 16 a 20 horas<br>Jueves - 9 a 12 y de 16 a 20 horas<br>Viernes - 9 a 12 y de 16 a 20 horas<br>Sábado - 10 a 13 y de 16 a 20 horas<br>Domingo - 10 a 13 horas<br><br>Instagram: @ursula.singluten<br><br>Descripción: <br>nombre: ]]></description>
        <styleUrl>#icon-1578-E65100-labelson</styleUrl>
        <ExtendedData>
          <Data name="Descripción">
            <value/>
          </Data>
          <Data name="nombre">
            <value/>
          </Data>
        </ExtendedData>
        <Point>
          <coordinates>
            -58.0528356,-34.8801418,0
          </coordinates>
        </Point>
      </Placemark>
      <Placemark>
        <name>Usina cafetera</name>
        <description><![CDATA[-Tipo de comercio: Cafetería<br><br>-Modalidad: Salón<br><br>-Tipo de producto: Elaboración propia<br><br>-Nivel de cuidados: Cocina mixta con cuidados para evitar la contaminación cruzada<br><br>-Horarios de atención:<br>Lunes - 8.30 a 21 horas<br>Martes - 8.30 a 21 horas<br>Miércoles - 8.30 a 21 horas<br>Jueves - 8.30 a 21 horas<br>Viernes - 8.30 a 21 horas<br>Sábado - 8.30 a 21 horas<br>Domingo - 8.30 a 21 horas<br><br>Descripción: <br>nombre: ]]></description>
        <styleUrl>#icon-1577-FFEA00-labelson</styleUrl>
        <ExtendedData>
          <Data name="Descripción">
            <value/>
          </Data>
          <Data name="nombre">
            <value/>
          </Data>
        </ExtendedData>
        <Point>
          <coordinates>
            -58.5107671,-34.4691899,0
          </coordinates>
        </Point>
      </Placemark>
      <Placemark>
        <name>Vanyla Cakes Pasteleria sin tacc</name>
        <description><![CDATA[-Tipo de comercio: Cafetería / Pastelería<br><br>-Tipo de producto: Elaboración propia<br><br>-Materia prima: Certificada sin gluten<br><br>-Cocina: Cocina 100% libre de gluten<br><br>-Modalidad: Consumo en salón / Envío por app / Take away<br><br>-Horarios de atención:<br>Lunes - 9 a 20.30 horas<br>Martes - 9 a 20.30 horas<br>Miércoles - 9 a 20.30 horas<br>Jueves - 9 a 20.30 horas<br>Viernes - 9 a 20.30 horas<br>Sábado - 9 a 20.30 horas<br>Domingo - 10 a 19.30 horas<br>Feriados: 10 a 19.30 horas<br><br>Instagram: @vanylacakes <br><br>Descripción: <br>nombre: ]]></description>
        <styleUrl>#icon-1577-FFEA00-labelson</styleUrl>
        <ExtendedData>
          <Data name="Descripción">
            <value/>
          </Data>
          <Data name="nombre">
            <value/>
          </Data>
        </ExtendedData>
        <Point>
          <coordinates>
            -58.701694,-34.5494822,0
          </coordinates>
        </Point>
      </Placemark>
      <Placemark>
        <name>Vanyla Cakes Pasteleria Sin tacc Vte Lopez</name>
        <description><![CDATA[-Tipo de comercio: Cafetería / Pastelería<br><br>-Tipo de producto: Elaboración propia<br><br>-Materia prima: Certificada sin gluten<br><br>-Cocina: Cocina 100% libre de gluten<br><br>-Modalidad: Consumo en salón / Envío por app / Take away<br><br>-Horarios de atención:<br>Lunes - 9 a 20.30 horas<br>Martes - 9 a 20.30 horas<br>Miércoles - 9 a 20.30 horas<br>Jueves - 9 a 20.30 horas<br>Viernes - 9 a 20.30 horas<br>Sábado - 9 a 20.30 horas<br>Domingo - 10 a 19.30 horas<br>Feriados: 10 a 19.30 horas<br><br>Instagram: @vanylacakes <br><br>Descripción: <br>nombre: ]]></description>
        <styleUrl>#icon-1577-FFEA00-labelson</styleUrl>
        <ExtendedData>
          <Data name="Descripción">
            <value/>
          </Data>
          <Data name="nombre">
            <value/>
          </Data>
        </ExtendedData>
        <Point>
          <coordinates>
            -58.4970043,-34.4982167,0
          </coordinates>
        </Point>
      </Placemark>
      <Placemark>
        <name>Vichenzo Sin Tacc Pacheco</name>
        <description><![CDATA[-Tipo de comercio: Panadería / Pastelería / Fábrica de pastas / Productos de rotisería<br><br>-Tipo de producto: Elaboración propia <br><br>-Materia prima: Certificada sin gluten<br><br>-Cocina: Cocina 100% libre de gluten<br><br>-Modalidad: Delivery propio / Envío por app / Take away<br><br>-Horarios de atención:<br>Lunes - 9 a 13 y 16 a 20 horas<br>Martes - 9 a 13 y 16 a 20 horas<br>Miércoles - 9 a 13 y 16 a 20 horas<br>Jueves - 9 a 13 y 16 a 20 horas<br>Viernes - 9 a 13 y 16 a 20 horas<br>Sábado - 9 a 13 y 16 a 20 horas<br>Domingo - Cerrado<br>Feriados - 10 a 14 horas<br><br>Instagram: @vichenzo_pacheco <br><br>Descripción: <br>nombre: ]]></description>
        <styleUrl>#icon-1578-E65100-labelson</styleUrl>
        <ExtendedData>
          <Data name="Descripción">
            <value/>
          </Data>
          <Data name="nombre">
            <value/>
          </Data>
        </ExtendedData>
        <Point>
          <coordinates>
            -58.6362738,-34.4597688,0
          </coordinates>
        </Point>
      </Placemark>
      <Placemark>
        <name>Vichenzo Sin Tacc Sarandí</name>
        <description><![CDATA[-Tipo de comercio: Fábrica de pastas / Pastelería / Panadería<br><br>-Modalidad: Take away / Tienda Online<br><br>-Tipo de producto: Elaboración propia<br><br>-Materia prima: Certificada sin TACC<br><br>-Horarios de atención:<br>Lunes - 10 a 17 horas<br>Martes - 10 a 17 horas<br>Miércoles - 10 a 17 horas<br>Jueves - 10 a 17 horas<br>Viernes - 10 a 17 horas<br>Sábado - 10 a 14 horas<br>Domingo - Cerrado<br><br>Descripción: <br>nombre: ]]></description>
        <styleUrl>#icon-1577-FFEA00-labelson</styleUrl>
        <ExtendedData>
          <Data name="Descripción">
            <value/>
          </Data>
          <Data name="nombre">
            <value/>
          </Data>
        </ExtendedData>
        <Point>
          <coordinates>
            -58.3452561,-34.6760169,0
          </coordinates>
        </Point>
      </Placemark>
      <Placemark>
        <name>Villa Costanza - Bistro - Campana</name>
        <description><![CDATA[-Tipo de comercio: Bar<br><br>-Modalidad: Consumo en salón<br><br>-Tipo de producto: Elaboración propia<br><br>-Materia prima: Certificada sin gluten<br><br>-Cocina: Cocina mixta con cuidados en contaminación cruzada<br><br>-Cuidados para evitar la CC: Utensilios exclusivos para la cocción de los alimentos sin gluten / Horno aparte para los alimentos sin gluten / Personal con conocimiento en la manipulación de estos alimentos<br><br>-Horarios de atención:<br>Lunes - Cerrado<br>Martes - Cerrado<br>Miércoles - Cerrado<br>Jueves - 8.15 a 2 horas<br>Viernes - 8.15 a 2 horas<br>Sábado - 8.15 a 2 horas<br>Domingo - 17.30 a 1 horas<br><br>Instagram: @villacostanzabistro <br><br>Descripción: <br>nombre: ]]></description>
        <styleUrl>#icon-1577-FFEA00-labelson</styleUrl>
        <ExtendedData>
          <Data name="Descripción">
            <value/>
          </Data>
          <Data name="nombre">
            <value/>
          </Data>
        </ExtendedData>
        <Point>
          <coordinates>
            -58.9616358,-34.1567708,0
          </coordinates>
        </Point>
      </Placemark>
      <Placemark>
        <name>(CERRADO) WISTER</name>
        <description><![CDATA[-Tipo de comercio: Restaurante / Cafetería / Hamburguesería / Pastelería<br><br>-Tipo de producto: Elaboración propia <br><br>-Materia prima: Certificada sin gluten<br><br>-Cocina: Cocina 100% libre de gluten<br><br>-Modalidad: Consumo en salón / Envío por app / Take away <br><br>-Horarios de atención:<br>Lunes - 10 a 23 horas<br>Martes - 10 a 23 horas<br>Miércoles - 10 a 23 horas<br>Jueves - 10 a 23 horas<br>Viernes - 10 a 23 horas<br>Sábado - 10 a 23 horas<br>Domingo - 10 a 23 horas<br><br>Instagram: @wister.lomitas <br><br>Descripción: <br>nombre: ]]></description>
        <styleUrl>#icon-1577-FFEA00-labelson</styleUrl>
        <ExtendedData>
          <Data name="Descripción">
            <value/>
          </Data>
          <Data name="nombre">
            <value/>
          </Data>
        </ExtendedData>
        <Point>
          <coordinates>
            -58.4017654,-34.7655742,0
          </coordinates>
        </Point>
      </Placemark>
    </Folder>
  </Document>
</kml>
