<?xml version="1.0" encoding="UTF-8"?>
<kml xmlns="http://www.opengis.net/kml/2.2">
  <Document>
    <name>Costa Altántica sin gluten - SinTaccto.com</name>
    <description>Locales gastronómicos con opciones sin gluten. Consultar siempre previamente para mayor tranquilidad.</description>
    <Style id="icon-1577-FFEA00-normal">
      <IconStyle>
        <color>ff00eaff</color>
        <scale>1</scale>
        <Icon>
          <href>https://www.gstatic.com/mapspro/images/stock/503-wht-blank_maps.png</href>
        </Icon>
      </IconStyle>
      <LabelStyle>
        <scale>0</scale>
      </LabelStyle>
    </Style>
    <Style id="icon-1577-FFEA00-highlight">
      <IconStyle>
        <color>ff00eaff</color>
        <scale>1</scale>
        <Icon>
          <href>https://www.gstatic.com/mapspro/images/stock/503-wht-blank_maps.png</href>
        </Icon>
      </IconStyle>
      <LabelStyle>
        <scale>1</scale>
      </LabelStyle>
    </Style>
    <StyleMap id="icon-1577-FFEA00">
      <Pair>
        <key>normal</key>
        <styleUrl>#icon-1577-FFEA00-normal</styleUrl>
      </Pair>
      <Pair>
        <key>highlight</key>
        <styleUrl>#icon-1577-FFEA00-highlight</styleUrl>
      </Pair>
    </StyleMap>
    <Style id="icon-1578-E65100-normal">
      <IconStyle>
        <color>ff0051e6</color>
        <scale>1</scale>
        <Icon>
          <href>https://www.gstatic.com/mapspro/images/stock/503-wht-blank_maps.png</href>
        </Icon>
      </IconStyle>
      <LabelStyle>
        <scale>0</scale>
      </LabelStyle>
    </Style>
    <Style id="icon-1578-E65100-highlight">
      <IconStyle>
        <color>ff0051e6</color>
        <scale>1</scale>
        <Icon>
          <href>https://www.gstatic.com/mapspro/images/stock/503-wht-blank_maps.png</href>
        </Icon>
      </IconStyle>
      <LabelStyle>
        <scale>1</scale>
      </LabelStyle>
    </Style>
    <StyleMap id="icon-1578-E65100">
      <Pair>
        <key>normal</key>
        <styleUrl>#icon-1578-E65100-normal</styleUrl>
      </Pair>
      <Pair>
        <key>highlight</key>
        <styleUrl>#icon-1578-E65100-highlight</styleUrl>
      </Pair>
    </StyleMap>
    <Style id="icon-1899-9C27B0-normal">
      <IconStyle>
        <color>ffb0279c</color>
        <scale>1</scale>
        <Icon>
          <href>https://www.gstatic.com/mapspro/images/stock/503-wht-blank_maps.png</href>
        </Icon>
        <hotSpot x="32" xunits="pixels" y="64" yunits="insetPixels"/>
      </IconStyle>
      <LabelStyle>
        <scale>0</scale>
      </LabelStyle>
    </Style>
    <Style id="icon-1899-9C27B0-highlight">
      <IconStyle>
        <color>ffb0279c</color>
        <scale>1</scale>
        <Icon>
          <href>https://www.gstatic.com/mapspro/images/stock/503-wht-blank_maps.png</href>
        </Icon>
        <hotSpot x="32" xunits="pixels" y="64" yunits="insetPixels"/>
      </IconStyle>
      <LabelStyle>
        <scale>1</scale>
      </LabelStyle>
    </Style>
    <StyleMap id="icon-1899-9C27B0">
      <Pair>
        <key>normal</key>
        <styleUrl>#icon-1899-9C27B0-normal</styleUrl>
      </Pair>
      <Pair>
        <key>highlight</key>
        <styleUrl>#icon-1899-9C27B0-highlight</styleUrl>
      </Pair>
    </StyleMap>
    <Style id="icon-1899-9C27B0-nodesc-normal">
      <IconStyle>
        <color>ffb0279c</color>
        <scale>1</scale>
        <Icon>
          <href>https://www.gstatic.com/mapspro/images/stock/503-wht-blank_maps.png</href>
        </Icon>
        <hotSpot x="32" xunits="pixels" y="64" yunits="insetPixels"/>
      </IconStyle>
      <LabelStyle>
        <scale>0</scale>
      </LabelStyle>
      <BalloonStyle>
        <text><![CDATA[<h3>$[name]</h3>]]></text>
      </BalloonStyle>
    </Style>
    <Style id="icon-1899-9C27B0-nodesc-highlight">
      <IconStyle>
        <color>ffb0279c</color>
        <scale>1</scale>
        <Icon>
          <href>https://www.gstatic.com/mapspro/images/stock/503-wht-blank_maps.png</href>
        </Icon>
        <hotSpot x="32" xunits="pixels" y="64" yunits="insetPixels"/>
      </IconStyle>
      <LabelStyle>
        <scale>1</scale>
      </LabelStyle>
      <BalloonStyle>
        <text><![CDATA[<h3>$[name]</h3>]]></text>
      </BalloonStyle>
    </Style>
    <StyleMap id="icon-1899-9C27B0-nodesc">
      <Pair>
        <key>normal</key>
        <styleUrl>#icon-1899-9C27B0-nodesc-normal</styleUrl>
      </Pair>
      <Pair>
        <key>highlight</key>
        <styleUrl>#icon-1899-9C27B0-nodesc-highlight</styleUrl>
      </Pair>
    </StyleMap>
    <Folder>
      <name>Mar del Plata</name>
      <Placemark>
        <name>El Domo Cafe</name>
        <description><![CDATA[-Tipo de comercio: Restaurante / Cafetería<br><br>-Modalidad: Salón / Take away / Delivery propio<br><br>-Tipo de producto: Elaboración propia<br><br>-Materia prima: Certificada sin gluten<br><br>-Cocina: Cocina mixta con cuidados en contaminación cruzada<br><br>-Horarios de atención:<br>Lunes - 7 a 1 horas<br>Martes - 7 a 1 horas<br>Miércoles - 7 a 1 horas<br>Jueves - 7 a 1 horas<br>Viernes - 7 a 1 horas<br>Sábado - 7 a 1 horas<br>Domingo - 7 a 1 horas<br><br>Instagram: @eldomocafe]]></description>
        <styleUrl>#icon-1577-FFEA00</styleUrl>
        <Point>
          <coordinates>
            -57.553202,-38.0087998,0
          </coordinates>
        </Point>
      </Placemark>
      <Placemark>
        <name>Java gluten free</name>
        <description><![CDATA[-Tipo de comercio: Pizzeria<br><br>-Modalidad: Take away / Delivery propio<br><br>-Tipo de producto: Elaboración propia<br><br>-Materia prima: Certificada sin gluten<br><br>-Cocina: Cocina 100% libre de gluten<br><br>-Horarios de atención:<br>Lunes - 12 a 14 y 20 a 23 horas<br>Martes - 12 a 14 y 20 a 23 horas<br>Miércoles - 12 a 14 y 20 a 23 horas<br>Jueves - 12 a 14 y 20 a 23 horas<br>Viernes - 12 a 14 y 20 a 23 horas<br>Sábado - 12 a 14 y 20 a 23 horas<br>Domingo - 20 a 23 horas<br><br>Instagram: @java.glutenfree]]></description>
        <styleUrl>#icon-1578-E65100</styleUrl>
        <Point>
          <coordinates>
            -57.5588354,-38.0001971,0
          </coordinates>
        </Point>
      </Placemark>
      <Placemark>
        <name>La frutilla del postre mdq</name>
        <description><![CDATA[-Tipo de comercio: Cafetería al paso / Pastelería<br><br>-Modalidad: Take away<br><br>-Tipo de producto: Elaboración propia<br><br>-Materia prima: Certificada sin gluten<br><br>-Cocina: Cocina 100% libre de gluten<br><br>-Horarios de atención:<br>Lunes - Cerrado<br>Martes - Cerrado<br>Miércoles - 8:30 a 13:30 y de 17 a 20 horas<br>Jueves - 8:30 a 13:30 y de 17 a 20 horas<br>Viernes - 8:30 a 13:30 y de 17 a 20 horas<br>Sábado - 8.30 a 20 horas<br>Domingo - Cerrado<br><br>Instagram: @lafrutilladelpostremdq]]></description>
        <styleUrl>#icon-1578-E65100</styleUrl>
        <Point>
          <coordinates>
            -57.557467,-37.9986757,0
          </coordinates>
        </Point>
      </Placemark>
      <Placemark>
        <name>The Wine Bar MDP</name>
        <description><![CDATA[-Tipo de comercio: Restaurante<br><br>-Modalidad: Salón<br><br>-Tipo de producto: Elaboración externa en cocina libre de gluten<br><br>-Nivel de cuidados: Cocina mixta con cuidados en contaminación cruzada<br><br>-Horarios de atención:<br>Lunes - Cerrado<br>Martes - desde las 19 horas<br>Miércoles - desde las 19 horas<br>Jueves - desde las 19 horas<br>Viernes - desde las 19 horas<br>Sábado - desde las 19 horas<br>Domingo - Cerrado]]></description>
        <styleUrl>#icon-1577-FFEA00</styleUrl>
        <Point>
          <coordinates>
            -57.535335,-38.0267917,0
          </coordinates>
        </Point>
      </Placemark>
      <Placemark>
        <name><![CDATA[BELUGA Fish & Chips]]></name>
        <description><![CDATA[Restaurante.<br>Elaboración propia.<br>Instagram: @belugamdq<br> <br>Información brindada por la Asociación Celíaca Argentina filial Mar del Plata.<br>https://drive.google.com/drive/folders/1-r92svTV4TNudant0vjtMEOpr6-KHKjq]]></description>
        <styleUrl>#icon-1899-9C27B0</styleUrl>
        <Point>
          <coordinates>
            -57.5425225,-38.015369,0
          </coordinates>
        </Point>
      </Placemark>
      <Placemark>
        <name>Il Toscano Express</name>
        <description><![CDATA[Elaboración propia.<br>Instagram: @il.toscano_<br><br>Información brindada por la Asociación Celíaca Argentina filial Mar del Plata.<br>https://drive.google.com/drive/folders/1-r92svTV4TNudant0vjtMEOpr6-KHKjq]]></description>
        <styleUrl>#icon-1899-9C27B0</styleUrl>
        <Point>
          <coordinates>
            -57.5522253,-37.9992778,0
          </coordinates>
        </Point>
      </Placemark>
      <Placemark>
        <name>il Toscano</name>
        <description><![CDATA[Elaboración propia.<br>Instagram: il.toscano_<br><br>Información brindada por la Asociación Celíaca Argentina filial Mar del Plata.<br>https://drive.google.com/drive/folders/1-r92svTV4TNudant0vjtMEOpr6-KHKjq]]></description>
        <styleUrl>#icon-1899-9C27B0</styleUrl>
        <Point>
          <coordinates>
            -57.5607865,-38.0091673,0
          </coordinates>
        </Point>
      </Placemark>
      <Placemark>
        <name>Tomasa Gluten Free</name>
        <description><![CDATA[Elaboración propia.<br>Instagram: @tomasaglutenfree<br> <br>Información brindada por la Asociación Celíaca Argentina filial Mar del Plata.<br>https://drive.google.com/drive/folders/1-r92svTV4TNudant0vjtMEOpr6-KHKjq]]></description>
        <styleUrl>#icon-1899-9C27B0</styleUrl>
        <Point>
          <coordinates>
            -57.5644457,-38.0010272,0
          </coordinates>
        </Point>
      </Placemark>
      <Placemark>
        <name>Sans Gluten - La Reina del Parque</name>
        <description><![CDATA[Elaboración propia.<br>Instagram: @lareinadelparque<br><br>Información brindada por la Asociación Celíaca Argentina filial Mar del Plata.<br>https://drive.google.com/drive/folders/1-r92svTV4TNudant0vjtMEOpr6-KHKjq]]></description>
        <styleUrl>#icon-1899-9C27B0</styleUrl>
        <Point>
          <coordinates>
            -57.54101,-38.0127876,0
          </coordinates>
        </Point>
      </Placemark>
      <Placemark>
        <name>Sans Gluten - La Reina del Parque</name>
        <description><![CDATA[Elaboración propia.<br>Instagram: @lareinadelparque<br> <br>Información brindada por la Asociación Celíaca Argentina filial Mar del Plata.<br>https://drive.google.com/drive/folders/1-r92svTV4TNudant0vjtMEOpr6-KHKjq]]></description>
        <styleUrl>#icon-1899-9C27B0</styleUrl>
        <Point>
          <coordinates>
            -57.5585977,-38.0036006,0
          </coordinates>
        </Point>
      </Placemark>
      <Placemark>
        <name>Sans Gluten - La reina del parque</name>
        <description><![CDATA[Elaboración propia.<br>Instagram: @lareinadelparque<br><br>Información brindada por la Asociación Celíaca Argentina filial Mar del Plata.<br>https://drive.google.com/drive/folders/1-r92svTV4TNudant0vjtMEOpr6-KHKjq]]></description>
        <styleUrl>#icon-1899-9C27B0</styleUrl>
        <Point>
          <coordinates>
            -57.5561381,-37.9689818,0
          </coordinates>
        </Point>
      </Placemark>
      <Placemark>
        <name>Karel - La fonte D` Oro</name>
        <description><![CDATA[Elaboración propia.<br>Instagram: @karelglutenfree<br>Todas las sucursales MDP.<br><br>Información brindada por la Asociación Celíaca Argentina filial Mar del Plata.<br>https://drive.google.com/drive/folders/1-r92svTV4TNudant0vjtMEOpr6-KHKjq]]></description>
        <styleUrl>#icon-1899-9C27B0</styleUrl>
        <Point>
          <coordinates>
            -57.5470575,-37.9994861,0
          </coordinates>
        </Point>
      </Placemark>
      <Placemark>
        <name>Karel - La fonte D` Oro
</name>
        <description><![CDATA[Elaboración propia.<br>Instagram: @karelglutenfree<br>Todas las sucursales MDP.<br><br>Información brindada por la Asociación Celíaca Argentina filial Mar del Plata.<br>https://drive.google.com/drive/folders/1-r92svTV4TNudant0vjtMEOpr6-KHKjq]]></description>
        <styleUrl>#icon-1899-9C27B0</styleUrl>
        <Point>
          <coordinates>
            -57.5456905,-37.9922005,0
          </coordinates>
        </Point>
      </Placemark>
      <Placemark>
        <name>Karel - La fonte D` Oro
</name>
        <description><![CDATA[Elaboración propia.<br>Instagram: @karelglutenfree<br>Todas las sucursales MDP.<br><br>Información brindada por la Asociación Celíaca Argentina filial Mar del Plata.<br>https://drive.google.com/drive/folders/1-r92svTV4TNudant0vjtMEOpr6-KHKjq]]></description>
        <styleUrl>#icon-1899-9C27B0</styleUrl>
        <Point>
          <coordinates>
            -57.5499291,-37.9978204,0
          </coordinates>
        </Point>
      </Placemark>
      <Placemark>
        <name>Karel - La fonte D` Oro
</name>
        <description><![CDATA[Elaboración propia.<br>Instagram: @karelglutenfree<br>Todas las sucursales MDP.<br><br>Información brindada por la Asociación Celíaca Argentina filial Mar del Plata.<br>https://drive.google.com/drive/folders/1-r92svTV4TNudant0vjtMEOpr6-KHKjq]]></description>
        <styleUrl>#icon-1899-9C27B0</styleUrl>
        <Point>
          <coordinates>
            -57.5406808,-38.0146086,0
          </coordinates>
        </Point>
      </Placemark>
      <Placemark>
        <name>Havanna</name>
        <description><![CDATA[Elaboración propia.<br>Instagram: @havannaarg<br>Todas las sucursales MDP.<br><br>Información brindada por la Asociación Celíaca Argentina filial Mar del Plata.<br>https://drive.google.com/drive/folders/1-r92svTV4TNudant0vjtMEOpr6-KHKjq]]></description>
        <styleUrl>#icon-1899-9C27B0</styleUrl>
        <Point>
          <coordinates>
            -57.549016,-38.0039962,0
          </coordinates>
        </Point>
      </Placemark>
      <Placemark>
        <name>Havanna</name>
        <description><![CDATA[Elaboración propia.<br>Instagram: @havannaarg<br>Todas las sucursales MDP.<br><br>Información brindada por la Asociación Celíaca Argentina filial Mar del Plata.<br>https://drive.google.com/drive/folders/1-r92svTV4TNudant0vjtMEOpr6-KHKjq]]></description>
        <styleUrl>#icon-1899-9C27B0</styleUrl>
        <Point>
          <coordinates>
            -57.535154,-38.026709,0
          </coordinates>
        </Point>
      </Placemark>
      <Placemark>
        <name>Havanna</name>
        <description><![CDATA[Elaboración propia.<br>Instagram: @havannaarg<br>Todas las sucursales MDP.<br><br>Información brindada por la Asociación Celíaca Argentina filial Mar del Plata.<br>https://drive.google.com/drive/folders/1-r92svTV4TNudant0vjtMEOpr6-KHKjq]]></description>
        <styleUrl>#icon-1899-9C27B0</styleUrl>
        <Point>
          <coordinates>
            -57.561518,-37.989154,0
          </coordinates>
        </Point>
      </Placemark>
      <Placemark>
        <name>Havanna</name>
        <description><![CDATA[Elaboración propia.<br>Instagram: @havannaarg<br>Todas las sucursales MDP.<br><br>Información brindada por la Asociación Celíaca Argentina filial Mar del Plata.<br>https://drive.google.com/drive/folders/1-r92svTV4TNudant0vjtMEOpr6-KHKjq]]></description>
        <styleUrl>#icon-1899-9C27B0</styleUrl>
        <Point>
          <coordinates>
            -57.5446957,-38.0004063,0
          </coordinates>
        </Point>
      </Placemark>
      <Placemark>
        <name>Café Martínez</name>
        <description><![CDATA[Elaboración propia.<br>Instagram: @cafemartinezmdq<br>Todas las sucursales MDP.<br><br>Información brindada por la Asociación Celíaca Argentina filial Mar del Plata.<br>https://drive.google.com/drive/folders/1-r92svTV4TNudant0vjtMEOpr6-KHKjq]]></description>
        <styleUrl>#icon-1899-9C27B0</styleUrl>
        <Point>
          <coordinates>
            -57.5502655,-37.9963495,0
          </coordinates>
        </Point>
      </Placemark>
      <Placemark>
        <name>Café Martínez</name>
        <description><![CDATA[Elaboración propia.<br>Instagram: @cafemartinezmdq<br>Todas las sucursales MDP.<br><br>Información brindada por la Asociación Celíaca Argentina filial Mar del Plata.<br>https://drive.google.com/drive/folders/1-r92svTV4TNudant0vjtMEOpr6-KHKjq]]></description>
        <styleUrl>#icon-1899-9C27B0</styleUrl>
        <Point>
          <coordinates>
            -57.5604848,-37.9979885,0
          </coordinates>
        </Point>
      </Placemark>
      <Placemark>
        <name>Café Martínez</name>
        <description><![CDATA[Elaboración propia.<br>Instagram: @cafemartinezmdq<br>Todas las sucursales MDP.<br><br>Información brindada por la Asociación Celíaca Argentina filial Mar del Plata.<br>https://drive.google.com/drive/folders/1-r92svTV4TNudant0vjtMEOpr6-KHKjq]]></description>
        <styleUrl>#icon-1899-9C27B0</styleUrl>
        <Point>
          <coordinates>
            -57.5534796,-37.9974583,0
          </coordinates>
        </Point>
      </Placemark>
      <Placemark>
        <name>BONSAI club</name>
        <description><![CDATA[Ofrece opciones sin TACC de elaboradores aptos tercerizados.<br>Instagram: @bonsaiclubmdp<br> <br>Información brindada por la Asociación Celíaca Argentina filial Mar del Plata.<br>https://drive.google.com/drive/folders/1-r92svTV4TNudant0vjtMEOpr6-KHKjq]]></description>
        <styleUrl>#icon-1899-9C27B0</styleUrl>
        <Point>
          <coordinates>
            -57.5379931,-38.0112406,0
          </coordinates>
        </Point>
      </Placemark>
      <Placemark>
        <name>El cóndor</name>
        <description><![CDATA[Ofrece opciones sin TACC de elaboradores aptos tercerizados.<br>Instagram: @elcondorcoffeeshop<br>Todas las sucursales MDP.<br> <br>Información brindada por la Asociación Celíaca Argentina filial Mar del Plata.<br>https://drive.google.com/drive/folders/1-r92svTV4TNudant0vjtMEOpr6-KHKjq]]></description>
        <styleUrl>#icon-1899-9C27B0</styleUrl>
        <Point>
          <coordinates>
            -57.5467472,-38.005393,0
          </coordinates>
        </Point>
      </Placemark>
      <Placemark>
        <name>El Cóndor</name>
        <description><![CDATA[Ofrece opciones sin TACC de elaboradores aptos tercerizados.<br>Instagram: @elcondorcoffeeshop<br>Todas las sucursales MDP.<br><br>Información brindada por la Asociación Celíaca Argentina filial Mar del Plata.<br>https://drive.google.com/drive/folders/1-r92svTV4TNudant0vjtMEOpr6-KHKjq]]></description>
        <styleUrl>#icon-1899-9C27B0</styleUrl>
        <Point>
          <coordinates>
            -57.5518437,-38.0038948,0
          </coordinates>
        </Point>
      </Placemark>
      <Placemark>
        <name>El Cóndor Coffee Shop</name>
        <description><![CDATA[Ofrece opciones sin TACC de elaboradores aptos tercerizados.<br>Instagram: @elcondorcoffeeshop<br>Todas las sucursales MDP.<br><br>Información brindada por la Asociación Celíaca Argentina filial Mar del Plata.<br>https://drive.google.com/drive/folders/1-r92svTV4TNudant0vjtMEOpr6-KHKjq]]></description>
        <styleUrl>#icon-1899-9C27B0</styleUrl>
        <Point>
          <coordinates>
            -57.5361641,-38.0280993,0
          </coordinates>
        </Point>
      </Placemark>
      <Placemark>
        <name>El Cóndor Coffee Shop</name>
        <description><![CDATA[Ofrece opciones sin TACC de elaboradores aptos tercerizados.<br>Instagram: @elcondorcoffeeshop<br>Todas las sucursales MDP.<br><br>Información brindada por la Asociación Celíaca Argentina filial Mar del Plata.<br>https://drive.google.com/drive/folders/1-r92svTV4TNudant0vjtMEOpr6-KHKjq]]></description>
        <styleUrl>#icon-1899-9C27B0</styleUrl>
        <Point>
          <coordinates>
            -57.5357201,-38.0089172,0
          </coordinates>
        </Point>
      </Placemark>
      <Placemark>
        <name><![CDATA[Via dell' Amore LA PERLA]]></name>
        <description><![CDATA[Ofrece opciones sin TACC de elaboradores aptos tercerizados.<br>Instagram: @viadellamorecafe<br> <br>Información brindada por la Asociación Celíaca Argentina filial Mar del Plata.<br>https://drive.google.com/drive/folders/1-r92svTV4TNudant0vjtMEOpr6-KHKjq]]></description>
        <styleUrl>#icon-1899-9C27B0</styleUrl>
        <Point>
          <coordinates>
            -57.5471059,-37.9888403,0
          </coordinates>
        </Point>
      </Placemark>
      <Placemark>
        <name><![CDATA[Via dell' Amore]]></name>
        <description><![CDATA[Ofrece opciones sin TACC de elaboradores aptos tercerizados.<br>Instagram: @viadellamorecafe<br><br>Información brindada por la Asociación Celíaca Argentina filial Mar del Plata.<br>https://drive.google.com/drive/folders/1-r92svTV4TNudant0vjtMEOpr6-KHKjq]]></description>
        <styleUrl>#icon-1899-9C27B0</styleUrl>
        <Point>
          <coordinates>
            -57.5387063,-38.0121241,0
          </coordinates>
        </Point>
      </Placemark>
      <Placemark>
        <name>Chuño productos sin gluten</name>
        <description><![CDATA[Panaderías y confiterías.<br>Elaboración propia.<br>Instagram: @chuñoproductos<br><br>Información brindada por la Asociación Celíaca Argentina filial Mar del Plata.<br>https://drive.google.com/drive/folders/1-r92svTV4TNudant0vjtMEOpr6-KHKjq]]></description>
        <styleUrl>#icon-1899-9C27B0</styleUrl>
        <Point>
          <coordinates>
            -57.559768,-37.9869871,0
          </coordinates>
        </Point>
      </Placemark>
      <Placemark>
        <name>Genuino Chocolatería</name>
        <description><![CDATA[Panaderías y confiterías.<br>Elaboración propia.<br>Instagram: @genuinochocolates<br> <br>Información brindada por la Asociación Celíaca Argentina filial Mar del Plata.<br>https://drive.google.com/drive/folders/1-r92svTV4TNudant0vjtMEOpr6-KHKjq]]></description>
        <styleUrl>#icon-1899-9C27B0</styleUrl>
        <Point>
          <coordinates>
            -57.555004,-38.0039416,0
          </coordinates>
        </Point>
      </Placemark>
      <Placemark>
        <name>Los Chipa de la Tía + Masa Sana todo sin gluten</name>
        <description><![CDATA[Panaderías y confiterías.<br>Elaboración propia.<br>Instagram: @loschipadelatia<br> <br>Información brindada por la Asociación Celíaca Argentina filial Mar del Plata.<br>https://drive.google.com/drive/folders/1-r92svTV4TNudant0vjtMEOpr6-KHKjq]]></description>
        <styleUrl>#icon-1899-9C27B0</styleUrl>
        <Point>
          <coordinates>
            -57.5590202,-37.996672,0
          </coordinates>
        </Point>
      </Placemark>
      <Placemark>
        <name>Picú Gluten Free</name>
        <description><![CDATA[Panaderías y confiterías.<br>Elaboración propia.<br>Instagram: @picu.todorico<br> <br>Información brindada por la Asociación Celíaca Argentina filial Mar del Plata.<br>https://drive.google.com/drive/folders/1-r92svTV4TNudant0vjtMEOpr6-KHKjq]]></description>
        <styleUrl>#icon-1899-9C27B0</styleUrl>
        <Point>
          <coordinates>
            -57.55085,-38.0131523,0
          </coordinates>
        </Point>
      </Placemark>
      <Placemark>
        <name>Sabor de Reyes - Comida termoestabilizada</name>
        <description><![CDATA[Rotisería, comida para llevar.<br>Elaboración propia.<br>Instagram: @sabordereyes<br><br>Información brindada por la Asociación Celíaca Argentina filial Mar del Plata.<br>https://drive.google.com/drive/folders/1-r92svTV4TNudant0vjtMEOpr6-KHKjq]]></description>
        <styleUrl>#icon-1899-9C27B0</styleUrl>
        <Point>
          <coordinates>
            -57.619648,-38.0127354,0
          </coordinates>
        </Point>
      </Placemark>
      <Placemark>
        <name>Sol de invierno</name>
        <description><![CDATA[Rotisería, comida para llevar.<br>Elaboración propia.<br>Instagram: @soldeinviernosingluten<br><br>Información brindada por la Asociación Celíaca Argentina filial Mar del Plata.<br>https://drive.google.com/drive/folders/1-r92svTV4TNudant0vjtMEOpr6-KHKjq]]></description>
        <styleUrl>#icon-1899-9C27B0</styleUrl>
        <Point>
          <coordinates>
            -57.558584,-37.991094,0
          </coordinates>
        </Point>
      </Placemark>
      <Placemark>
        <name>Todo Tartas</name>
        <description><![CDATA[Rotisería, comida para llevar.<br>Elaboración propia.<br>Instagram: @todotartas.singluten<br><br>Información brindada por la Asociación Celíaca Argentina filial Mar del Plata.<br>https://drive.google.com/drive/folders/1-r92svTV4TNudant0vjtMEOpr6-KHKjq]]></description>
        <styleUrl>#icon-1899-9C27B0</styleUrl>
        <Point>
          <coordinates>
            -57.556238,-38.0055582,0
          </coordinates>
        </Point>
      </Placemark>
      <Placemark>
        <name>Todo Tartas</name>
        <description><![CDATA[Rotisería, comida para llevar.<br>Elaboración propia.<br>Instagram: @todotartas.singluten<br><br>Información brindada por la Asociación Celíaca Argentina filial Mar del Plata.<br>https://drive.google.com/drive/folders/1-r92svTV4TNudant0vjtMEOpr6-KHKjq]]></description>
        <styleUrl>#icon-1899-9C27B0</styleUrl>
        <Point>
          <coordinates>
            -57.5575896,-38.0109339,0
          </coordinates>
        </Point>
      </Placemark>
      <Placemark>
        <name>Yoda gluten free</name>
        <description><![CDATA[Rotisería, comida para llevar.<br>Elaboración propia.<br>Instagram: @yodaglutenfree<br> <br>Información brindada por la Asociación Celíaca Argentina filial Mar del Plata.<br>https://drive.google.com/drive/folders/1-r92svTV4TNudant0vjtMEOpr6-KHKjq]]></description>
        <styleUrl>#icon-1899-9C27B0</styleUrl>
        <Point>
          <coordinates>
            -57.5561818,-38.0050561,0
          </coordinates>
        </Point>
      </Placemark>
      <Placemark>
        <name>El Capitan Food Truck</name>
        <description><![CDATA[Restaurante.<br>Instagram: @el.capitan_sintacc<br><br>Información brindada por la Asociación Celíaca Argentina filial Mar del Plata.<br>https://drive.google.com/drive/folders/1-r92svTV4TNudant0vjtMEOpr6-KHKjq]]></description>
        <styleUrl>#icon-1899-9C27B0</styleUrl>
        <Point>
          <coordinates>
            -57.5424244,-38.0295835,0
          </coordinates>
        </Point>
      </Placemark>
      <Placemark>
        <name><![CDATA[McDonald's]]></name>
        <description><![CDATA[Restaurante.<br>Elaboración propia.<br>Instagram: @mcdonalds_ar<br> <br>Información brindada por la Asociación Celíaca Argentina filial Mar del Plata.<br>https://drive.google.com/drive/folders/1-r92svTV4TNudant0vjtMEOpr6-KHKjq]]></description>
        <styleUrl>#icon-1899-9C27B0</styleUrl>
        <Point>
          <coordinates>
            -57.5463121,-37.9996801,0
          </coordinates>
        </Point>
      </Placemark>
      <Placemark>
        <name><![CDATA[McDonald's]]></name>
        <description><![CDATA[Restaurante.<br>Elaboración propia.<br>Instagram: @mcdonalds_ar<br><br>Información brindada por la Asociación Celíaca Argentina filial Mar del Plata.<br>https://drive.google.com/drive/folders/1-r92svTV4TNudant0vjtMEOpr6-KHKjq]]></description>
        <styleUrl>#icon-1899-9C27B0</styleUrl>
        <Point>
          <coordinates>
            -57.551758,-37.9991149,0
          </coordinates>
        </Point>
      </Placemark>
      <Placemark>
        <name>Mostaza</name>
        <description><![CDATA[Restaurante.<br>Elaboración propia.<br>Instagram: @mostazaok<br><br>Información brindada por la Asociación Celíaca Argentina filial Mar del Plata.<br>https://drive.google.com/drive/folders/1-r92svTV4TNudant0vjtMEOpr6-KHKjq]]></description>
        <styleUrl>#icon-1899-9C27B0</styleUrl>
        <Point>
          <coordinates>
            -57.5452215,-37.9924467,0
          </coordinates>
        </Point>
      </Placemark>
      <Placemark>
        <name>Mostaza Peatonal</name>
        <description><![CDATA[Restaurante.<br>Elaboración propia.<br>Instagram: @mostazaok<br><br>Información brindada por la Asociación Celíaca Argentina filial Mar del Plata.<br>https://drive.google.com/drive/folders/1-r92svTV4TNudant0vjtMEOpr6-KHKjq]]></description>
        <styleUrl>#icon-1899-9C27B0</styleUrl>
        <Point>
          <coordinates>
            -57.5459022,-37.9999451,0
          </coordinates>
        </Point>
      </Placemark>
      <Placemark>
        <name>Mostaza Los Gallegos</name>
        <description><![CDATA[Restaurante.<br>Elaboración propia.<br>Instagram: @mostazaok<br><br>Información brindada por la Asociación Celíaca Argentina filial Mar del Plata.<br>https://drive.google.com/drive/folders/1-r92svTV4TNudant0vjtMEOpr6-KHKjq]]></description>
        <styleUrl>#icon-1899-9C27B0</styleUrl>
        <Point>
          <coordinates>
            -57.5521696,-37.9986732,0
          </coordinates>
        </Point>
      </Placemark>
      <Placemark>
        <name><![CDATA[Helados L'Sucre]]></name>
        <description><![CDATA[Heladería.<br>Elaboración propia.<br>Instagram: @lesucrehelados<br><br>Información brindada por la Asociación Celíaca Argentina filial Mar del Plata.<br>https://drive.google.com/drive/folders/1-r92svTV4TNudant0vjtMEOpr6-KHKjq]]></description>
        <styleUrl>#icon-1899-9C27B0</styleUrl>
        <Point>
          <coordinates>
            -57.545219,-37.9864712,0
          </coordinates>
        </Point>
      </Placemark>
      <Placemark>
        <name><![CDATA[Helados L'Sucre
]]></name>
        <description><![CDATA[Heladería.<br>Elaboración propia.<br>Instagram: @lesucrehelados<br><br>Información brindada por la Asociación Celíaca Argentina filial Mar del Plata.<br>https://drive.google.com/drive/folders/1-r92svTV4TNudant0vjtMEOpr6-KHKjq]]></description>
        <styleUrl>#icon-1899-9C27B0</styleUrl>
        <Point>
          <coordinates>
            -57.5469855,-38.0369454,0
          </coordinates>
        </Point>
      </Placemark>
      <Placemark>
        <name><![CDATA[Lucciano's]]></name>
        <description><![CDATA[Heladería.<br>Elaboración propia.<br>Instagram: @luccianos_<br><br>Información brindada por la Asociación Celíaca Argentina filial Mar del Plata.<br>https://drive.google.com/drive/folders/1-r92svTV4TNudant0vjtMEOpr6-KHKjq]]></description>
        <styleUrl>#icon-1899-9C27B0</styleUrl>
        <Point>
          <coordinates>
            -57.5570546,-38.0224396,0
          </coordinates>
        </Point>
      </Placemark>
      <Placemark>
        <name><![CDATA[Lucciano's
]]></name>
        <description><![CDATA[Heladería.<br>Elaboración propia.<br>Instagram: @luccianos_<br><br>Información brindada por la Asociación Celíaca Argentina filial Mar del Plata.<br>https://drive.google.com/drive/folders/1-r92svTV4TNudant0vjtMEOpr6-KHKjq]]></description>
        <styleUrl>#icon-1899-9C27B0</styleUrl>
        <Point>
          <coordinates>
            -57.5406445,-38.0141616,0
          </coordinates>
        </Point>
      </Placemark>
      <Placemark>
        <name><![CDATA[Heladería Lucciano's]]></name>
        <description><![CDATA[Heladería.<br>Elaboración propia.<br>Instagram: @luccianos_<br><br>Información brindada por la Asociación Celíaca Argentina filial Mar del Plata.<br>https://drive.google.com/drive/folders/1-r92svTV4TNudant0vjtMEOpr6-KHKjq]]></description>
        <styleUrl>#icon-1899-9C27B0</styleUrl>
        <Point>
          <coordinates>
            -57.5536766,-37.9652061,0
          </coordinates>
        </Point>
      </Placemark>
    </Folder>
    <Folder>
      <name>Pinamar - Cariló - Ostende - Valeria del Mar</name>
      <Placemark>
        <name>Churros El Topo Pinamar</name>
        <description><![CDATA[Cuentan con opciones sin TACC según informa la web de Turismo de Pinamar<br>https://pinamar.tur.ar/comer/]]></description>
        <styleUrl>#icon-1899-9C27B0</styleUrl>
        <Point>
          <coordinates>
            -56.8552348,-37.1161476,0
          </coordinates>
        </Point>
      </Placemark>
      <Placemark>
        <name>Frida Café- Restó</name>
        <description><![CDATA[Cuentan con opciones sin TACC según informa la web de Turismo de Pinamar<br>https://pinamar.tur.ar/comer/]]></description>
        <styleUrl>#icon-1899-9C27B0</styleUrl>
        <Point>
          <coordinates>
            -56.859291,-37.115538,0
          </coordinates>
        </Point>
      </Placemark>
      <Placemark>
        <name><![CDATA[Mattone Bar & Pizza]]></name>
        <description><![CDATA[Cuentan con opciones sin TACC según informa la web de Turismo de Pinamar<br>https://pinamar.tur.ar/comer/]]></description>
        <styleUrl>#icon-1899-9C27B0</styleUrl>
        <Point>
          <coordinates>
            -56.8551301,-37.1167846,0
          </coordinates>
        </Point>
      </Placemark>
      <Placemark>
        <name>Pan con Manteca Gluten Free</name>
        <description><![CDATA[Cuentan con opciones sin TACC según informa la web de Turismo de Pinamar<br>https://pinamar.tur.ar/comer/]]></description>
        <styleUrl>#icon-1899-9C27B0</styleUrl>
        <Point>
          <coordinates>
            -56.8663712,-37.1090254,0
          </coordinates>
        </Point>
      </Placemark>
      <Placemark>
        <name>Tante Pinamar</name>
        <description><![CDATA[Cuentan con opciones sin TACC según informa la web de Turismo de Pinamar<br>https://pinamar.tur.ar/comer/]]></description>
        <styleUrl>#icon-1899-9C27B0</styleUrl>
        <Point>
          <coordinates>
            -56.8570644,-37.1152915,0
          </coordinates>
        </Point>
      </Placemark>
      <Placemark>
        <name>Balneario Marbella</name>
        <description><![CDATA[Cuentan con opciones sin TACC según informa la web de Turismo de Pinamar<br>https://pinamar.tur.ar/comer/]]></description>
        <styleUrl>#icon-1899-9C27B0</styleUrl>
        <Point>
          <coordinates>
            -56.8518107,-37.1135643,0
          </coordinates>
        </Point>
      </Placemark>
      <Placemark>
        <name>La Gamba</name>
        <description><![CDATA[Cuentan con opciones sin TACC según informa la web de Turismo de Pinamar<br>https://pinamar.tur.ar/comer/]]></description>
        <styleUrl>#icon-1899-9C27B0</styleUrl>
        <Point>
          <coordinates>
            -56.8527632,-37.1148978,0
          </coordinates>
        </Point>
      </Placemark>
      <Placemark>
        <name><![CDATA[La Albúfera Dulces&Salados]]></name>
        <description><![CDATA[Cuentan con opciones sin TACC según informa la web de Turismo de Pinamar<br>https://pinamar.tur.ar/comer/]]></description>
        <styleUrl>#icon-1899-9C27B0</styleUrl>
        <Point>
          <coordinates>
            -56.8607664,-37.112614,0
          </coordinates>
        </Point>
      </Placemark>
      <Placemark>
        <name><![CDATA[Benja's]]></name>
        <description>Fui personalmente en veranos anteriores y tenían opciones. No logré respuesta de ellos aún para reconfirmarlo este año.</description>
        <styleUrl>#icon-1899-9C27B0</styleUrl>
        <Point>
          <coordinates>
            -56.90371,-37.1657258,0
          </coordinates>
        </Point>
      </Placemark>
      <Placemark>
        <name>Almacén de Pizzas Cariló</name>
        <description><![CDATA[-Tipo de comercio: Pizzería<br><br>-Modalidad: Salón / Take away / Delivery<br><br>-Tipo de producto: Productos marca Glufreez; en sucursal se les agregan los ingredientes y se cocinan<br><br>-Nivel de cuidados: Cocina mixta con cuidados para evitar la contaminación cruzada<br><br>-Horarios de atención:<br>Lunes - 12 a 16 y 18 a 0 horas<br>Martes - 12 a 16 y 18 a 0 horas<br>Miércoles - 12 a 16 y 18 a 0 horas<br>Jueves - 12 a 16 y 18 a 0 horas<br>Viernes - 12 a 16 y 18 a 0 horas<br>Sábado - 12 a 16 y 18 a 0 horas<br>Domingo - 12 a 16 y 18 a 0 horas]]></description>
        <styleUrl>#icon-1577-FFEA00</styleUrl>
        <Point>
          <coordinates>
            -56.9018025,-37.1668172,0
          </coordinates>
        </Point>
      </Placemark>
      <Placemark>
        <name>La Vieja Hostería</name>
        <description><![CDATA[Cuentan con opciones sin TACC según informa la web de Turismo de Pinamar<br>https://pinamar.tur.ar/comer/]]></description>
        <styleUrl>#icon-1899-9C27B0</styleUrl>
        <Point>
          <coordinates>
            -56.8596264,-37.117078,0
          </coordinates>
        </Point>
      </Placemark>
      <Placemark>
        <name>Jalisco</name>
        <description><![CDATA[Cuentan con opciones sin TACC según informa la web de Turismo de Pinamar<br>https://pinamar.tur.ar/comer/]]></description>
        <styleUrl>#icon-1899-9C27B0</styleUrl>
        <Point>
          <coordinates>
            -56.9036484,-37.165513,0
          </coordinates>
        </Point>
      </Placemark>
      <Placemark>
        <name>Don Lorenzo</name>
        <description>Venden productos dulces y salados marca Celibrand para llevar.</description>
        <styleUrl>#icon-1578-E65100</styleUrl>
        <Point>
          <coordinates>
            -56.8818762,-37.1470714,0
          </coordinates>
        </Point>
      </Placemark>
      <Placemark>
        <name>Frida</name>
        <description><![CDATA[Cuentan con opciones sin TACC según informa la web de Turismo de Pinamar<br>https://pinamar.tur.ar/comer/]]></description>
        <styleUrl>#icon-1899-9C27B0</styleUrl>
        <Point>
          <coordinates>
            -56.8799379,-37.1449615,0
          </coordinates>
        </Point>
      </Placemark>
      <Placemark>
        <name>Negra Baker House</name>
        <description><![CDATA[Cuentan con opciones sin TACC según informa la web de Turismo de Pinamar<br>https://pinamar.tur.ar/comer/]]></description>
        <styleUrl>#icon-1899-9C27B0</styleUrl>
        <Point>
          <coordinates>
            -56.8661517,-37.1260854,0
          </coordinates>
        </Point>
      </Placemark>
      <Placemark>
        <name>Churros El Topo Cariló</name>
        <description><![CDATA[Cuentan con opciones sin TACC según informa la web de Turismo de Pinamar<br>https://pinamar.tur.ar/comer/]]></description>
        <styleUrl>#icon-1899-9C27B0</styleUrl>
        <Point>
          <coordinates>
            -56.9044135,-37.1668645,0
          </coordinates>
        </Point>
      </Placemark>
      <Placemark>
        <name>Posta Valeria Restaurant</name>
        <description><![CDATA[Cuentan con opciones sin TACC según informa la web de Turismo de Pinamar<br>https://pinamar.tur.ar/comer/]]></description>
        <styleUrl>#icon-1899-9C27B0</styleUrl>
        <Point>
          <coordinates>
            -56.8838067,-37.1432193,0
          </coordinates>
        </Point>
      </Placemark>
      <Placemark>
        <name>Zur Cocina Costeña - Balneario Divisadero</name>
        <description><![CDATA[Cuentan con opciones sin TACC según informa la web de Turismo de Pinamar<br>https://pinamar.tur.ar/comer/]]></description>
        <styleUrl>#icon-1899-9C27B0</styleUrl>
        <Point>
          <coordinates>
            -56.8984064,-37.1750539,0
          </coordinates>
        </Point>
      </Placemark>
      <Placemark>
        <name>Restaurante Griller Cariló</name>
        <description><![CDATA[Cuentan con opciones sin TACC según informa la web de Turismo de Pinamar<br>https://pinamar.tur.ar/comer/]]></description>
        <styleUrl>#icon-1899-9C27B0</styleUrl>
        <Point>
          <coordinates>
            -56.9016966,-37.1668198,0
          </coordinates>
        </Point>
      </Placemark>
      <Placemark>
        <name>Canela</name>
        <description><![CDATA[Cuentan con opciones sin TACC según informa la web de Turismo de Pinamar<br>https://pinamar.tur.ar/comer/]]></description>
        <styleUrl>#icon-1899-9C27B0</styleUrl>
        <Point>
          <coordinates>
            -56.8649567,-37.1121728,0
          </coordinates>
        </Point>
      </Placemark>
    </Folder>
    <Folder>
      <name>Villa Gesell - Mar Azul - Mar de las Pampas</name>
      <Placemark>
        <name>Alfajores Geselinos</name>
        <description><![CDATA[Cuentan con opciones sin TACC según informa la web de Turismo de Villa Gesell<br>https://www.gesell.tur.ar/gourmet]]></description>
        <styleUrl>#icon-1899-9C27B0</styleUrl>
        <Point>
          <coordinates>
            -56.9702527,-37.2583792,0
          </coordinates>
        </Point>
      </Placemark>
      <Placemark>
        <name>Balneario Noctiluca</name>
        <description><![CDATA[-Tipo de comercio: Restaurante / Cafetería / Bar<br><br>-Modalidad: Salón<br><br>-Tipo de producto: Elaboración propia<br><br>-Materia prima: Certificada sin gluten<br><br>-Cocina: Cocina mixta con cuidados en contaminación cruzada<br><br>-Horarios de atención (Del 01/12 al 31/12):<br>Lunes - 9 a 19 horas<br>Martes - 9 a 19 horas<br>Miércoles - 9 a 19 horas<br>Jueves - 9 a 19 horas<br>Viernes - 9 a 19 horas<br>Sábado - 9 a 19 horas<br>Domingo - 9 a 19 horas<br><br>Instagram:  @balnearionoctiluca]]></description>
        <styleUrl>#icon-1577-FFEA00</styleUrl>
        <Point>
          <coordinates>
            -56.981245,-37.2775,0
          </coordinates>
        </Point>
      </Placemark>
      <Placemark>
        <name>Balneario Austral</name>
        <description><![CDATA[-Tipo de comercio: Restaurante<br><br>-Modalidad: Salón<br><br>-Tipo de producto: Elaboración propia<br><br>-Materia prima: Certificada sin gluten<br><br>-Cocina: Cocina mixta con cuidados en contaminación cruzada<br><br>-Horarios de atención:<br>Todos los días ]]></description>
        <styleUrl>#icon-1577-FFEA00</styleUrl>
        <Point>
          <coordinates>
            -56.9578218,-37.2488401,0
          </coordinates>
        </Point>
      </Placemark>
      <Placemark>
        <name>Kalia by Gesell gluten free</name>
        <description><![CDATA[-Tipo de comercio: Rotisería / Panadería<br><br>-Modalidad: Delivery propio<br><br>-Tipo de producto: Elaboración propia<br><br>-Materia prima: Certificada sin gluten<br><br>-Cocina: Cocina 100% libre de gluten<br><br>-Horarios de atención (en verano):<br>Lunes - 9 a 20.30 horas<br>Martes - 9 a 20.30 horas<br>Miércoles - 9 a 20.30 horas<br>Jueves - 9 a 20.30 horas<br>Viernes - 9 a 20.30 horas<br>Sábado - 9 a 20.30 horas<br>Domingo - 9 a 20.30 horas<br><br>Instagram: @Gesellglutenfree ]]></description>
        <styleUrl>#icon-1578-E65100</styleUrl>
        <Point>
          <coordinates>
            -56.9772251,-37.2549203,0
          </coordinates>
        </Point>
      </Placemark>
      <Placemark>
        <name>Ohana - Sin gluten</name>
        <description><![CDATA[-Tipo de comercio: Sandwichería / Panadería /  Pastelería / Fábrica de pastas <br><br>-Modalidad: Take away / Envío por mensajería no propia<br><br>-Tipo de producto: Elaboración propia<br><br>-Materia prima: Certificada sin gluten<br><br>-Cocina: Cocina 100% libre de gluten<br><br>Comentario del lugar: "Las opciones que tienen el simbolo sin tacc, son 100% libre de gluten". <br><br>-Horarios de atención:<br>Temporada alta <br>Lunes - 9.30 a 13 y 16 a 20.30 horas<br>Martes - 9.30 a 13 y 16 a 20.30 horas<br>Miércoles - 9.30 a 13 y 16 a 20.30 horas<br>Jueves - 9.30 a 13 y 16 a 20.30 horas<br>Viernes - 9.30 a 13 y 16 a 20.30 horas<br>Sábado - 9.30 a 13 y 16 a 20.30 horas<br>Domingo - 16 a 20.30 horas<br><br>Temporada baja <br>Trabajamos por pedido por el momento<br><br>Facebook: OhanaProductosSinGluten]]></description>
        <styleUrl>#icon-1578-E65100</styleUrl>
        <Point>
          <coordinates>
            -56.9877455,-37.2713786,0
          </coordinates>
        </Point>
      </Placemark>
      <Placemark>
        <name><![CDATA[Palapa resto & lounge]]></name>
        <description><![CDATA[-Tipo de comercio: Restaurante / Sandwichería / Cafetería / Panadería / Pastelería<br><br>-Modalidad: Salón / Take away<br><br>-Tipo de producto: Elaboración propia<br><br>-Materia prima: Certificada sin gluten<br><br>-Cocina: Cocina 100% libre de gluten<br><br>-Horarios de atención:<br>Lunes - 12 a 15.30 y 20 a 23.30 horas<br>Martes - 12 a 15.30 y 20 a 23.30 horas<br>Miércoles - 12 a 15.30 y 20 a 23.30 horas<br>Jueves - 12 a 15.30 y 20 a 23.30 horas<br>Viernes - 12 a 15.30 y 20 a 23.30 horas<br>Sábado - 12 a 15.30 y 20 a 23.30 horas<br>Domingo - 12 a 15.30 y 20 a 23.30 horas<br><br>Página web y/o redes sociales: palapa.turi.com.ar/menu ]]></description>
        <styleUrl>#icon-1577-FFEA00</styleUrl>
        <Point>
          <coordinates>
            -57.0253181,-37.3373451,0
          </coordinates>
        </Point>
      </Placemark>
      <Placemark>
        <name>Restaurant Chiquitín</name>
        <description><![CDATA[En Chiquitín restaurant o Saboreando Rotisería, podrás disfrutar de todo nuestro menú, es apto para celíacos. 👌<br>‼️ Excepto las PASTAS 🍝🚫‼️.<br><br>👩‍🍳Podrás disfrutar de nuestras exquisitas rabas, papas fritas, tortillas, pescados, mariscos, carnes, salsas especiales, y ensaladas especiales! <br><br>🔴IMPORTANTE! Tenés que avisar al mozo que atiende tu mesa que un plato o todo el servicio tiene que ser apto celíacos. Nuestro personal de salón y cocina esta capacitado para la manipulación de dichos platos, desde la elaboración hasta la mesa.]]></description>
        <styleUrl>#icon-1577-FFEA00</styleUrl>
        <Point>
          <coordinates>
            -56.9928149,-37.2850665,0
          </coordinates>
        </Point>
      </Placemark>
      <Placemark>
        <name>Bacara Restó - Bar</name>
        <description><![CDATA[Cuentan con opciones sin TACC según informa la web de Turismo de Villa Gesell<br>https://www.gesell.tur.ar/gourmet]]></description>
        <styleUrl>#icon-1899-9C27B0</styleUrl>
        <Point>
          <coordinates>
            -56.9701549,-37.2588244,0
          </coordinates>
        </Point>
      </Placemark>
      <Placemark>
        <name>Heladería Aconcagua</name>
        <description><![CDATA[Cuentan con opciones sin TACC según informa la web de Turismo de Villa Gesell<br>https://www.gesell.tur.ar/gourmet]]></description>
        <styleUrl>#icon-1899-9C27B0</styleUrl>
        <Point>
          <coordinates>
            -56.9835656,-37.2754809,0
          </coordinates>
        </Point>
      </Placemark>
      <Placemark>
        <name>Amigos</name>
        <description><![CDATA[Cuentan con opciones sin TACC según informa la web de Turismo de Villa Gesell<br>https://www.gesell.tur.ar/gourmet]]></description>
        <styleUrl>#icon-1899-9C27B0</styleUrl>
        <Point>
          <coordinates>
            -56.9684874,-37.256284,0
          </coordinates>
        </Point>
      </Placemark>
      <Placemark>
        <name>Alfajores Amalfi</name>
        <description><![CDATA[Cuentan con opciones sin TACC según informa la web de Turismo de Villa Gesell<br>https://www.gesell.tur.ar/gourmet]]></description>
        <styleUrl>#icon-1899-9C27B0</styleUrl>
        <Point>
          <coordinates>
            -56.9712322,-37.2603975,0
          </coordinates>
        </Point>
      </Placemark>
      <Placemark>
        <name><![CDATA[2D Cafe | Cakes & Brunch]]></name>
        <description><![CDATA[Cuentan con opciones sin TACC según informa la web de Turismo de Villa Gesell<br>https://www.gesell.tur.ar/gourmet]]></description>
        <styleUrl>#icon-1899-9C27B0</styleUrl>
        <Point>
          <coordinates>
            -56.9674317,-37.254258,0
          </coordinates>
        </Point>
      </Placemark>
      <Placemark>
        <name>Antares Mar de Las Pampas</name>
        <description><![CDATA[Cuentan con opciones sin TACC según informa la web de Turismo de Villa Gesell<br>https://www.gesell.tur.ar/gourmet]]></description>
        <styleUrl>#icon-1899-9C27B0</styleUrl>
        <Point>
          <coordinates>
            -57.0234141,-37.327821,0
          </coordinates>
        </Point>
      </Placemark>
      <Placemark>
        <name>AXION energy</name>
        <description><![CDATA[Cuentan con opciones sin TACC según informa la web de Turismo de Villa Gesell<br>https://www.gesell.tur.ar/gourmet]]></description>
        <styleUrl>#icon-1899-9C27B0</styleUrl>
        <Point>
          <coordinates>
            -56.9784757,-37.2541354,0
          </coordinates>
        </Point>
      </Placemark>
      <Placemark>
        <name>Balneario Áfrika</name>
        <description><![CDATA[Cuentan con opciones sin TACC según informa la web de Turismo de Villa Gesell<br>https://www.gesell.tur.ar/gourmet]]></description>
        <styleUrl>#icon-1899-9C27B0</styleUrl>
        <Point>
          <coordinates>
            -56.9798052,-37.2760109,0
          </coordinates>
        </Point>
      </Placemark>
      <Placemark>
        <name><![CDATA[Casa Nuez - Mar Azul & Mar de las Pampas]]></name>
        <description><![CDATA[Cuentan con opciones sin TACC según informa la web de Turismo de Villa Gesell<br>https://www.gesell.tur.ar/gourmet]]></description>
        <styleUrl>#icon-1899-9C27B0</styleUrl>
        <Point>
          <coordinates>
            -57.0323054,-37.3401586,0
          </coordinates>
        </Point>
      </Placemark>
      <Placemark>
        <name><![CDATA[Colonial Helados & cafe]]></name>
        <description><![CDATA[Cuentan con opciones sin TACC según informa la web de Turismo de Villa Gesell<br>https://www.gesell.tur.ar/gourmet]]></description>
        <styleUrl>#icon-1899-9C27B0</styleUrl>
        <Point>
          <coordinates>
            -57.0232499,-37.3261054,0
          </coordinates>
        </Point>
      </Placemark>
      <Placemark>
        <name>Shell</name>
        <description><![CDATA[Cuentan con opciones sin TACC según informa la web de Turismo de Villa Gesell<br>https://www.gesell.tur.ar/gourmet]]></description>
        <styleUrl>#icon-1899-9C27B0</styleUrl>
        <Point>
          <coordinates>
            -56.972061,-37.24423,0
          </coordinates>
        </Point>
      </Placemark>
      <Placemark>
        <name>Restaurant el Náutico</name>
        <description><![CDATA[Cuentan con opciones sin TACC según informa la web de Turismo de Villa Gesell<br>https://www.gesell.tur.ar/gourmet]]></description>
        <styleUrl>#icon-1899-9C27B0</styleUrl>
        <Point>
          <coordinates>
            -56.9629109,-37.2554648,0
          </coordinates>
        </Point>
      </Placemark>
      <Placemark>
        <name>El Rey De la Medialuna</name>
        <description><![CDATA[Cuentan con opciones sin TACC según informa la web de Turismo de Villa Gesell<br>https://www.gesell.tur.ar/gourmet]]></description>
        <styleUrl>#icon-1899-9C27B0</styleUrl>
        <Point>
          <coordinates>
            -56.9827852,-37.2726394,0
          </coordinates>
        </Point>
      </Placemark>
      <Placemark>
        <name>El Viejo Hobbit</name>
        <description><![CDATA[Cuentan con opciones sin TACC según informa la web de Turismo de Villa Gesell<br>https://www.gesell.tur.ar/gourmet]]></description>
        <styleUrl>#icon-1899-9C27B0</styleUrl>
        <Point>
          <coordinates>
            -56.9801814,-37.2610546,0
          </coordinates>
        </Point>
      </Placemark>
      <Placemark>
        <name>Floop</name>
        <description><![CDATA[Cuentan con opciones sin TACC según informa la web de Turismo de Villa Gesell<br>https://www.gesell.tur.ar/gourmet]]></description>
        <styleUrl>#icon-1899-9C27B0</styleUrl>
        <Point>
          <coordinates>
            -56.9687676,-37.2568927,0
          </coordinates>
        </Point>
      </Placemark>
      <Placemark>
        <name>Fredda Club</name>
        <description><![CDATA[Cuentan con opciones sin TACC según informa la web de Turismo de Villa Gesell<br>https://www.gesell.tur.ar/gourmet]]></description>
        <styleUrl>#icon-1899-9C27B0</styleUrl>
        <Point>
          <coordinates>
            -56.9824375,-37.2789051,0
          </coordinates>
        </Point>
      </Placemark>
      <Placemark>
        <name>Alfajores Geselinos</name>
        <description><![CDATA[Cuentan con opciones sin TACC según informa la web de Turismo de Villa Gesell<br>https://www.gesell.tur.ar/gourmet]]></description>
        <styleUrl>#icon-1899-9C27B0</styleUrl>
        <Point>
          <coordinates>
            -56.9702527,-37.2583792,0
          </coordinates>
        </Point>
      </Placemark>
      <Placemark>
        <name>Grido</name>
        <description><![CDATA[Cuentan con opciones sin TACC según informa la web de Turismo de Villa Gesell<br>https://www.gesell.tur.ar/gourmet]]></description>
        <styleUrl>#icon-1899-9C27B0</styleUrl>
        <Point>
          <coordinates>
            -56.9678957,-37.2555806,0
          </coordinates>
        </Point>
      </Placemark>
      <Placemark>
        <name>Havanna</name>
        <description><![CDATA[Cuentan con opciones sin TACC según informa la web de Turismo de Villa Gesell<br>https://www.gesell.tur.ar/gourmet]]></description>
        <styleUrl>#icon-1899-9C27B0</styleUrl>
        <Point>
          <coordinates>
            -56.9712905,-37.2599342,0
          </coordinates>
        </Point>
      </Placemark>
      <Placemark>
        <name>Havanna</name>
        <description><![CDATA[Cuentan con opciones sin TACC según informa la web de Turismo de Villa Gesell<br>https://www.gesell.tur.ar/gourmet]]></description>
        <styleUrl>#icon-1899-9C27B0</styleUrl>
        <Point>
          <coordinates>
            -56.9712905,-37.2599342,0
          </coordinates>
        </Point>
      </Placemark>
      <Placemark>
        <name>Il Bambino Pasta</name>
        <description><![CDATA[Cuentan con opciones sin TACC según informa la web de Turismo de Villa Gesell<br>https://www.gesell.tur.ar/gourmet]]></description>
        <styleUrl>#icon-1899-9C27B0</styleUrl>
        <Point>
          <coordinates>
            -56.9854904,-37.2775139,0
          </coordinates>
        </Point>
      </Placemark>
      <Placemark>
        <name>Parador Koh Tao</name>
        <description><![CDATA[Cuentan con opciones sin TACC según informa la web de Turismo de Villa Gesell<br>https://www.gesell.tur.ar/gourmet]]></description>
        <styleUrl>#icon-1899-9C27B0</styleUrl>
        <Point>
          <coordinates>
            -56.9884222,-37.2857457,0
          </coordinates>
        </Point>
      </Placemark>
      <Placemark>
        <name>La Canasta</name>
        <description><![CDATA[Cuentan con opciones sin TACC según informa la web de Turismo de Villa Gesell<br>https://www.gesell.tur.ar/gourmet]]></description>
        <styleUrl>#icon-1899-9C27B0</styleUrl>
        <Point>
          <coordinates>
            -56.9679322,-37.2550572,0
          </coordinates>
        </Point>
      </Placemark>
      <Placemark>
        <name>La Cocina del Colo</name>
        <description><![CDATA[Cuentan con opciones sin TACC según informa la web de Turismo de Villa Gesell<br>https://www.gesell.tur.ar/gourmet]]></description>
        <styleUrl>#icon-1899-9C27B0</styleUrl>
        <Point>
          <coordinates>
            -57.0244659,-37.3260131,0
          </coordinates>
        </Point>
      </Placemark>
      <Placemark>
        <name>La Estación - Mar de las Pampas</name>
        <description><![CDATA[Cuentan con opciones sin TACC según informa la web de Turismo de Villa Gesell<br>https://www.gesell.tur.ar/gourmet]]></description>
        <styleUrl>#icon-1899-9C27B0</styleUrl>
        <Point>
          <coordinates>
            -57.0232539,-37.3272414,0
          </coordinates>
        </Point>
      </Placemark>
      <Placemark>
        <name>La Neveria</name>
        <description><![CDATA[Cuentan con opciones sin TACC según informa la web de Turismo de Villa Gesell<br>https://www.gesell.tur.ar/gourmet]]></description>
        <styleUrl>#icon-1899-9C27B0</styleUrl>
        <Point>
          <coordinates>
            -57.0240626,-37.3253394,0
          </coordinates>
        </Point>
      </Placemark>
      <Placemark>
        <name>La Van Dulces Tentaciones</name>
        <description><![CDATA[Cuentan con opciones sin TACC según informa la web de Turismo de Villa Gesell<br>https://www.gesell.tur.ar/gourmet]]></description>
        <styleUrl>#icon-1899-9C27B0</styleUrl>
        <Point>
          <coordinates>
            -56.9685168,-37.2556675,0
          </coordinates>
        </Point>
      </Placemark>
      <Placemark>
        <name>Las Cortaderas mar de las pampas</name>
        <description><![CDATA[-Tipo de comercio: Restaurante / Cafetería / Panadería / Pastelería<br><br>-Modalidad: Salón / Take away<br><br>-Tipo de producto: No son de elaboración propia <br><br>-Cocina: Cocina mixta con cuidados en contaminación cruzada<br><br>-Nivel de cuidados: Se sirve cerrado como lo envía el proveedor<br><br>-Horarios de atención:<br>Lunes - 8.30 a 20.30 horas<br>Martes - 8.30 a 20.30 horas<br>Miércoles - 8.30 a 20.30 horas<br>Jueves - 8.30 a 20.30 horas<br>Viernes - 8.30 a 20.30 horas<br>Sábado - 8.30 a 20.30 horas<br>Domingo - 8.30 a 20.30 horas<br><br>Instagram: @lascortaderaspampas ]]></description>
        <styleUrl>#icon-1577-FFEA00</styleUrl>
        <Point>
          <coordinates>
            -57.0205865,-37.3279092,0
          </coordinates>
        </Point>
      </Placemark>
      <Placemark>
        <name>Lo de Carlitos</name>
        <description><![CDATA[Cuentan con opciones sin TACC según informa la web de Turismo de Villa Gesell<br>https://www.gesell.tur.ar/gourmet]]></description>
        <styleUrl>#icon-1899-9C27B0</styleUrl>
        <Point>
          <coordinates>
            -56.9673233,-37.2563057,0
          </coordinates>
        </Point>
      </Placemark>
      <Placemark>
        <name>Luigi Restaurante</name>
        <description><![CDATA[Cuentan con opciones sin TACC según informa la web de Turismo de Villa Gesell<br>https://www.gesell.tur.ar/gourmet]]></description>
        <styleUrl>#icon-1899-9C27B0</styleUrl>
        <Point>
          <coordinates>
            -57.0221328,-37.3274917,0
          </coordinates>
        </Point>
      </Placemark>
      <Placemark>
        <name>Lupe Beach Villa Gesell</name>
        <description><![CDATA[Cuentan con opciones sin TACC según informa la web de Turismo de Villa Gesell<br>https://www.gesell.tur.ar/gourmet]]></description>
        <styleUrl>#icon-1899-9C27B0</styleUrl>
        <Point>
          <coordinates>
            -56.9731356,-37.2684553,0
          </coordinates>
        </Point>
      </Placemark>
      <Placemark>
        <name>Luz De Luna</name>
        <description><![CDATA[Cuentan con opciones sin TACC según informa la web de Turismo de Villa Gesell<br>https://www.gesell.tur.ar/gourmet]]></description>
        <styleUrl>#icon-1899-9C27B0</styleUrl>
        <Point>
          <coordinates>
            -56.9624398,-37.2541638,0
          </coordinates>
        </Point>
      </Placemark>
      <Placemark>
        <name>Mandukas Waffles Café Helados Alfajores</name>
        <description><![CDATA[Cuentan con opciones sin TACC según informa la web de Turismo de Villa Gesell<br>https://www.gesell.tur.ar/gourmet]]></description>
        <styleUrl>#icon-1899-9C27B0</styleUrl>
        <Point>
          <coordinates>
            -56.9911725,-37.2836352,0
          </coordinates>
        </Point>
      </Placemark>
      <Placemark>
        <name><![CDATA[McDonald's]]></name>
        <description><![CDATA[Cuentan con opciones sin TACC según informa la web de Turismo de Villa Gesell<br>https://www.gesell.tur.ar/gourmet]]></description>
        <styleUrl>#icon-1899-9C27B0</styleUrl>
        <Point>
          <coordinates>
            -56.9690865,-37.2564279,0
          </coordinates>
        </Point>
      </Placemark>
      <Placemark>
        <name>OLIVIA RESTÓ</name>
        <description><![CDATA[Cuentan con opciones sin TACC según informa la web de Turismo de Villa Gesell<br>https://www.gesell.tur.ar/gourmet]]></description>
        <styleUrl>#icon-1899-9C27B0</styleUrl>
        <Point>
          <coordinates>
            -56.9732142,-37.2623019,0
          </coordinates>
        </Point>
      </Placemark>
      <Placemark>
        <name>Paladares</name>
        <description><![CDATA[Cuentan con opciones sin TACC según informa la web de Turismo de Villa Gesell<br>https://www.gesell.tur.ar/gourmet]]></description>
        <styleUrl>#icon-1899-9C27B0</styleUrl>
        <Point>
          <coordinates>
            -57.0251957,-37.3266742,0
          </coordinates>
        </Point>
      </Placemark>
      <Placemark>
        <name>Balneario Dack beach house</name>
        <description><![CDATA[Cuentan con opciones sin TACC según informa la web de Turismo de Villa Gesell<br>https://www.gesell.tur.ar/gourmet]]></description>
        <styleUrl>#icon-1899-9C27B0</styleUrl>
        <Point>
          <coordinates>
            -56.9852194,-37.282511,0
          </coordinates>
        </Point>
      </Placemark>
      <Placemark>
        <name>Balneario Peter</name>
        <description><![CDATA[Cuentan con opciones sin TACC según informa la web de Turismo de Villa Gesell<br>https://www.gesell.tur.ar/gourmet]]></description>
        <styleUrl>#icon-1899-9C27B0</styleUrl>
        <Point>
          <coordinates>
            -56.9770664,-37.2729487,0
          </coordinates>
        </Point>
      </Placemark>
      <Placemark>
        <name>Playa 13 al Sur</name>
        <description><![CDATA[Cuentan con opciones sin TACC según informa la web de Turismo de Villa Gesell<br>https://www.gesell.tur.ar/gourmet]]></description>
        <styleUrl>#icon-1899-9C27B0</styleUrl>
        <Point>
          <coordinates>
            -56.9897168,-37.2876129,0
          </coordinates>
        </Point>
      </Placemark>
      <Placemark>
        <name>Resto AMY</name>
        <description><![CDATA[Cuentan con opciones sin TACC según informa la web de Turismo de Villa Gesell<br>https://www.gesell.tur.ar/gourmet]]></description>
        <styleUrl>#icon-1899-9C27B0</styleUrl>
        <Point>
          <coordinates>
            -56.9666185,-37.2599316,0
          </coordinates>
        </Point>
      </Placemark>
      <Placemark>
        <name>Balneario Sunset</name>
        <description><![CDATA[Cuentan con opciones sin TACC según informa la web de Turismo de Villa Gesell<br>https://www.gesell.tur.ar/gourmet]]></description>
        <styleUrl>#icon-1899-9C27B0</styleUrl>
        <Point>
          <coordinates>
            -56.9914638,-37.28944,0
          </coordinates>
        </Point>
      </Placemark>
      <Placemark>
        <name>Casa De Té Viejos Tiempos</name>
        <description><![CDATA[Cuentan con opciones sin TACC según informa la web de Turismo de Villa Gesell<br>https://www.gesell.tur.ar/gourmet]]></description>
        <styleUrl>#icon-1899-9C27B0</styleUrl>
        <Point>
          <coordinates>
            -57.0216955,-37.3245698,0
          </coordinates>
        </Point>
      </Placemark>
    </Folder>
    <Folder>
      <name>Aguas verdes - Nueva Atlantis - Mar de Ajo - San Bernardo - La Lucila</name>
      <Placemark>
        <name>Via Rosas</name>
        <description><![CDATA[Se anuncia en sus redes sociales como "100% libre de gluten".]]></description>
        <styleUrl>#icon-1899-9C27B0</styleUrl>
        <Point>
          <coordinates>
            -56.6769331,-36.7139051,0
          </coordinates>
        </Point>
      </Placemark>
      <Placemark>
        <name>Elias Sotelo Gluten Free</name>
        <description><![CDATA[-Tipo de comercio: Restaurante / Despacho / Cafetería / Pastelería<br><br>-Modalidad: Salón / Take away / Delivery propio<br><br>-Tipo de producto: Elaboración propia<br><br>-Materia prima: Certificada sin gluten<br><br>-Cocina: Cocina 100% libre de gluten<br><br>-Horarios de atención:<br>Lunes - 8 a 20 horas<br>Martes - 8 a 20 horas<br>Miércoles - 8 a 20 horas<br>Jueves - 8 a 20 horas<br>Viernes - 8 a 20 horas<br>Sábado - 8 a 20 horas<br>Domingo - 8 a 20 horas<br><br>Instagram: @eliasglutenfree]]></description>
        <styleUrl>#icon-1577-FFEA00</styleUrl>
        <Point>
          <coordinates>
            -56.6733962,-36.7281222,0
          </coordinates>
        </Point>
      </Placemark>
      <Placemark>
        <name>Balneario Open Playa</name>
        <description><![CDATA[Bar.<br>Cuentan con opciones sin TACC según informa la Secretaría de Turismo de La Costa<br>https://lacosta.tur.ar/]]></description>
        <styleUrl>#icon-1899-9C27B0</styleUrl>
        <Point>
          <coordinates>
            -56.6821906,-36.6369156,0
          </coordinates>
        </Point>
      </Placemark>
      <Placemark>
        <name>Bar de Playa me quedo aquí</name>
        <description><![CDATA[Cervecería/Bar/Comidas rápidas.<br>Cuentan con opciones sin TACC según informa la Secretaría de Turismo de La Costa<br>https://lacosta.tur.ar/]]></description>
        <styleUrl>#icon-1899-9C27B0</styleUrl>
        <Point>
          <coordinates>
            -56.6834071,-36.6374988,0
          </coordinates>
        </Point>
      </Placemark>
      <Placemark>
        <name>La Morena</name>
        <description><![CDATA[Restaurant.<br>Cuentan con opciones sin TACC según informa la Secretaría de Turismo de La Costa<br>https://lacosta.tur.ar/]]></description>
        <styleUrl>#icon-1899-9C27B0</styleUrl>
        <Point>
          <coordinates>
            -56.6810923,-36.6590788,0
          </coordinates>
        </Point>
      </Placemark>
      <Placemark>
        <name>Chapo Restaurant ( SIN TACC )</name>
        <description><![CDATA[Restaurant.<br>Cuentan con opciones sin TACC según informa la Secretaría de Turismo de La Costa<br>https://lacosta.tur.ar/]]></description>
        <styleUrl>#icon-1899-9C27B0</styleUrl>
        <Point>
          <coordinates>
            -56.6807145,-36.6614198,0
          </coordinates>
        </Point>
      </Placemark>
      <Placemark>
        <name>Turnedó Restó</name>
        <description><![CDATA[Restaurant.<br>Cuentan con opciones sin TACC según informa la Secretaría de Turismo de La Costa<br>https://lacosta.tur.ar/]]></description>
        <styleUrl>#icon-1899-9C27B0</styleUrl>
        <Point>
          <coordinates>
            -56.6892309,-36.6515991,0
          </coordinates>
        </Point>
      </Placemark>
      <Placemark>
        <name>Amarras Cafe</name>
        <description><![CDATA[Café/Confiterías.<br>Cuentan con opciones sin TACC según informa la Secretaría de Turismo de La Costa<br>https://lacosta.tur.ar/]]></description>
        <styleUrl>#icon-1899-9C27B0</styleUrl>
        <Point>
          <coordinates>
            -56.6782198,-36.6877932,0
          </coordinates>
        </Point>
      </Placemark>
      <Placemark>
        <name>La Primavera Cafe</name>
        <description><![CDATA[Café/Confiterías.<br>Cuentan con opciones sin TACC según informa la Secretaría de Turismo de La Costa<br>https://lacosta.tur.ar/]]></description>
        <styleUrl>#icon-1899-9C27B0</styleUrl>
        <Point>
          <coordinates>
            -56.6849227,-36.6867412,0
          </coordinates>
        </Point>
      </Placemark>
      <Placemark>
        <name>Via Plaia il caffe</name>
        <description><![CDATA[Café/Confiterías.<br>Cuentan con opciones sin TACC según informa la Secretaría de Turismo de La Costa<br>https://lacosta.tur.ar/]]></description>
        <styleUrl>#icon-1899-9C27B0</styleUrl>
        <Point>
          <coordinates>
            -56.678049,-36.69124,0
          </coordinates>
        </Point>
      </Placemark>
      <Placemark>
        <name>MC Bar</name>
        <description><![CDATA[Bar.<br>Cuentan con opciones sin TACC según informa la Secretaría de Turismo de La Costa<br>https://lacosta.tur.ar/]]></description>
        <styleUrl>#icon-1899-9C27B0</styleUrl>
        <Point>
          <coordinates>
            -56.6782599,-36.6861894,0
          </coordinates>
        </Point>
      </Placemark>
      <Placemark>
        <name>Fika Bodegon</name>
        <description><![CDATA[Restaurant.<br>Cuentan con opciones sin TACC según informa la Secretaría de Turismo de La Costa<br>https://lacosta.tur.ar/]]></description>
        <styleUrl>#icon-1899-9C27B0</styleUrl>
        <Point>
          <coordinates>
            -56.6775105,-36.6984912,0
          </coordinates>
        </Point>
      </Placemark>
      <Placemark>
        <name>Shawarma Fast</name>
        <description><![CDATA[Restaurant.<br>Cuentan con opciones sin TACC según informa la Secretaría de Turismo de La Costa<br>https://lacosta.tur.ar/]]></description>
        <styleUrl>#icon-1899-9C27B0</styleUrl>
        <Point>
          <coordinates>
            -56.6778426,-36.6959923,0
          </coordinates>
        </Point>
      </Placemark>
      <Placemark>
        <name>El Gran Choripan</name>
        <description><![CDATA[Restaurant.<br>Cuentan con opciones sin TACC según informa la Secretaría de Turismo de La Costa<br>https://lacosta.tur.ar/]]></description>
        <styleUrl>#icon-1899-9C27B0</styleUrl>
        <Point>
          <coordinates>
            -56.6774788,-36.6949443,0
          </coordinates>
        </Point>
      </Placemark>
      <Placemark>
        <name>Restaurant El Quincho</name>
        <description><![CDATA[Restaurant.<br>Cuentan con opciones sin TACC según informa la Secretaría de Turismo de La Costa<br>https://lacosta.tur.ar/]]></description>
        <styleUrl>#icon-1899-9C27B0</styleUrl>
        <Point>
          <coordinates>
            -56.6806961,-36.6937444,0
          </coordinates>
        </Point>
      </Placemark>
      <Placemark>
        <name>La Gran Familia</name>
        <description><![CDATA[Restaurant.<br>Cuentan con opciones sin TACC según informa la Secretaría de Turismo de La Costa<br>https://lacosta.tur.ar/]]></description>
        <styleUrl>#icon-1899-9C27B0</styleUrl>
        <Point>
          <coordinates>
            -56.6805924,-36.6915638,0
          </coordinates>
        </Point>
      </Placemark>
      <Placemark>
        <name>Barbaros</name>
        <description><![CDATA[Restaurant.<br>Cuentan con opciones sin TACC según informa la Secretaría de Turismo de La Costa<br>https://lacosta.tur.ar/]]></description>
        <styleUrl>#icon-1899-9C27B0</styleUrl>
        <Point>
          <coordinates>
            -56.678284,-36.6864172,0
          </coordinates>
        </Point>
      </Placemark>
      <Placemark>
        <name>Littos Bar</name>
        <description><![CDATA[Restaurant.<br>Cuentan con opciones sin TACC según informa la Secretaría de Turismo de La Costa<br>https://lacosta.tur.ar/]]></description>
        <styleUrl>#icon-1899-9C27B0</styleUrl>
        <Point>
          <coordinates>
            -56.6779547,-36.6932878,0
          </coordinates>
        </Point>
      </Placemark>
      <Placemark>
        <name>Maverick Playa Club</name>
        <description><![CDATA[Restaurant.<br>Cuentan con opciones sin TACC según informa la Secretaría de Turismo de La Costa<br>https://lacosta.tur.ar/]]></description>
        <styleUrl>#icon-1899-9C27B0</styleUrl>
        <Point>
          <coordinates>
            -56.6767656,-36.6879045,0
          </coordinates>
        </Point>
      </Placemark>
      <Placemark>
        <name>Alfajores Aljomar</name>
        <description><![CDATA[Alfajorería.<br>Cuentan con opciones sin TACC según informa la Secretaría de Turismo de La Costa<br>https://lacosta.tur.ar/]]></description>
        <styleUrl>#icon-1899-9C27B0</styleUrl>
        <Point>
          <coordinates>
            -56.6777117,-36.6955954,0
          </coordinates>
        </Point>
      </Placemark>
      <Placemark>
        <name>Tienda de Alfajores</name>
        <description><![CDATA[Alfajorería.<br>Cuentan con opciones sin TACC según informa la Secretaría de Turismo de La Costa<br>https://lacosta.tur.ar/]]></description>
        <styleUrl>#icon-1899-9C27B0</styleUrl>
        <Point>
          <coordinates>
            -56.6780194,-36.6869788,0
          </coordinates>
        </Point>
      </Placemark>
      <Placemark>
        <name>Alfajores La Aldea San Bernardo</name>
        <description><![CDATA[Alfajorería.<br>Cuentan con opciones sin TACC según informa la Secretaría de Turismo de La Costa<br>https://lacosta.tur.ar/]]></description>
        <styleUrl>#icon-1899-9C27B0</styleUrl>
        <Point>
          <coordinates>
            -56.6779237,-36.6886825,0
          </coordinates>
        </Point>
      </Placemark>
      <Placemark>
        <name>Alfajores Esturión</name>
        <description><![CDATA[Alfajorería.<br>Cuentan con opciones sin TACC según informa la Secretaría de Turismo de La Costa<br>https://lacosta.tur.ar/]]></description>
        <styleUrl>#icon-1899-9C27B0</styleUrl>
        <Point>
          <coordinates>
            -56.675962,-36.7215047,0
          </coordinates>
        </Point>
      </Placemark>
      <Placemark>
        <name>La Casita de Azúcar - San Bernardo II</name>
        <description><![CDATA[Alfajorería.<br>Cuentan con opciones sin TACC según informa la Secretaría de Turismo de La Costa<br>https://lacosta.tur.ar/]]></description>
        <styleUrl>#icon-1899-9C27B0</styleUrl>
        <Point>
          <coordinates>
            -56.6779587,-36.6878506,0
          </coordinates>
        </Point>
      </Placemark>
      <Placemark>
        <name>Helados Fratelli Campioni</name>
        <description><![CDATA[Heladería.<br>Cuentan con opciones sin TACC según informa la Secretaría de Turismo de La Costa<br>https://lacosta.tur.ar/]]></description>
        <styleUrl>#icon-1899-9C27B0</styleUrl>
        <Point>
          <coordinates>
            -56.6777818,-36.6958294,0
          </coordinates>
        </Point>
      </Placemark>
      <Placemark>
        <name><![CDATA[Colonial Helados & cafe ]]></name>
        <description><![CDATA[Heladería.<br>Cuentan con opciones sin TACC según informa la Secretaría de Turismo de La Costa<br>https://lacosta.tur.ar/]]></description>
        <styleUrl>#icon-1899-9C27B0</styleUrl>
        <Point>
          <coordinates>
            -56.6780735,-36.690246,0
          </coordinates>
        </Point>
      </Placemark>
      <Placemark>
        <name>Grido Helado</name>
        <description><![CDATA[Heladería.<br>Cuentan con opciones sin TACC según informa la Secretaría de Turismo de La Costa<br>https://lacosta.tur.ar/]]></description>
        <styleUrl>#icon-1899-9C27B0</styleUrl>
        <Point>
          <coordinates>
            -56.6829381,-36.6862775,0
          </coordinates>
        </Point>
      </Placemark>
      <Placemark>
        <name>Azopardo . Café - Bar</name>
        <description><![CDATA[Cuentan con opciones sin TACC según informa la Secretaría de Turismo de La Costa<br>https://lacosta.tur.ar/]]></description>
        <styleUrl>#icon-1899-9C27B0</styleUrl>
        <Point>
          <coordinates>
            -56.6760681,-36.7260744,0
          </coordinates>
        </Point>
      </Placemark>
      <Placemark>
        <name>Restaurant-Parrilla San Rafael</name>
        <description><![CDATA[Restaurant.<br>Cuentan con opciones sin TACC según informa la Secretaría de Turismo de La Costa<br>https://lacosta.tur.ar/]]></description>
        <styleUrl>#icon-1899-9C27B0</styleUrl>
        <Point>
          <coordinates>
            -56.6828196,-36.7209548,0
          </coordinates>
        </Point>
      </Placemark>
      <Placemark>
        <name>De la abuela</name>
        <description><![CDATA[Restaurant.<br>Cuentan con opciones sin TACC según informa la Secretaría de Turismo de La Costa<br>https://lacosta.tur.ar/]]></description>
        <styleUrl>#icon-1899-9C27B0</styleUrl>
        <Point>
          <coordinates>
            -56.6758017,-36.7407176,0
          </coordinates>
        </Point>
      </Placemark>
      <Placemark>
        <name><![CDATA[Casa Vieja - Arte & Cocina -]]></name>
        <description><![CDATA[Restaurant.<br>Cuentan con opciones sin TACC según informa la Secretaría de Turismo de La Costa<br>https://lacosta.tur.ar/]]></description>
        <styleUrl>#icon-1899-9C27B0</styleUrl>
        <Point>
          <coordinates>
            -56.6761155,-36.7220352,0
          </coordinates>
        </Point>
      </Placemark>
      <Placemark>
        <name>Pastelería El Sauce Gluten Free</name>
        <description><![CDATA[Panadería.<br>Cuentan con opciones sin TACC según informa la Secretaría de Turismo de La Costa<br>https://lacosta.tur.ar/]]></description>
        <styleUrl>#icon-1899-9C27B0</styleUrl>
        <Point>
          <coordinates>
            -56.6825011,-36.7229521,0
          </coordinates>
        </Point>
      </Placemark>
      <Placemark>
        <name>Buen apetito</name>
        <description><![CDATA[Cuentan con opciones sin TACC según informa la Secretaría de Turismo de La Costa<br>https://lacosta.tur.ar/]]></description>
        <styleUrl>#icon-1899-9C27B0</styleUrl>
        <Point>
          <coordinates>
            -56.6936193,-36.7631453,0
          </coordinates>
        </Point>
      </Placemark>
      <Placemark>
        <name>Ohio burgers</name>
        <description><![CDATA[Anuncian en sus redes sociales que tienen "amplio menú sin TACC".]]></description>
        <styleUrl>#icon-1899-9C27B0</styleUrl>
        <Point>
          <coordinates>
            -56.6833493,-36.7214486,0
          </coordinates>
        </Point>
      </Placemark>
    </Folder>
    <Folder>
      <name>Costa del Este - Mar del Tuyú - Sta. Teresita - Las Toninas - San Clemente</name>
      <Placemark>
        <name>Rancho Aparte</name>
        <description><![CDATA[Confitería.<br>Cuentan con opciones sin TACC según informa la Secretaría de Turismo de La Costa<br>https://lacosta.tur.ar/]]></description>
        <styleUrl>#icon-1899-9C27B0</styleUrl>
        <Point>
          <coordinates>
            -56.7191167,-36.3574861,0
          </coordinates>
        </Point>
      </Placemark>
      <Placemark>
        <name>Boulevar Tropicana</name>
        <description><![CDATA[Confitería.<br>Cuentan con opciones sin TACC según informa la Secretaría de Turismo de La Costa<br>https://lacosta.tur.ar/]]></description>
        <styleUrl>#icon-1899-9C27B0</styleUrl>
        <Point>
          <coordinates>
            -56.7187704,-36.3571246,0
          </coordinates>
        </Point>
      </Placemark>
      <Placemark>
        <name>Dulcinea Café-Panadería</name>
        <description><![CDATA[Confitería.<br>Cuentan con opciones sin TACC según informa la Secretaría de Turismo de La Costa<br>https://lacosta.tur.ar/]]></description>
        <styleUrl>#icon-1899-9C27B0</styleUrl>
        <Point>
          <coordinates>
            -56.7202406,-36.3641041,0
          </coordinates>
        </Point>
      </Placemark>
      <Placemark>
        <name>Maui Café</name>
        <description><![CDATA[Confitería.<br>Cuentan con opciones sin TACC según informa la Secretaría de Turismo de La Costa<br>https://lacosta.tur.ar/]]></description>
        <styleUrl>#icon-1899-9C27B0</styleUrl>
        <Point>
          <coordinates>
            -56.7203245,-36.3562063,0
          </coordinates>
        </Point>
      </Placemark>
      <Placemark>
        <name>La casa de los fiambres</name>
        <description><![CDATA[Bar/Cervecerías.<br>Cuentan con opciones sin TACC según informa la Secretaría de Turismo de La Costa<br>https://lacosta.tur.ar/]]></description>
        <styleUrl>#icon-1899-9C27B0</styleUrl>
        <Point>
          <coordinates>
            -56.7195239,-36.3575599,0
          </coordinates>
        </Point>
      </Placemark>
      <Placemark>
        <name>Balder - Beer and food</name>
        <description><![CDATA[Bar/Cervecerías.<br>Cuentan con opciones sin TACC según informa la Secretaría de Turismo de La Costa<br>https://lacosta.tur.ar/]]></description>
        <styleUrl>#icon-1899-9C27B0</styleUrl>
        <Point>
          <coordinates>
            -56.7164579,-36.3625264,0
          </coordinates>
        </Point>
      </Placemark>
      <Placemark>
        <name>Kassel Beer House</name>
        <description><![CDATA[Bar/Cervecerías.<br>Cuentan con opciones sin TACC según informa la Secretaría de Turismo de La Costa<br>https://lacosta.tur.ar/]]></description>
        <styleUrl>#icon-1899-9C27B0</styleUrl>
        <Point>
          <coordinates>
            -56.7159394,-36.3690912,0
          </coordinates>
        </Point>
      </Placemark>
      <Placemark>
        <name>Viejo Skill Cervecería San Clemente</name>
        <description><![CDATA[Bar/Cervecerías.<br>Cuentan con opciones sin TACC según informa la Secretaría de Turismo de La Costa<br>https://lacosta.tur.ar/]]></description>
        <styleUrl>#icon-1899-9C27B0</styleUrl>
        <Point>
          <coordinates>
            -56.7210955,-36.356527,0
          </coordinates>
        </Point>
      </Placemark>
      <Placemark>
        <name>Mix Cantobar</name>
        <description><![CDATA[Bar/Cervecerías.<br>Cuentan con opciones sin TACC según informa la Secretaría de Turismo de La Costa<br>https://lacosta.tur.ar/]]></description>
        <styleUrl>#icon-1899-9C27B0</styleUrl>
        <Point>
          <coordinates>
            -56.7175928,-36.3599728,0
          </coordinates>
        </Point>
      </Placemark>
      <Placemark>
        <name>Che Resto Bar</name>
        <description><![CDATA[Bar/Cervecerías.<br>Cuentan con opciones sin TACC según informa la Secretaría de Turismo de La Costa<br>https://lacosta.tur.ar/]]></description>
        <styleUrl>#icon-1899-9C27B0</styleUrl>
        <Point>
          <coordinates>
            -56.7200939,-36.355316,0
          </coordinates>
        </Point>
      </Placemark>
      <Placemark>
        <name>Venecost</name>
        <description><![CDATA[Restaurant.<br>Cuentan con opciones sin TACC según informa la Secretaría de Turismo de La Costa<br>https://lacosta.tur.ar/]]></description>
        <styleUrl>#icon-1899-9C27B0</styleUrl>
        <Point>
          <coordinates>
            -56.7180855,-36.3763804,0
          </coordinates>
        </Point>
      </Placemark>
      <Placemark>
        <name>Gu-gu-pa</name>
        <description><![CDATA[Restaurant.<br>Cuentan con opciones sin TACC según informa la Secretaría de Turismo de La Costa<br>https://lacosta.tur.ar/]]></description>
        <styleUrl>#icon-1899-9C27B0</styleUrl>
        <Point>
          <coordinates>
            -56.7166311,-36.361465,0
          </coordinates>
        </Point>
      </Placemark>
      <Placemark>
        <name>Positano Resto Bar</name>
        <description><![CDATA[Restaurant.<br>Cuentan con opciones sin TACC según informa la Secretaría de Turismo de La Costa<br>https://lacosta.tur.ar/]]></description>
        <styleUrl>#icon-1899-9C27B0</styleUrl>
        <Point>
          <coordinates>
            -56.7157936,-36.3621292,0
          </coordinates>
        </Point>
      </Placemark>
      <Placemark>
        <name>Puerto Santa Barbara</name>
        <description><![CDATA[Restaurant.<br>Cuentan con opciones sin TACC según informa la Secretaría de Turismo de La Costa<br>https://lacosta.tur.ar/]]></description>
        <styleUrl>#icon-1899-9C27B0</styleUrl>
        <Point>
          <coordinates>
            -56.7461713,-36.3416743,0
          </coordinates>
        </Point>
      </Placemark>
      <Placemark>
        <name>Restaurante Puerto Rico</name>
        <description><![CDATA[Restaurant.<br>Cuentan con opciones sin TACC según informa la Secretaría de Turismo de La Costa<br>https://lacosta.tur.ar/]]></description>
        <styleUrl>#icon-1899-9C27B0</styleUrl>
        <Point>
          <coordinates>
            -56.7467572,-36.3412289,0
          </coordinates>
        </Point>
      </Placemark>
      <Placemark>
        <name>Punta Ignacio</name>
        <description><![CDATA[Restaurant.<br>Cuentan con opciones sin TACC según informa la Secretaría de Turismo de La Costa<br>https://lacosta.tur.ar/]]></description>
        <styleUrl>#icon-1899-9C27B0</styleUrl>
        <Point>
          <coordinates>
            -56.7175979,-36.3556938,0
          </coordinates>
        </Point>
      </Placemark>
      <Placemark>
        <name>La Parrillita</name>
        <description><![CDATA[Restaurant.<br>Cuentan con opciones sin TACC según informa la Secretaría de Turismo de La Costa<br>https://lacosta.tur.ar/]]></description>
        <styleUrl>#icon-1899-9C27B0</styleUrl>
        <Point>
          <coordinates>
            -56.7183134,-36.358009,0
          </coordinates>
        </Point>
      </Placemark>
      <Placemark>
        <name>El Colonial</name>
        <description><![CDATA[Restaurant.<br>Cuentan con opciones sin TACC según informa la Secretaría de Turismo de La Costa<br>https://lacosta.tur.ar/]]></description>
        <styleUrl>#icon-1899-9C27B0</styleUrl>
        <Point>
          <coordinates>
            -56.7176965,-36.3599325,0
          </coordinates>
        </Point>
      </Placemark>
      <Placemark>
        <name>La Querencia Restaurant y Parrilla</name>
        <description><![CDATA[Restaurant.<br>Cuentan con opciones sin TACC según informa la Secretaría de Turismo de La Costa<br>https://lacosta.tur.ar/]]></description>
        <styleUrl>#icon-1899-9C27B0</styleUrl>
        <Point>
          <coordinates>
            -56.7166892,-36.361922,0
          </coordinates>
        </Point>
      </Placemark>
      <Placemark>
        <name>Gran Hotel Fontainebleau</name>
        <description><![CDATA[Restaurant.<br>Cuentan con opciones sin TACC según informa la Secretaría de Turismo de La Costa<br>https://lacosta.tur.ar/]]></description>
        <styleUrl>#icon-1899-9C27B0</styleUrl>
        <Point>
          <coordinates>
            -56.7167811,-36.3585683,0
          </coordinates>
        </Point>
      </Placemark>
      <Placemark>
        <name><![CDATA[L ' Original Saloon Resto]]></name>
        <description><![CDATA[Restaurant.<br>Cuentan con opciones sin TACC según informa la Secretaría de Turismo de La Costa<br>https://lacosta.tur.ar/]]></description>
        <styleUrl>#icon-1899-9C27B0</styleUrl>
        <Point>
          <coordinates>
            -56.7176415,-36.3599787,0
          </coordinates>
        </Point>
      </Placemark>
      <Placemark>
        <name>La Carreta</name>
        <description><![CDATA[Restaurant.<br>Cuentan con opciones sin TACC según informa la Secretaría de Turismo de La Costa<br>https://lacosta.tur.ar/]]></description>
        <styleUrl>#icon-1899-9C27B0</styleUrl>
        <Point>
          <coordinates>
            -56.7155461,-36.3610058,0
          </coordinates>
        </Point>
      </Placemark>
      <Placemark>
        <name>El rinconcito de meile</name>
        <description><![CDATA[Restaurant.<br>Cuentan con opciones sin TACC según informa la Secretaría de Turismo de La Costa<br>https://lacosta.tur.ar/]]></description>
        <styleUrl>#icon-1899-9C27B0</styleUrl>
        <Point>
          <coordinates>
            -56.7186674,-36.374563,0
          </coordinates>
        </Point>
      </Placemark>
      <Placemark>
        <name>Heladería Tentazione</name>
        <description><![CDATA[Cuentan con opciones sin TACC según informa la Secretaría de Turismo de La Costa<br>https://lacosta.tur.ar/]]></description>
        <styleUrl>#icon-1899-9C27B0</styleUrl>
        <Point>
          <coordinates>
            -56.7168127,-36.3610222,0
          </coordinates>
        </Point>
      </Placemark>
      <Placemark>
        <name>Ruta Dulce Alfajores</name>
        <description><![CDATA[Alfajorería.<br>Cuentan con opciones sin TACC según informa la Secretaría de Turismo de La Costa<br>https://lacosta.tur.ar/]]></description>
        <styleUrl>#icon-1899-9C27B0</styleUrl>
        <Point>
          <coordinates>
            -56.7179432,-36.3587484,0
          </coordinates>
        </Point>
      </Placemark>
      <Placemark>
        <name>Dino</name>
        <description><![CDATA[Restaurant/Pizzería.<br>Cuentan con opciones sin TACC según informa la Secretaría de Turismo de La Costa<br>https://lacosta.tur.ar]]></description>
        <styleUrl>#icon-1899-9C27B0</styleUrl>
        <Point>
          <coordinates>
            -56.6926412,-36.4976577,0
          </coordinates>
        </Point>
      </Placemark>
      <Placemark>
        <name>Pascual</name>
        <description><![CDATA[Restaurant/Pizzería.<br>Cuentan con opciones sin TACC según informa la Secretaría de Turismo de La Costa<br>https://lacosta.tur.ar]]></description>
        <styleUrl>#icon-1899-9C27B0</styleUrl>
        <Point>
          <coordinates>
            -56.6980258,-36.4876388,0
          </coordinates>
        </Point>
      </Placemark>
      <Placemark>
        <name>Havanna</name>
        <description><![CDATA[Café.<br>Cuentan con opciones sin TACC según informa la Secretaría de Turismo de La Costa<br>https://lacosta.tur.ar]]></description>
        <styleUrl>#icon-1899-9C27B0</styleUrl>
        <Point>
          <coordinates>
            -56.6897682,-36.5406559,0
          </coordinates>
        </Point>
      </Placemark>
      <Placemark>
        <name>Berraco Café Club</name>
        <description><![CDATA[Café.<br>Cuentan con opciones sin TACC según informa la Secretaría de Turismo de La Costa<br>https://lacosta.tur.ar]]></description>
        <styleUrl>#icon-1899-9C27B0</styleUrl>
        <Point>
          <coordinates>
            -56.6980731,-36.5344982,0
          </coordinates>
        </Point>
      </Placemark>
      <Placemark>
        <name>Café Martínez</name>
        <description><![CDATA[Café.<br>Cuentan con opciones sin TACC según informa la Secretaría de Turismo de La Costa<br>https://lacosta.tur.ar]]></description>
        <styleUrl>#icon-1899-9C27B0</styleUrl>
        <Point>
          <coordinates>
            -56.6892906,-36.5375868,0
          </coordinates>
        </Point>
      </Placemark>
      <Placemark>
        <name>Diyon</name>
        <description><![CDATA[Café.<br>Cuentan con opciones sin TACC según informa la Secretaría de Turismo de La Costa<br>https://lacosta.tur.ar]]></description>
        <styleUrl>#icon-1899-9C27B0</styleUrl>
        <Point>
          <coordinates>
            -56.6895728,-36.5375084,0
          </coordinates>
        </Point>
      </Placemark>
      <Placemark>
        <name>Dulce estilo</name>
        <description><![CDATA[Café.<br>Cuentan con opciones sin TACC según informa la Secretaría de Turismo de La Costa<br>https://lacosta.tur.ar]]></description>
        <styleUrl>#icon-1899-9C27B0</styleUrl>
        <Point>
          <coordinates>
            -56.7046348,-36.5269648,0
          </coordinates>
        </Point>
      </Placemark>
      <Placemark>
        <name>Panaderia La Cuca</name>
        <description><![CDATA[Café.<br>Cuentan con opciones sin TACC según informa la Secretaría de Turismo de La Costa<br>https://lacosta.tur.ar]]></description>
        <styleUrl>#icon-1899-9C27B0</styleUrl>
        <Point>
          <coordinates>
            -56.7034362,-36.5433694,0
          </coordinates>
        </Point>
      </Placemark>
      <Placemark>
        <name>La Martu</name>
        <description><![CDATA[Café.<br>Cuentan con opciones sin TACC según informa la Secretaría de Turismo de La Costa<br>https://lacosta.tur.ar]]></description>
        <styleUrl>#icon-1899-9C27B0</styleUrl>
        <Point>
          <coordinates>
            -56.69346,-36.5348897,0
          </coordinates>
        </Point>
      </Placemark>
      <Placemark>
        <name>Frida Beer</name>
        <description><![CDATA[Bar/Comidas rápidas/Picadas.<br>Cuentan con opciones sin TACC según informa la Secretaría de Turismo de La Costa<br>https://lacosta.tur.ar]]></description>
        <styleUrl>#icon-1899-9C27B0</styleUrl>
        <Point>
          <coordinates>
            -56.6920738,-36.5350112,0
          </coordinates>
        </Point>
      </Placemark>
      <Placemark>
        <name>Talú Resto Bar</name>
        <description><![CDATA[Bar/Comidas rápidas/Picadas.<br>Cuentan con opciones sin TACC según informa la Secretaría de Turismo de La Costa<br>https://lacosta.tur.ar]]></description>
        <styleUrl>#icon-1899-9C27B0</styleUrl>
        <Point>
          <coordinates>
            -56.7007522,-36.5271339,0
          </coordinates>
        </Point>
      </Placemark>
      <Placemark>
        <name>Chateau</name>
        <description><![CDATA[Bar/Comidas rápidas/Picadas.<br>Cuentan con opciones sin TACC según informa la Secretaría de Turismo de La Costa<br>https://lacosta.tur.ar]]></description>
        <styleUrl>#icon-1899-9C27B0</styleUrl>
        <Point>
          <coordinates>
            -56.6905971,-36.5725834,0
          </coordinates>
        </Point>
      </Placemark>
      <Placemark>
        <name>El Imperio Del Emperador</name>
        <description><![CDATA[Bar/Comidas rápidas/Picadas.<br>Cuentan con opciones sin TACC según informa la Secretaría de Turismo de La Costa<br>https://lacosta.tur.ar]]></description>
        <styleUrl>#icon-1899-9C27B0</styleUrl>
        <Point>
          <coordinates>
            -56.6889231,-36.5407145,0
          </coordinates>
        </Point>
      </Placemark>
      <Placemark>
        <name>El Farolito de la Costa</name>
        <description><![CDATA[Bar/Comidas rápidas/Picadas.<br>Cuentan con opciones sin TACC según informa la Secretaría de Turismo de La Costa<br>https://lacosta.tur.ar]]></description>
        <styleUrl>#icon-1899-9C27B0</styleUrl>
        <Point>
          <coordinates>
            -56.6928629,-36.5351682,0
          </coordinates>
        </Point>
      </Placemark>
      <Placemark>
        <name>Estilo Jagüel</name>
        <description><![CDATA[Bar/Comidas rápidas/Picadas.<br>Cuentan con opciones sin TACC según informa la Secretaría de Turismo de La Costa<br>https://lacosta.tur.ar]]></description>
        <styleUrl>#icon-1899-9C27B0</styleUrl>
        <Point>
          <coordinates>
            -56.6997089,-36.526552,0
          </coordinates>
        </Point>
      </Placemark>
      <Placemark>
        <name>Hoyo 14 Restaurante - Parrilla</name>
        <description><![CDATA[Bar/Comidas rápidas/Picadas.<br>Cuentan con opciones sin TACC según informa la Secretaría de Turismo de La Costa<br>https://lacosta.tur.ar]]></description>
        <styleUrl>#icon-1899-9C27B0</styleUrl>
        <Point>
          <coordinates>
            -56.6910159,-36.5366579,0
          </coordinates>
        </Point>
      </Placemark>
      <Placemark>
        <name>La Cueva</name>
        <description><![CDATA[Bar/Comidas rápidas/Picadas.<br>Cuentan con opciones sin TACC según informa la Secretaría de Turismo de La Costa<br>https://lacosta.tur.ar]]></description>
        <styleUrl>#icon-1899-9C27B0</styleUrl>
        <Point>
          <coordinates>
            -56.7061258,-36.53418,0
          </coordinates>
        </Point>
      </Placemark>
      <Placemark>
        <name>Parrilla San Miguel</name>
        <description><![CDATA[Bar/Comidas rápidas/Picadas.<br>Cuentan con opciones sin TACC según informa la Secretaría de Turismo de La Costa<br>https://lacosta.tur.ar]]></description>
        <styleUrl>#icon-1899-9C27B0</styleUrl>
        <Point>
          <coordinates>
            -56.6897281,-36.5382686,0
          </coordinates>
        </Point>
      </Placemark>
      <Placemark>
        <name>Bambocha Bowling Pizza Delivery</name>
        <description><![CDATA[Bar/Comidas rápidas/Picadas.<br>Cuentan con opciones sin TACC según informa la Secretaría de Turismo de La Costa<br>https://lacosta.tur.ar]]></description>
        <styleUrl>#icon-1899-9C27B0</styleUrl>
        <Point>
          <coordinates>
            -56.6895778,-36.5378666,0
          </coordinates>
        </Point>
      </Placemark>
      <Placemark>
        <name>Honorio Bar</name>
        <description><![CDATA[Bar/Comidas rápidas/Picadas.<br>Cuentan con opciones sin TACC según informa la Secretaría de Turismo de La Costa<br>https://lacosta.tur.ar]]></description>
        <styleUrl>#icon-1899-9C27B0</styleUrl>
        <Point>
          <coordinates>
            -56.68967,-36.5395656,0
          </coordinates>
        </Point>
      </Placemark>
      <Placemark>
        <name><![CDATA[Hipopotamo's La Pancheria]]></name>
        <description><![CDATA[Bar/Comidas rápidas/Picadas.<br>Cuentan con opciones sin TACC según informa la Secretaría de Turismo de La Costa<br>https://lacosta.tur.ar]]></description>
        <styleUrl>#icon-1899-9C27B0</styleUrl>
        <Point>
          <coordinates>
            -56.6897391,-36.5405017,0
          </coordinates>
        </Point>
      </Placemark>
      <Placemark>
        <name><![CDATA[Rotisería "Masticar"]]></name>
        <description><![CDATA[Comidas rápidas/Rotisería.<br>Cuentan con opciones sin TACC según informa la Secretaría de Turismo de La Costa<br>https://lacosta.tur.ar]]></description>
        <styleUrl>#icon-1899-9C27B0</styleUrl>
        <Point>
          <coordinates>
            -56.6911826,-36.5387096,0
          </coordinates>
        </Point>
      </Placemark>
      <Placemark>
        <name>Casa de comidas Herna fyh</name>
        <description><![CDATA[Comidas rápidas/Rotisería.<br>Cuentan con opciones sin TACC según informa la Secretaría de Turismo de La Costa<br>https://lacosta.tur.ar]]></description>
        <styleUrl>#icon-1899-9C27B0</styleUrl>
        <Point>
          <coordinates>
            -56.6950241,-36.5521811,0
          </coordinates>
        </Point>
      </Placemark>
      <Placemark>
        <name>Dulce Estilo</name>
        <description><![CDATA[Panadería.<br>Cuentan con opciones sin TACC según informa la Secretaría de Turismo de La Costa<br>https://lacosta.tur.ar]]></description>
        <styleUrl>#icon-1899-9C27B0</styleUrl>
        <Point>
          <coordinates>
            -56.7010412,-36.5267312,0
          </coordinates>
        </Point>
      </Placemark>
      <Placemark>
        <name>La Primavera Libre de Gluten</name>
        <description><![CDATA[Panadería.<br>Cuentan con opciones sin TACC según informa la Secretaría de Turismo de La Costa<br>https://lacosta.tur.ar]]></description>
        <styleUrl>#icon-1899-9C27B0</styleUrl>
        <Point>
          <coordinates>
            -56.6967162,-36.531915,0
          </coordinates>
        </Point>
      </Placemark>
      <Placemark>
        <name>Dolche - Alfajores y Chocolates</name>
        <description><![CDATA[Alfajorería.<br>Cuentan con opciones sin TACC según informa la Secretaría de Turismo de La Costa<br>https://lacosta.tur.ar]]></description>
        <styleUrl>#icon-1899-9C27B0</styleUrl>
        <Point>
          <coordinates>
            -56.6896615,-36.5401572,0
          </coordinates>
        </Point>
      </Placemark>
      <Placemark>
        <name>Alfajores Aljomar</name>
        <description><![CDATA[Alfajorería.<br>Cuentan con opciones sin TACC según informa la Secretaría de Turismo de La Costa<br>https://lacosta.tur.ar]]></description>
        <styleUrl>#icon-1899-9C27B0</styleUrl>
        <Point>
          <coordinates>
            -56.690139,-36.5411073,0
          </coordinates>
        </Point>
      </Placemark>
      <Placemark>
        <name>Heladerias Al-Pino</name>
        <description><![CDATA[Heladería.<br>Cuentan con opciones sin TACC según informa la Secretaría de Turismo de La Costa<br>https://lacosta.tur.ar]]></description>
        <styleUrl>#icon-1899-9C27B0</styleUrl>
        <Point>
          <coordinates>
            -56.6892312,-36.5354721,0
          </coordinates>
        </Point>
      </Placemark>
      <Placemark>
        <name>Cafetería Resto Bar Ninet</name>
        <description><![CDATA[Café/Comidas rápidas.<br>Cuentan con opciones sin TACC según informa la Secretaría de Turismo de La Costa<br>https://lacosta.tur.ar/]]></description>
        <styleUrl>#icon-1899-9C27B0</styleUrl>
        <Point>
          <coordinates>
            -56.6927988,-36.5592843,0
          </coordinates>
        </Point>
      </Placemark>
      <Placemark>
        <name>Parador Atalaya Mar del Tuyú</name>
        <description><![CDATA[Café/Comidas rápidas.<br>Cuentan con opciones sin TACC según informa la Secretaría de Turismo de La Costa<br>https://lacosta.tur.ar/]]></description>
        <styleUrl>#icon-1899-9C27B0</styleUrl>
        <Point>
          <coordinates>
            -56.7137107,-36.5815849,0
          </coordinates>
        </Point>
      </Placemark>
      <Placemark>
        <name>Havanna</name>
        <description><![CDATA[Café/Comidas rápidas.<br>Cuentan con opciones sin TACC según informa la Secretaría de Turismo de La Costa<br>https://lacosta.tur.ar/]]></description>
        <styleUrl>#icon-1899-9C27B0</styleUrl>
        <Point>
          <coordinates>
            -56.6907245,-36.5730652,0
          </coordinates>
        </Point>
      </Placemark>
      <Placemark>
        <name>Don Omar, La leyenda</name>
        <description><![CDATA[Restaurant.<br>Cuentan con opciones sin TACC según informa la Secretaría de Turismo de La Costa<br>https://lacosta.tur.ar/]]></description>
        <styleUrl>#icon-1899-9C27B0</styleUrl>
        <Point>
          <coordinates>
            -56.6910579,-36.5589156,0
          </coordinates>
        </Point>
      </Placemark>
      <Placemark>
        <name><![CDATA[Rulson's]]></name>
        <description><![CDATA[Restaurant.<br>Cuentan con opciones sin TACC según informa la Secretaría de Turismo de La Costa<br>https://lacosta.tur.ar/]]></description>
        <styleUrl>#icon-1899-9C27B0</styleUrl>
        <Point>
          <coordinates>
            -56.6898174,-36.5760207,0
          </coordinates>
        </Point>
      </Placemark>
      <Placemark>
        <name>Manjares costeros</name>
        <description><![CDATA[Restaurant.<br>Cuentan con opciones sin TACC según informa la Secretaría de Turismo de La Costa<br>https://lacosta.tur.ar/]]></description>
        <styleUrl>#icon-1899-9C27B0</styleUrl>
        <Point>
          <coordinates>
            -56.6904043,-36.5723156,0
          </coordinates>
        </Point>
      </Placemark>
      <Placemark>
        <name>Monte Molino</name>
        <description><![CDATA[Restaurant.<br>Cuentan con opciones sin TACC según informa la Secretaría de Turismo de La Costa<br>https://lacosta.tur.ar/]]></description>
        <styleUrl>#icon-1899-9C27B0</styleUrl>
        <Point>
          <coordinates>
            -56.7137354,-36.5822506,0
          </coordinates>
        </Point>
      </Placemark>
      <Placemark>
        <name><![CDATA[Puli's]]></name>
        <description><![CDATA[Restaurant.<br>Cuentan con opciones sin TACC según informa la Secretaría de Turismo de La Costa<br>https://lacosta.tur.ar/]]></description>
        <styleUrl>#icon-1899-9C27B0</styleUrl>
        <Point>
          <coordinates>
            -56.6901348,-36.5769909,0
          </coordinates>
        </Point>
      </Placemark>
      <Placemark>
        <name>Pizza Lean</name>
        <description><![CDATA[Restaurant.<br>Cuentan con opciones sin TACC según informa la Secretaría de Turismo de La Costa<br>https://lacosta.tur.ar/]]></description>
        <styleUrl>#icon-1899-9C27B0</styleUrl>
        <Point>
          <coordinates>
            -56.6899011,-36.58005,0
          </coordinates>
        </Point>
      </Placemark>
      <Placemark>
        <name>Babel</name>
        <description><![CDATA[Restaurant.<br>Cuentan con opciones sin TACC según informa la Secretaría de Turismo de La Costa<br>https://lacosta.tur.ar/]]></description>
        <styleUrl>#icon-1899-9C27B0</styleUrl>
        <Point>
          <coordinates>
            -56.6866537,-36.5766149,0
          </coordinates>
        </Point>
      </Placemark>
      <Placemark>
        <name>Cafetería Costa Dulce</name>
        <description><![CDATA[Confitería/Café.<br>Cuentan con opciones sin TACC según informa la Secretaría de Turismo de La Costa<br>https://lacosta.tur.ar/]]></description>
        <styleUrl>#icon-1899-9C27B0</styleUrl>
        <Point>
          <coordinates>
            -56.6883347,-36.6052479,0
          </coordinates>
        </Point>
      </Placemark>
      <Placemark>
        <name>Havanna</name>
        <description><![CDATA[Confitería/Café.<br>Cuentan con opciones sin TACC según informa la Secretaría de Turismo de La Costa<br>https://lacosta.tur.ar/]]></description>
        <styleUrl>#icon-1899-9C27B0</styleUrl>
        <Point>
          <coordinates>
            -56.6878918,-36.606714,0
          </coordinates>
        </Point>
      </Placemark>
      <Placemark>
        <name>Akimekedo</name>
        <description><![CDATA[Confitería/Café.<br>Cuentan con opciones sin TACC según informa la Secretaría de Turismo de La Costa<br>https://lacosta.tur.ar/]]></description>
        <styleUrl>#icon-1899-9C27B0</styleUrl>
        <Point>
          <coordinates>
            -56.68825,-36.606476,0
          </coordinates>
        </Point>
      </Placemark>
      <Placemark>
        <name>Sierra Dorada</name>
        <description><![CDATA[Restaurant.<br>Cuentan con opciones sin TACC según informa la Secretaría de Turismo de La Costa<br>https://lacosta.tur.ar/]]></description>
        <styleUrl>#icon-1899-9C27B0</styleUrl>
        <Point>
          <coordinates>
            -56.6915045,-36.6058877,0
          </coordinates>
        </Point>
      </Placemark>
      <Placemark>
        <name>Restaurante Noi</name>
        <description><![CDATA[Restaurant.<br>Cuentan con opciones sin TACC según informa la Secretaría de Turismo de La Costa<br>https://lacosta.tur.ar/]]></description>
        <styleUrl>#icon-1899-9C27B0</styleUrl>
        <Point>
          <coordinates>
            -56.6861459,-36.6085712,0
          </coordinates>
        </Point>
      </Placemark>
      <Placemark>
        <name>Heladeria Al-pino</name>
        <description><![CDATA[Heladería.<br>Cuentan con opciones sin TACC según informa la Secretaría de Turismo de La Costa<br>https://lacosta.tur.ar/]]></description>
        <styleUrl>#icon-1899-9C27B0</styleUrl>
        <Point>
          <coordinates>
            -56.6884574,-36.6092534,0
          </coordinates>
        </Point>
      </Placemark>
      <Placemark>
        <name>Frahel Heladería</name>
        <description><![CDATA[Heladería.<br>Cuentan con opciones sin TACC según informa la Secretaría de Turismo de La Costa<br>https://lacosta.tur.ar/]]></description>
        <styleUrl>#icon-1899-9C27B0</styleUrl>
        <Point>
          <coordinates>
            -56.6873707,-36.6065015,0
          </coordinates>
        </Point>
      </Placemark>
      <Placemark>
        <name>Che café resto bar</name>
        <description><![CDATA[Cuentan con opciones sin TACC según informa la Secretaría de Turismo de La Costa<br>https://lacosta.tur.ar/]]></description>
        <styleUrl>#icon-1899-9C27B0</styleUrl>
        <Point>
          <coordinates>
            -56.719543,-36.3563829,0
          </coordinates>
        </Point>
      </Placemark>
      <Placemark>
        <name>Sei tu</name>
        <description><![CDATA[Café/Heladería.<br>Cuentan con opciones sin TACC según informa la Secretaría de Turismo de La Costa<br>https://lacosta.tur.ar]]></description>
        <styleUrl>#icon-1899-9C27B0</styleUrl>
        <Point>
          <coordinates>
            -56.6972279,-36.4774802,0
          </coordinates>
        </Point>
      </Placemark>
      <Placemark>
        <name>KNS Burguer</name>
        <description><![CDATA[Cuentan con opciones sin TACC según informa la Secretaría de Turismo de La Costa<br>https://lacosta.tur.ar]]></description>
        <styleUrl>#icon-1899-9C27B0</styleUrl>
        <Point>
          <coordinates>
            -56.6907007,-36.5364732,0
          </coordinates>
        </Point>
      </Placemark>
      <Placemark>
        <name>Grido</name>
        <description><![CDATA[Heladería.<br>Cuentan con opciones sin TACC según informa la Secretaría de Turismo de La Costa<br>https://lacosta.tur.ar]]></description>
        <styleUrl>#icon-1899-9C27B0</styleUrl>
        <Point>
          <coordinates>
            -56.693956,-36.5348491,0
          </coordinates>
        </Point>
      </Placemark>
      <Placemark>
        <name>Cienfuegos</name>
        <description><![CDATA[Me contacté con el balneario y aclaran que: "No ofrecemos en carta opciones para celíacos por la contaminación cruzada. Lo que si hacemos es que si la persona nos avisa le indicamos que le podemos preparar de manera segura ese día según lo que haya disponible".]]></description>
        <styleUrl>#icon-1899-9C27B0</styleUrl>
        <Point>
          <coordinates>
            -56.6869602,-36.5809476,0
          </coordinates>
        </Point>
      </Placemark>
    </Folder>
    <Folder>
      <name>Santa Clara - Mar Chiquita</name>
      <Placemark>
        <name>Balcon De Los Santos</name>
        <description>Cuentan con opciones sin TACC según informa la Secretaría de Turismo de Santa Clara del Mar.</description>
        <styleUrl>#icon-1899-9C27B0</styleUrl>
        <Point>
          <coordinates>
            -57.5012465,-37.8416022,0
          </coordinates>
        </Point>
      </Placemark>
      <Placemark>
        <name>Mirador Beach Club-balneario spa</name>
        <styleUrl>#icon-1899-9C27B0-nodesc</styleUrl>
        <Point>
          <coordinates>
            -57.4936399,-37.8311057,0
          </coordinates>
        </Point>
      </Placemark>
      <Placemark>
        <name>La Martina</name>
        <styleUrl>#icon-1899-9C27B0-nodesc</styleUrl>
        <Point>
          <coordinates>
            -57.4968933,-37.8357892,0
          </coordinates>
        </Point>
      </Placemark>
    </Folder>
  </Document>
</kml>
